bytes_sent,bytes_recv,duration,dst_port,packets_sent,packets_recv,bytes_per_packet,upload_ratio
2310.1580694703025,11665.14339301532,7.750200594713087,443,67,345,33.97291278632798,0.1980224305191916
891.230906523267,11157.629884329754,2.1744163127717244,443,53,60,16.504276046727167,0.07986920578617247
2897.294956793182,1490.0057247630514,1.4903236264820177,80,67,176,42.60727877637032,1.9431816448951704
10770.26940912102,13424.876397544205,1.9804126142020597,53,91,255,117.06814575131543,0.8022023360121998
771.8343372285041,66121.12873077519,17.487116474659373,53,66,404,11.51991548102245,0.011672859783010428
771.853345165305,3257.293195661595,1.0608897119113778,80,64,229,11.874666848697,0.23688885524268496
11717.271434396347,106162.26203570905,8.217400014126834,443,67,147,172.31281521171098,0.11037030333954065
3467.3715021722373,45782.73031454586,27.983515582973464,443,81,298,42.28501831917362,0.07573370449175972
542.2832254294201,7322.082177926963,6.972666336673558,443,39,333,13.557080635735502,0.07405122764618914
2474.614896144696,17813.387208965243,28.81991774336703,80,38,239,63.45166400371016,0.13891103112990183
547.2323374510801,242191.18440993255,27.366498709843682,443,40,332,13.347130181733661,0.002259496270634559
545.3377729918892,66192.4521960057,5.642673403743165,80,19,433,27.26688864959446,0.008238545579660769
1576.4699338524504,22318.59535401664,26.099610225264417,443,83,399,18.76749921252917,0.07063165388295216
62.18287454727834,15420.838522941498,27.548804559783914,53,5,188,10.36381242454639,0.00403213108831189
82.48556028972531,24708.77210893859,10.131822892384166,53,69,324,1.1783651469960759,0.0033381756790823148
471.8063878212737,10222.583935735689,4.725094662424899,80,14,335,31.453759188084913,0.04614882518566837
240.02745664796714,937.1803516091285,14.732404006049544,443,91,209,2.6089940939996428,0.2558436192319333
1757.0138991650906,471307.8957033235,50.867057859948204,8080,49,411,35.140277983301814,0.003727945547353056
280.89021153813525,27805.454870649326,20.411743634353954,80,64,75,4.321387869817466,0.010101618953037576
131.8341176724755,40023.45345663066,3.7971374653504126,53,57,183,2.2730020288357844,0.0032938392979013974
9882.029191240226,20193.950840197605,22.961739999941635,53,35,87,274.5008108677841,0.4893316784693659
781.5940978024182,7312.385248565486,11.144478968174719,53,85,271,9.088303462818816,0.10687172509553318
1213.5343205287786,16665.78807040327,17.90667725057969,80,5,180,202.25572008812978,0.07281152885622647
129.39603247734925,2000.0107943620305,26.489994647017948,80,88,415,1.4538880053634748,0.06466533456087815
484.6494825266807,670399.9456506378,14.469956807154059,22,39,245,12.116237063167016,0.0007229248193501851
1295.1527030108152,3457.261229241045,33.63844901544646,443,24,346,51.80610812043261,0.37450979470832263
195.0994900555988,4684.66915490553,25.613879195535922,80,40,7,4.758524147697532,0.04163748732693704
1926.6673497090296,11379.982767735128,19.09404912790255,443,50,269,37.77779117076528,0.16928831095071115
445.43082733373546,152072.6410445311,3.269041785291999,80,77,438,5.710651632483788,0.0029290469030283936
708.0108194670557,22511.093224542994,36.1515719994222,53,58,13,12.000183380797555,0.03145024376032579
444.7178702457741,3448.850637451482,54.94796106652902,443,1,404,222.35893512288706,0.12890931144030685
17648.697732239547,144568.32919009717,2.94600351959636,53,43,226,401.1067666418079,0.12207774519748178
1074.6541446534336,65940.02792905777,13.398034416037428,53,39,266,26.86635361633584,0.016297200368329004
224.4007703480336,49397.36866292684,5.9920903833601615,80,10,242,20.40007003163942,0.004542675728408111
3766.1832540177606,64447.18703730494,28.091065497030403,443,2,380,1255.3944180059202,0.05843738089696391
175.6923624607217,799340.946997363,25.57605614709015,53,63,180,2.7451931634487767,0.00021979625005379746
1500.1125123447118,583991.8712109551,3.0370525940085145,443,16,421,88.2419124908654,0.002568717164704615
58.003004688593435,7863.027469466327,41.91585331533961,8080,37,180,1.526394860226143,0.007375737802773681
149.56348128035296,251658.29880196002,3.992766135082961,53,16,126,8.797851840020762,0.0005943093777673201
1473.3468400313193,39134.209418346516,31.91652206242102,80,87,499,16.74257772762863,0.037647603320109406
3319.932963510971,46566.82814290213,12.212195791763058,53,90,283,36.48277981880188,0.07129241572793846
1418.070497186867,1739.9188488604389,7.95804438642863,80,80,418,17.507043175146507,0.8145529001050794
921.9837294814484,17058.797839035054,3.4451893013303883,80,27,356,32.92799033862316,0.054044235352650474
698.0875024741503,6507.851268884255,3.669186223340375,53,63,190,10.907617226158598,0.10725202860470588
119.36869903427346,76274.0627961526,21.687712665036546,53,94,16,1.2565126214134048,0.0015649767389020693
372.49875197374104,109822.5049976581,15.98929143074484,443,64,315,5.730750030365247,0.003391794424897332
549.518172109767,980.7037963728152,2.6041196250927685,80,97,21,5.607328286834357,0.5597596486232596
5354.450371979504,21310.340513099374,2.3913944765327737,443,32,16,162.25607187816678,0.25124887703278453
1836.1521430877056,118514.69700096038,1.5011654660434868,443,9,465,183.61521430877056,0.015492902539929597
77.90107612420223,16646.937699315404,27.233388957771165,443,11,463,6.4917563436835195,0.004679322900602018
1783.1307632911842,65748.71903570578,24.887709127021456,80,70,269,25.11451779283358,0.027119975407390626
615.4640766221175,37299.98492366825,1.2041527309972495,443,30,33,19.853679891036048,0.016499941700777794
397.27033738642604,36771.940537712406,16.431890974042563,22,15,182,24.829396086651627,0.010803333417924691
2744.939828386511,14662.192676279765,1.7695469525617726,443,59,69,45.748997139775184,0.18719932889014843
5148.698708375219,3551.5123072422894,46.815247301087425,80,48,411,105.07548384439222,1.4493119975626494
4433.391645937857,4095.748563055863,47.528383107471875,53,94,52,46.66728048355639,1.082173235115724
311.4297263443301,63833.203927227645,23.962000976117057,53,82,65,3.752165377642531,0.004878728129818407
689.6480784320197,22678.834854832585,52.124928852907516,22,76,300,8.956468551065191,0.030407985016040386
1802.4374145846543,17894.19492007476,33.368162552178966,80,60,414,29.54815433745335,0.10072186543007068
4737.7503422390555,11662.862608633128,35.26793940392988,80,68,407,68.66304843824719,0.4061905134867039
534.4502471896545,13935.80535287964,16.865817674294707,443,57,335,9.214659434304389,0.03834811735239064
830.0712454549184,105912.40798595957,7.3073724427378925,443,64,228,12.770326853152591,0.007837263111814484
208.6164793050005,13321.491032386073,4.912873707720273,443,54,467,3.7930268964545544,0.01565896939227566
182.30663259468818,2946.5872936234223,7.926144061608568,443,80,222,2.2506991678356565,0.0618494430984541
3710.005854346834,67203.30207402012,19.803882273184694,80,87,272,42.159157435759475,0.05520488629225793
8386.344798530827,16198.679478138889,3.7907071358869375,443,75,439,110.34664208593193,0.5176858474174143
984.353241236992,23088.58915060463,5.985385217945808,443,54,18,17.897331658854398,0.04263190803510748
4940.883037994256,245577.40199462214,12.624523998719479,443,59,218,82.34805063323759,0.020119371238935153
1886.4537778584734,21357.519626450885,5.306675945018401,443,88,273,21.196109863578354,0.08832324575165057
416.6807612650823,33988.43197508878,17.76590912879866,443,86,459,4.7894340375296816,0.012259126941882173
1885.7735899916356,3757.896968623672,51.324771161118186,443,39,308,47.14433974979089,0.5016827025940314
11015.458128471373,15843.202476394641,27.573617603427444,443,15,173,688.4661330294608,0.6952358848533188
1039.2566129790569,54956.05076667609,21.957847806077382,443,79,56,12.990707662238211,0.01891034177564025
11463.9829669505,2136.532355730143,17.480027136890744,80,74,349,152.85310622600667,5.3631857015958975
21.550140664110838,29770.33299907203,13.386578387709394,443,28,438,0.7431082987624427,0.0007238554170477538
3762.5558641549346,25621.486861835834,4.1297571052507385,53,36,9,101.69069903121445,0.14684585007082915
1249.589782402259,23433.717508419457,45.020823131501125,443,54,497,22.719814225495618,0.05332216110364101
700.2861059335321,104374.25746158678,5.714639556134405,80,17,401,38.904783662974005,0.00670931141119588
1258.4563940172634,36375.75543653256,1.9150008373087133,8080,86,283,14.465016023186935,0.03459506981629859
55.62577250379586,202219.262887053,27.72710159756036,80,87,293,0.6321110511794984,0.0002750751666012064
788.7837232446822,4962.255859012713,3.8623654667966822,80,93,22,8.39131620473066,0.1589246546321685
1873.6971757050783,27007.958230319367,9.300990407978333,443,22,72,81.46509459587297,0.06937317462328953
10065.21870514743,25001.72695300916,0.5738530719262838,53,75,451,132.43708822562408,0.40256483719013086
504.00927596251233,4429.837848701606,2.9483863863655957,80,36,422,13.621872323311145,0.11375033191751872
326.1181032477356,92451.78118860403,3.803936850483318,443,29,355,10.870603441591186,0.003527401761797229
516.6493655349864,720002.4968109614,1.1189268556672851,443,55,480,9.22588152741047,0.0007175650782577156
4329.0490439999,21471.696141203127,21.38050410290902,80,42,328,100.67555916278837,0.2016071487032807
1795.6577430822235,46982.55456926083,36.28105812664224,443,32,172,54.413871002491625,0.038218856779666466
495.39711543993593,25003.665515510136,9.346238107451203,53,14,123,33.0264743626624,0.019812187254920337
2368.2371757582277,7552.417541336838,41.52118164792212,443,18,91,124.64406188201198,0.3135318765046168
1268.5329116375292,1434.9131207032458,4.799350036804185,80,38,224,32.5264849137828,0.8834329134176716
4688.966552121305,7641.427997457744,7.872423214527591,80,34,292,133.97047291775155,0.613544092751818
382.57333454250664,2730.0151253158756,3.2677271245697908,443,45,354,8.316811620489275,0.1400846633898658
670.8239816321715,283836.3495530689,19.38113353943541,53,87,252,7.622999791274676,0.0023634098285107747
609.0118771942646,18533.505092622072,10.890047147761749,443,32,409,18.454905369523168,0.032858275640534396
122.08622749206529,13109.874533593731,19.001260329925984,443,67,479,1.7953856984127248,0.009311829441983157
1709.8833240119448,83594.31021953616,28.682391872824255,80,63,298,26.716926937686637,0.02045429725090423
1622.2719893723206,4094.3913211530994,15.780082901925727,443,55,367,28.969142667362867,0.3961213623208913
1105.0768786423127,6972.324459004439,19.757364969059942,80,43,256,25.11538360550711,0.1584720293941523
771.3323158310005,24394.388464608055,54.744528678504224,53,22,13,33.53618764482611,0.0316179558669468
131.22899977087556,103068.95272180939,7.106782719376026,443,87,440,1.4912386337599495,0.0012732032595869018
583.4927437122614,46748.038085617394,8.899632185427464,53,68,335,8.45641657554002,0.012481385021091508
655.8474559291334,31967.905129523748,25.29593704160606,53,77,118,8.408300717040172,0.020515167888044084
329.1732132183154,24764.75130695044,18.899232696651588,53,96,435,3.39353828060119,0.01329146889745008
860.9801353002323,40149.03897769912,3.9332679304910565,80,29,178,28.699337843341077,0.021444067234366915
2010.3744660565258,29806.428112170906,9.436820244345194,80,40,461,49.03352356235429,0.06744541858798123
18569.557992260616,4698.702039897752,12.616146987589067,8080,45,308,403.68604331001336,3.9512202762251327
1424.9139704236136,23602.757618989137,10.873514498135957,53,10,161,129.53763367487397,0.060368098733452315
1613.765562956259,4400.471668833923,3.9269851303144314,53,77,95,20.689302089182807,0.36664226976242065
980.76328068173,24875.130651913594,51.653942290195154,80,45,409,21.320940884385433,0.039425877537199894
61.672811479006825,10711.01668778323,28.736496757397298,443,17,368,3.426267304389268,0.005757348338463944
1053.8750638472643,993582.5565243766,13.130744839054781,53,2,314,351.2916879490881,0.0010606808626481214
1200.322218215036,20747.030860755844,22.792500296707065,80,17,168,66.6845676786131,0.05785234397763512
44128.59079557172,2680.1837929371973,45.51548906318484,443,90,87,484.92956918210683,16.45862208768221
821.7683583334309,18010.850917222124,2.927681683039517,443,38,422,21.07098354701105,0.04562375971853581
1723.8596070818871,48003.92793191291,5.7635919427860465,80,37,3,45.36472650215492,0.03591005509948683
1040.9950831886915,271046.56704888865,15.648367515164036,80,63,372,16.265548174823305,0.0038406361456139837
189.99218572863703,9098.104736432893,32.09003942044554,80,5,16,31.665364288106172,0.020880316386282124
6088.9700310140815,2051.5646788288986,0.7385686738732439,80,25,130,234.19115503900315,2.966517982998799
3387.676438610229,75000.90935261462,82.72603175838269,443,73,23,45.77941133257066,0.04516786929627856
3592.2999127036446,2776.931836160604,12.135962562864284,80,92,98,38.62688078175962,1.293156248811556
280.31635868363173,11450.249941988573,8.90172961769364,80,22,158,12.187667768853554,0.024479105783534513
8992.90728705119,14966.494351505344,6.926698528408156,53,93,239,95.66922645799139,0.6008291752685202
133.91742863619612,19841.873762422634,3.8318489638250193,443,63,10,2.0924598224405644,0.006748892838788389
2644.6278651801417,61929.17582118933,31.363415597332434,443,35,321,73.46188514389283,0.04270338054288691
29309.982560849137,7899.451270169039,62.206781312082285,53,55,22,523.3925457294489,3.7099124541808632
248.1902309244638,14609.190876850744,10.676589053642761,22,20,308,11.818582424974467,0.016987473539289016
468.9768493945394,21559.98804612564,60.907147520199736,80,5,367,78.16280823242323,0.02175117617018536
1273.4398326367866,27567.613430719022,34.72244064571575,443,39,184,31.835995815919667,0.04619165326674805
515.3192022349505,25507.830490381628,13.118998243677812,443,63,417,8.051862534921101,0.020201600478283666
107.12590804707456,42362.06989227105,22.41876409815731,443,32,217,3.246239637790138,0.0025287569649578017
1215.4193766784192,78101.0878339561,11.418030935190455,53,63,214,18.9909277606003,0.015561931958366889
222.86014659555892,39693.83533868386,16.361668157527415,8080,74,336,2.971468621274119,0.005614336089168123
2231.409317885501,43494.000379915524,1.1959839131303653,22,40,158,54.42461750940246,0.05130266233808077
276.12775764902165,2052.19503871435,23.831892968815573,80,17,210,15.340430980501203,0.13448686191153308
11213.813073627914,23750.0888082022,1.0854206687697368,80,79,408,140.17266342034893,0.47213890547010784
338.70179568103873,45218.4885996864,33.97466849456765,8080,73,133,4.57705129298701,0.007490173068507184
676.483275828283,65736.6437061461,34.8533218161465,443,32,53,20.499493206917666,0.010290652930187633
3715.527080360596,7796.840282739587,5.411970942705205,80,23,229,154.81362834835815,0.4764815571543398
173.07127871721633,8196.324390233716,7.821269653983819,53,75,183,2.277253667331794,0.021113142591186615
1542.54650110127,9310.042982539713,13.128992132257588,80,60,23,25.287647559037215,0.16566849750279206
7790.919216262707,49247.843056645324,18.159652148958035,80,77,106,99.88357969567573,0.1581949693173848
98.37386293132214,103862.33323986195,6.775400017991663,53,82,91,1.1852272642327968,0.0009471471775716803
1446.5703932952222,11953.863840871018,17.95361967982612,80,56,119,25.378427952547757,0.12100266573925503
1619.4213796552617,85986.3180760826,7.070372129173751,80,9,460,161.94213796552617,0.018833258390759184
3543.0184335701024,26508.473451389844,1.1417953583686666,80,69,138,50.61454905100146,0.13365103007673465
171.49839941115445,18280.155184115865,0.050614989572670195,443,62,482,2.7221968160500705,0.009381157683085915
151.30763472696532,16041.3277475454,2.1328057491845978,80,64,120,2.327809765030236,0.009431775557017687
2399.252113566499,67502.30651728317,31.428464309523463,443,22,161,104.31530928549995,0.03554273467999983
1712.1017868152762,35895.482294563,65.10629066708611,443,32,208,51.88187232773564,0.04769553107644191
1596.7718486028637,669133.0120006809,11.136211499383412,53,47,349,33.26608017922633,0.0023863259376527383
1843.9629546498556,6134.37228884724,14.376848003303625,80,2,318,614.6543182166185,0.3005462208058304
395.42570456205635,47913.49866770944,3.1763550186603147,53,85,338,4.59797330886112,0.008252735926642217
1553.6783783074309,9958.666790889905,16.016044429468135,80,92,155,16.706219121585278,0.15599702388925085
1702.0840822634727,5979.364195785001,3.1250053619146048,443,52,263,32.11479400497118,0.2846121116608772
375.5805164906052,21670.32938470766,18.894541343089955,443,88,356,4.220005803265227,0.017330755756757268
18009.627710981764,27065.867714547352,54.138616830635215,80,88,155,202.35536753912095,0.6653753918227603
2232.2144114557714,1753738.4642059861,4.355622579283031,53,14,330,148.81429409705143,0.0012728312597255814
183.65238414698436,16710.31172604861,28.926299342665747,80,37,394,4.83295747755222,0.010989704887182363
2936.079341235192,4042.95809909963,0.4756601958647445,80,27,459,104.85997647268542,0.7260409898630991
254.16343237715841,33173.812921579534,9.415990640138391,443,24,313,10.166537295086336,0.007661337321719464
3571.092697289784,980.4777409848502,2.347503802919883,443,64,286,54.939887650612064,3.6384856713168254
6234.747552435887,19188.469410835634,8.691971161803284,80,70,259,87.81334580895616,0.3249046348783015
320.2098373066341,22562.351276781974,3.812000651565885,80,26,157,11.85962360394941,0.01419159030848998
4652.0543367376495,72540.51950294041,9.345905686434472,80,54,14,84.58280612250272,0.06412954082867098
2036.8736573187616,94886.18257370725,10.809304928493548,443,15,77,127.3046035824226,0.021466267646175943
3763.445751484773,10349.004097896937,7.150395236249554,443,29,339,125.4481917161591,0.3636178030354098
18867.37415083438,17572.298251374217,21.37846501309179,80,74,409,251.56498867779175,1.0736387604050917
758.9362835620286,6980.101617866169,50.22962525430266,80,28,394,26.170216674552712,0.10871296897036196
354.03499120605966,4055.8118972926372,10.236368131745321,443,59,335,5.900583186767661,0.08726926467611901
288.79825234451897,35060.91194334621,4.272360185574748,53,73,220,3.902679085736743,0.008236808443622965
322.5585185204469,3260.4538325332105,6.314026300258069,53,21,232,14.661750841838495,0.098900225201076
976.8639952750797,11826.045799365356,38.483085953515925,53,10,433,88.80581775227996,0.08259577343714172
1829.3718988073729,4950.476235620273,16.955813388559584,80,4,294,365.8743797614746,0.3694598967570743
1660.7692854877778,50237.88887381272,12.139794545776795,8080,62,455,26.361417229964726,0.03305744459554444
3792.4778607062617,328451.72455723694,3.241832686825363,443,4,142,758.4955721412523,0.011546495361908242
1118.2305375916067,3126.339235712973,11.946826411553424,8080,6,251,159.7472196559438,0.3575661139737761
9704.074382532792,1367.1345726403804,6.52823634943772,80,90,414,106.63818002783287,7.092923880875823
737.3146614649952,18263.680086290686,57.35140012710339,443,80,296,9.102650141543151,0.04036833155475947
64877.34393822072,22551.270705882256,43.095393242177494,443,72,140,888.7307388797359,2.8767543980083086
2803.155488075526,30576.55935193886,1.7526504916706185,443,92,476,30.141456861027162,0.091673617760398
303.1608932415645,11276.985282579548,14.540429380196864,53,16,498,17.83299372009203,0.026880766878623227
220.00741556728929,16301.966957631137,5.099350739957473,53,38,142,5.641215783776649,0.013494931084572162
2261.3304706254225,38225.78687024525,10.579014222214887,8080,49,129,45.22660941250845,0.059155651200849015
784.3111542312549,104887.78453803518,41.8867179998384,443,61,324,12.650179906955724,0.007477550223178008
3200.302901855982,1173.125512869014,14.994965248867192,443,65,305,48.48943790690882,2.7256906240253116
2230.2220575209376,12664.914879036745,8.13577848044114,80,83,18,26.55026258953497,0.17608061311166398
983.1450138780749,30354.898716069012,4.66105860126971,8080,50,243,19.277353213295587,0.03238728074150687
307.9105820788613,5558.234734755997,32.22127060134394,443,17,164,17.106143448825627,0.05538722445983853
113.03857848514906,295597.62917772034,19.590895718622736,53,28,320,3.897882016729278,0.0003824056248149507
561.284311856916,8492.045490354034,12.624696862504612,443,44,96,12.472984707931467,0.06608751978243776
3962.372303757579,20703.560504054425,4.904827234088811,443,12,28,304.7978695198138,0.1913767888471555
1511.9275156346955,50717.84729373102,8.136712161000508,22,70,476,21.29475374133374,0.029809973930964587
169.25252525247154,9073.1321730473,64.29938268787156,80,71,230,2.350729517395438,0.018652199684196655
1421.9314305573976,1380.4163399874826,14.683131252966179,80,72,416,19.47851274736161,1.029328660301124
1954.6688455248016,11579.808450993583,10.239835443831797,80,3,456,488.6672113812004,0.16878518056803707
291.2592737859979,103172.83120895433,14.738723209143052,53,49,25,5.825185475719958,0.002822995621788249
1381.0338425225916,13288.54028151895,30.190811386255966,80,21,175,62.77426556920871,0.10391885748246094
1196.688069067615,6187.884508979505,8.313610257843381,80,8,404,132.9653410075128,0.19336086613529954
197.46168257780133,88301.14151993589,3.9374856200082005,80,64,161,3.037872039658482,0.0022362049116693345
1875.5946607501974,13411.095369372946,17.586456777691428,443,92,30,20.16768452419567,0.13984352251425175
2543.1958799068225,10247.18978362608,21.884683939129317,443,59,165,42.386597998447044,0.24816049796132608
5566.80669807363,27561.747617571764,24.945819550757843,80,30,208,179.5744096152784,0.20196849658503158
5327.850103262201,69991.2360864293,42.73930994093624,8080,32,437,161.4500031291576,0.07612058709887697
138.86412652772353,784318.3672646646,9.27801764098312,8080,75,473,1.8271595595753096,0.00017705048775222267
268.6105175177657,76179.99401633092,1.5669057337858614,80,20,102,12.79097702465551,0.0035259518595961567
2374.525485226908,125462.21914754745,63.568398089750424,53,16,373,139.67796971922988,0.018926068543119515
2370.0798519519403,10311.867562794941,11.419013171346633,443,25,106,91.15691738276693,0.22981773377002557
2374.569719833799,4727.717661536614,19.52386748899182,80,60,330,38.927372456291785,0.5021593357430805
354724.6862836785,24185.221031875182,21.950576903797916,80,45,69,7711.406223558229,14.666395623201511
2582.0418148814133,25867.816604883144,15.815804771048533,443,9,8,258.20418148814133,0.09981290811710392
6023.046420808179,4368.744241864532,4.594743071636767,443,51,123,115.82781578477268,1.378352161461559
4587.097019023758,16933.65270316912,28.14162233971262,80,61,353,73.98543579070576,0.27087045122368153
2913.4315055143597,40093.77653327668,32.56751965036819,53,40,101,71.05930501254537,0.07266361749382381
683.4107932662864,37819.87709710058,16.102841368987907,443,61,1,11.022754730101394,0.018069670661304625
3423.6202771268486,46930.909103348466,13.41054543551001,443,67,351,50.3473570165713,0.07294866845471203
344.04146166061054,34079.35638015768,2.4193712015002493,80,80,7,4.2474254526001305,0.01009500774648351
768.7548206689826,10295.755594588822,1.7537228882383329,443,76,318,9.983828839856917,0.0746599075414571
529.5113913698127,10189.866856393382,8.297126726341896,443,15,111,33.094461960613295,0.051959406283246294
1239.931244501945,3646.681675288379,7.445814925423107,443,53,343,22.961689712998982,0.3399230949624787
35312.34328776203,320347.7997510064,61.43346352030442,53,4,186,7062.468657552406,0.11023092115596757
66.62648766134046,22475.375056694826,30.614636640063683,53,23,216,2.7761036525558525,0.002964289726136024
3069.869358869959,15720.492834826762,21.571740503088943,443,27,462,109.63819138821282,0.19526576713309848
97.60475321587542,5468.785698560036,14.581626511129901,443,37,343,2.5685461372598795,0.01784434685285214
540.2879300845066,1800341.3674913365,3.6632589507174385,22,77,123,6.926768334416751,0.00030010288034123405
5616.286141059523,4402.852704105143,76.7537824898526,443,43,201,127.6428668422619,1.275311986666626
1207.636024224085,11576.449658537353,9.40137497100575,80,37,8,31.779895374318027,0.10430933062477707
217.7576687180994,41099.66519849347,2.261707792934138,443,85,64,2.5320659153267373,0.005298154364812597
375.04440643139793,54193.673125729474,13.616424987116087,80,29,136,12.501480214379932,0.0069203186365071325
3039.342911189638,92679.08286894992,41.42915182613259,53,29,387,101.31143037298793,0.03279391663349377
366.665523513961,331509.83676063875,43.65892037727818,443,49,383,7.333310470279219,0.0011060438539410554
1517.3002516317338,47062.72113067958,0.2205296983260491,443,75,186,19.964476995154392,0.03223927507599152
1174.2181018716713,4518.583325107325,43.483089073927985,80,51,127,22.581117343685985,0.2598067161077924
412.64987725834095,14981.663699966435,6.334919784049839,443,50,416,8.091174063889039,0.027541823371451994
27334.80654156532,34952.61474605984,0.7950422569650517,22,28,372,942.5795359160454,0.7820308926602977
2838.0671925938623,490087.4199615305,37.64991817882463,80,74,452,37.8408959012515,0.005790928895680981
52.577386876365004,2706.1758243623262,39.88242274985451,443,5,49,8.7628978127275,0.019421489510659907
1450.5259186252506,133768.3374563354,18.13825088943275,22,56,166,25.447823133776325,0.010843485855633599
406.3928500982864,28850.18124732983,17.086693221123753,443,64,386,6.252197693819791,0.014085830545877491
3938.8733207381542,77400.28972936189,33.54580076296046,443,89,127,43.76525911931282,0.05088898821338319
334.0260194044335,18901.714761352978,30.86453638309825,443,97,393,3.408428769432995,0.017670796159256295
923.2456460251045,6225.139027450552,44.16468445318151,443,17,302,51.29142477917247,0.14828542086108065
2339.005033267954,67935.17149829063,16.092636994537454,80,97,321,23.867398298652592,0.0344294501983646
4018.3746794154385,58785.26696425332,68.62102785834763,80,89,177,44.64860754906043,0.06835567024282944
181.19166423205277,94663.6582205226,111.17718670147603,443,97,203,1.8488945329801303,0.0019140370613282556
663.9774222339238,21591.24196642751,2.4782896171110473,22,55,157,11.856739682748639,0.03075074016242976
537.8512490938301,8957.683772531931,37.8816599645877,80,9,346,53.785124909383015,0.06003686063157255
411.58112741178167,2125.6214963411035,13.855835184535382,80,91,219,4.473707906649801,0.1935375562223534
15493.58521923851,75286.7851378252,9.806292997144508,443,89,486,172.15094688042788,0.20579148650574935
2013.183474794597,41599.11714989979,18.99034901305267,53,68,285,29.17657209847242,0.04839369724706284
165.45083289887373,5173.610350167986,1.151852551019375,80,73,289,2.2358220662009964,0.03197358287924087
4345.05163143197,9819.637537787861,14.123072730385239,53,79,28,54.31314539289963,0.4424408919189895
26455.895257128646,10936.507482299192,40.941898797037155,80,16,351,1556.2291327722733,2.418823054516193
5160.031127025619,2381.5893836244213,4.8022725430379705,22,16,83,303.53124276621287,2.1657240490076064
112.27430750062173,6460.593108944863,11.11610745287585,443,13,112,8.019593392901552,0.0173756387329928
530.4092565308573,4020.8735732761074,56.09592116587483,443,78,154,6.714041221909586,0.13188113620856573
7334.662841292029,11864.208788665444,11.192050083672447,443,86,370,84.30646944013826,0.6181655099317477
379.36386162172994,7273.215373818502,8.874795506851594,53,85,29,4.411207693275929,0.05215185997752332
2133.948166532723,1918.8716667376268,11.615545098729516,80,73,395,28.83713738557734,1.1115056300397772
3505.0185088158482,457661.60937369626,14.65659509422232,80,63,489,54.76591420024763,0.007658520571764445
273.0361741997226,144179.03379326258,19.99297639415903,443,41,480,6.500861290469586,0.0018937169524542127
1002.9610622350275,6846.3494878405945,32.258158611459436,53,53,213,18.57335300435236,0.14647434952985364
8.48329546015281,33144.50085016522,12.033330325957541,53,68,102,0.12294631101670739,0.00025594108529244095
235.9024891320186,41200.16889539238,34.01801292312402,443,74,418,3.145366521760248,0.005725626128010171
750.8063579499081,131482.46584927596,15.259407705795047,443,99,360,7.5080635794990815,0.005710272033828066
168.73428965073884,6451.658187028948,8.264316661530634,80,9,214,16.873428965073884,0.026149578167634288
12690.601459201684,113341.44466918524,21.456015496518045,53,51,304,244.05002806157083,0.11196689374613354
128.35346880084634,9683.145188746395,25.297275609894818,53,48,155,2.619458546956048,0.013253980222229773
566.7584902998775,2969.6708292351545,16.331124152706437,443,80,380,6.99701839876392,0.1907846822752147
1334.2316551427143,65264.58590460375,1.1656155943449935,443,49,200,26.684633102854285,0.020443111582464157
9527.236100014321,152685.82169624887,3.723769477662165,8080,18,168,501.4334789481222,0.06239723896386784
127.2567594195977,1068603.7633916542,6.717784317143446,53,10,238,11.568796310872518,0.00011908683526329822
6277.616368355964,3642.451060774472,6.643148144656429,443,85,159,72.99553916692982,1.7229863290716356
1113.595881858272,62842.03826426777,22.381655753927916,443,54,193,20.24719785196858,0.017720274394999402
251.57396039580092,11911.959022145507,0.37038172589167223,443,79,167,3.1446745049475116,0.02111767193424735
2193.2839306874594,71327.55987909892,28.185674219783003,443,15,226,137.0802456679662,0.030749028641613545
1478.213500476172,2426.6468181445252,6.167016809539961,443,11,367,123.18445837301432,0.6089079718795279
445.7127491229933,3313.7817420626293,7.421906861496298,443,40,251,10.871042661536421,0.13446217090771342
1217.680535187059,6878.7192993564,15.011705383023774,443,47,280,25.368344483063726,0.17699567121887855
615.2505632223766,24796.209271196232,4.865027327452165,443,20,476,29.29764586773222,0.024811282450926245
1300.2034326710072,8420.109401401043,43.16472825093787,443,98,498,13.13336800677785,0.15439811676768964
2960.7444284065746,59194.35821273302,1.7846866492687332,80,22,452,128.7280186263728,0.05001649652606906
11837.470249129114,102779.57519475995,11.753498465747253,53,48,466,241.58102549243088,0.11517225143659852
171.2760790137639,54142.0437531783,37.86551692193666,443,82,221,2.0635672170333,0.0031633995272700136
26891.084030930833,249741.44945075395,19.13412568117179,80,16,23,1581.8284724076962,0.10767526341665602
58.6664668686509,41099.0359573226,6.915534229715039,443,5,485,9.777744478108483,0.0014274067042074831
873.3377431185105,3549.829788752699,10.920774764542085,53,65,189,13.23239004725016,0.24595314196270954
2650.4263947790487,170257.07340378754,24.530802861635088,53,83,411,31.552695175941057,0.015567111396199363
1671.5185466363082,8886.296469409046,72.43245014783633,443,74,272,22.286913955150776,0.18807953041623404
430.9321789379054,86303.69997233787,44.72447438139517,22,21,429,19.587826315359337,0.004993148450501844
802.5680303749913,233421.54988274068,8.384166551543819,80,61,27,12.944645651209537,0.0034382626304877554
523.4798810781674,43696.88146129937,126.37582268338342,8080,77,457,6.711280526643172,0.011979525404264339
453.02751564822296,2334.987414734231,0.07021638501968683,80,55,389,8.089777065146839,0.19393405666090224
3922.1809604511254,5556.266951995132,0.5603727477448371,80,24,443,156.88723841804503,0.7057751578845805
1873.4243322004525,160190.12985522064,34.72731060925016,443,23,456,78.05934717501886,0.011694931759914779
387.8565703014147,17091.14840841618,4.449442706114143,443,87,210,4.40746102615244,0.02269209001897234
4227.64260602957,24818.8891723669,1.2538821880088387,443,11,35,352.30355050246413,0.17033285590720504
1738.7978824911308,68750.3168499961,5.413826673650508,53,47,198,36.22495588523189,0.025291121132776227
3711.8778191267593,62597.729916783035,11.106007643478755,53,2,491,1237.2926063755865,0.059296375885920106
2819.862102419885,33463.13682251748,26.22865640588899,443,70,471,39.716367639716694,0.08426519761664508
316.2419178839202,16106.810004214967,19.581177836589593,443,53,174,5.856331812665189,0.019632831390559515
473.2995280218512,13780.327786468446,5.426235139759679,80,11,218,39.441627335154266,0.03434353607687734
3364.182961470951,79765.6498642082,13.994191243262149,80,15,56,210.26143509193443,0.04217530718913245
2739.567658737433,50531.6067944407,52.13175391410591,443,73,383,37.02118457753288,0.05421385977338545
1062.784478098025,14973.690884167596,33.748829850749296,80,12,499,81.75265216138654,0.07097204785854265
1307.655443563311,111654.93640364397,7.807287549407763,53,36,487,35.34203901522462,0.01171147263353778
7453.934879482615,18150.417229959286,80.64380915611864,443,92,152,80.14983741379156,0.4106530517727146
451.53049709591517,6139.550061059901,24.662567920567856,80,23,394,18.8137707123298,0.0735325813821275
2491.5145853674003,7055.367485881772,1.2896900394906599,443,27,463,88.98266376312144,0.35308741932054544
809.7382289908854,5074.020323319154,0.715874675617479,80,88,38,9.098182348212196,0.1595536918877405
791.1425727140568,14638.12894573353,3.688265634761671,443,14,468,52.74283818093712,0.05404300868219551
5699.67980669507,140166.51918019002,26.028469123149023,53,54,477,103.63054193991036,0.0406633422638232
3782.4397748318443,6583.73326186816,4.060420627371718,443,99,198,37.82439774831844,0.574425663790476
3715.4848274279384,29223.066981766988,14.327774466792754,80,27,432,132.69588669385493,0.12713784257838048
7771.4979468363435,8225.26654305442,1.9579932363948034,53,21,9,353.24990667437925,0.9447174980487295
1131.7334495596187,14906.258511800494,50.73734847385826,80,49,499,22.634668991192374,0.07591828159844048
3050.0993930094837,2286.867330402743,8.430689031428818,53,62,178,48.414276079515616,1.3331627024336947
688.5582130297838,15822.56961307308,47.748062610019595,443,77,325,8.827669397817742,0.043514720753079154
1783.3511266495511,16472.40656008426,57.963271798373015,443,72,176,24.429467488350017,0.10825636580661369
902.154163516809,49534.858659331716,0.12295009116749608,53,44,423,20.047870300373535,0.018212143443825386
1268.3776824762253,30789.265019589646,12.477467292917506,53,44,467,28.186170721693898,0.04119411384310097
2677.7590227222936,3649.742194988202,0.49930213626230796,80,98,261,27.048070936588825,0.7334834616364762
321.39438257051756,112004.8402728526,47.87050529081235,80,61,84,5.183780364040606,0.0028694430735717222
25300.53734766455,30195.69248772058,14.613141021746955,53,42,139,588.384589480571,0.8378578997667695
242.49326280651948,29661.057696662625,1.5580203297789919,80,23,242,10.103885950271644,0.008175200294138839
177.45500446682723,21725.16336802373,2.3368959050547145,443,73,316,2.398040600903071,0.008167802177535086
6230.216175209846,10131.08631763245,9.674231895074344,53,1,155,3115.108087604923,0.614899634675206
3595.7002691811567,30537.279949311313,56.34643137460482,443,36,221,97.18108835624749,0.11774403388630425
2796.6560807023393,44953.44393091513,23.61223303881152,53,55,135,49.94028715539891,0.062210892542685456
2814.4390920429946,1603.0389700001858,40.44140279016137,53,16,188,165.55524070841145,1.7545952091442445
1076.67174120354,9816.881100046636,9.128536928487337,443,89,178,11.963019346706,0.1096643695550994
285.4647182844799,15026.63458340035,0.8835042795965609,53,18,67,15.024458857077889,0.018995984810530768
1228.693682553287,32346.331996574132,73.2390159043811,443,98,69,12.411047298518051,0.03798439026388379
397.12751783693375,131922.05159057176,0.34644313368432034,443,38,439,10.182756867613685,0.003010296631626095
4734.728192789722,6921.506852129452,58.996698392887616,443,67,77,69.62835577631944,0.6839615032426091
879.5530913614691,10436.4235381737,9.198766657623768,53,20,400,41.88348054102234,0.0842691769807561
317.9055114465294,10210.775201945058,0.20283316454366412,53,19,374,15.895275572326469,0.031131268086079415
677.169247191798,6619.059801110055,23.36936125783253,80,13,12,48.36923194227129,0.10229050303718555
2037.3336170018463,13084.979618392781,78.7881965149164,443,17,487,113.18520094454702,0.1556882767980401
470.79048777414243,69996.6967044758,67.4089350243837,22,78,283,5.959373262963828,0.006725799703978532
319.47192767340385,4533.487350951375,3.5093899858594,443,30,246,10.30554605398077,0.07045381383771548
1580.5541892916108,41844.74885804292,3.9994762484481807,80,86,237,18.16728953208748,0.03777096198358085
1583.5902473203348,1714.9627769677202,16.672978002560118,443,43,252,35.990687439098515,0.9228581578667452
512.6458402861932,9489.99158932721,20.283850794501795,8080,48,417,10.462160005840678,0.05401393895055946
541.0125852811677,13436.982193267297,26.896747134760098,53,43,207,12.295740574571994,0.04025995700100169
1553.2035850676702,271655.36714840174,3.9946537443529935,53,93,341,16.523442394336918,0.005717530575011992
124.9449809184156,14585.695145966401,63.88712150261575,80,66,108,1.8648504614688894,0.008565681236778717
132.79470157066902,810.8919298604636,20.363105992438385,53,53,209,2.4591611401975744,0.16356204155581627
373.2818140885539,1098.4623746943575,37.55248127807894,443,72,311,5.1134495080623825,0.339513040809899
796.1831699955974,23179.98290768345,15.53343318035554,53,78,308,10.078267974627815,0.03434639390255098
1748.23388437891,55307.08417216437,10.698160743969149,443,34,293,49.949539553683145,0.031609011784551506
10026.975854014408,38684.09398691629,75.60490626337338,80,77,113,128.55097248736422,0.2591948169340273
3969.8732046783775,28320.89523466277,17.451284988664966,443,74,376,52.93164272904503,0.14016975812479193
862.7217394273305,125918.40493201016,40.329121938702826,80,72,15,11.818106019552472,0.00685138037217659
1065.794370761191,9804.661049595848,61.27696617703635,53,71,340,14.80269959390543,0.10869174096172934
243.7653185028758,84319.28077581637,22.50043704855112,8080,13,83,17.411808464491127,0.002890945289318692
1066.59893110192,1904.5054974266318,15.923039618288543,443,90,65,11.720867374746375,0.5597459217736985
711.2415050082246,5667.924331471345,0.0703405682160379,53,56,452,12.47792114049517,0.12546322078418445
1779.482446310059,1464.7471425353508,0.8168490766535335,443,59,3,29.658040771834315,1.2140446293021796
317.0798340728912,14584.754488290944,4.48416275698627,53,32,456,9.608479820390642,0.02173900803879802
2389.930993178764,20549.834658984124,4.116105431573912,53,83,361,28.45155944260433,0.11629362178406548
10928.270883269597,26138.176828946114,5.880946963413571,53,79,236,136.60338604086996,0.4180801467002512
931.5592334280911,24168.97414142493,7.274987827225036,443,54,389,16.937440607783476,0.038542003726495154
2003.3330213888516,5478.95683794484,8.9277888307576,443,2,393,667.7776737962839,0.36557459860216085
3087.8056981042932,16558.233232355662,10.913093145257687,53,37,129,81.25804468695509,0.18647033076814948
600.7442433735478,2330.48107939654,2.082033687614614,80,83,247,7.151717183018426,0.2576663601014678
1534.7744678057452,170219.39838697203,0.865707438573508,53,97,235,15.660963957201481,0.009016395698455906
1117.5438903223362,13968.511413790293,22.413750210312866,8080,33,30,32.86893795065695,0.07999878143333844
1269.6723421055437,10579.472240678064,15.41503300625849,443,1,71,634.8361710527719,0.12000148133503113
343.9462255976008,238806.88522038845,11.74492749762555,53,28,470,11.860214675779337,0.0014402632696997565
1137.701481107453,3417.3825462276286,20.12649387284936,53,17,148,63.205637839302945,0.3328186549404684
2314.6122013400427,4070.8997750419057,35.16797250978202,443,57,93,39.90710691965591,0.5684354549999262
9669.340753254208,4254.231921371636,11.161591189843543,443,70,283,136.18789793315787,2.272341656559434
4623.495219812597,19894.38733474673,20.495314352143815,53,52,217,87.23575886438861,0.23239030947328143
27716.23679321357,42085.032944602055,61.39714749223352,443,44,238,615.9163731825238,0.6585614003984771
346.8799156584621,66803.663589614,36.60474625107209,80,84,227,4.0809401842172015,0.005192450601792879
4058.143796541028,1043397.7114840996,11.102545893773424,53,47,219,84.54466242793809,0.0038893509756867954
1443.7699734628152,754.3461282427602,20.69680334987886,443,13,319,103.12642667591537,1.9114018321926223
29281.300990579366,54890.92886427143,3.89770513771638,53,76,459,380.2766362412905,0.5334354539258731
326.2136621228481,9550.073608502347,16.443360814158748,80,30,337,10.523021358801552,0.03415465899377567
311.1942255585094,9139.649142412774,79.61491591613722,80,85,31,3.6185375064942953,0.034045090311426864
446.26414578697813,8693.594834877671,14.609302894200793,22,66,466,6.6606588923429575,0.05132661777370295
45.33849330682582,5635.524458719919,52.521562277927714,80,53,403,0.8396017279041819,0.008043696721068146
498.382307116849,275622.4440645831,10.462516591889667,53,18,114,26.23064774299205,0.0018081999838884164
351.1807357714278,77920.62743029582,135.27010645009898,53,28,102,12.109680543842337,0.004506845497876361
1374.1500585181566,22806.34276806124,17.312904618498496,53,4,93,274.8300117036313,0.06025033571392094
1831.0300634197445,167129.3978396383,0.8637665548411526,80,42,207,42.58209449813359,0.01095569739010984
18292.68000028639,2278.349490332134,17.674282991741133,443,6,446,2613.240000040913,8.02539499882525
4562.544527426526,2992.733021794729,6.419888249544452,53,9,391,456.2544527426526,1.5240318673076938
461.5749825638149,839.7031207663424,0.660410977505814,443,20,229,21.979761074467376,0.5490344583746358
284.9683133836188,7714.663826336813,34.39100563849385,443,94,421,2.999666456669672,0.036933738923526166
2293.6019327959702,28072.557874618604,6.451810534386068,443,38,71,58.81030596912744,0.08169972409765787
151.35834778830292,25701.069039824135,31.84655794781698,80,68,342,2.193599243308738,0.005888955770594981
17106.06142161186,27557.027579002308,6.799660166253475,53,50,460,335.41296905121294,0.6207288011659343
6432.767835102576,2652.916164569741,4.3215304804496855,53,60,136,105.45521041151764,2.423877559126089
542.5262773987545,73477.32350976442,72.94367773758941,8080,13,441,38.75187695705389,0.007383487421656524
83.95644952516143,31553.54671556564,8.977224749796648,443,99,466,0.8395644952516144,0.002660676772889477
8356.613675238264,66143.46818569252,18.394743854223698,53,94,284,87.96435447619226,0.12633881418137782
923.5179460712899,1288.013945187895,18.831221733249958,80,42,338,21.477161536541626,0.7164530294795779
7021.446064919724,35144.952504610905,16.441144546510763,443,68,351,101.76008789738731,0.19977964927820804
100.31934139372136,3708.3864435639257,49.230618512529574,443,25,17,3.8584362074508216,0.02704472637726469
446.275942371228,12137.01461376507,22.44423586743554,22,31,215,13.946123199100875,0.03676679890178501
1105.2927926499804,49096.712087933476,10.341334650800327,53,12,395,85.02252251153695,0.022512103836333817
1176.7020017769487,25251.48915458994,39.665236186267855,22,64,399,18.103107719645365,0.04659746588043061
558.3029815894705,6140.6754935801455,3.9949599595144636,53,79,414,6.9787872698683815,0.09090401832090625
2791.3340049568783,22234.70719659116,15.715636191749834,53,61,244,45.02151620898191,0.1255338532873289
221.08988889986654,2214.312005281639,60.136014851091446,80,53,95,4.094257201849381,0.09980079030527293
885.7464824479196,123673.59725537612,19.63780323848786,53,26,121,32.805425275848876,0.007161911193605413
1313.4905933275832,16188.784566544473,33.96193478447123,443,61,6,21.18533215044489,0.08113082591857694
2372.402066654414,117927.45383611467,21.200954596193075,443,10,268,215.67291515040125,0.02011729984988478
3188.871326839123,9998.621068878827,36.57314142741895,80,12,87,245.29779437224022,0.3188992167676874
202.96567219267226,10043.048849238527,57.823078018093256,443,22,189,8.824594443159663,0.020207555263738068
109.81847154091066,7000.380754395359,6.374422844544228,443,53,103,2.033675398905753,0.015685259150056696
7454.068225347226,81982.48431703726,3.7184265140520805,443,21,104,338.82128297032847,0.09092158362679117
1805.2800624252318,7599.618016369519,13.23261175898212,443,35,420,50.14666840070088,0.23751753588158014
356.8338242662349,57924.351204371196,24.20400488108598,22,71,291,4.95602533703104,0.0061602358353816476
11234.312199348287,12410.788373981462,5.154473556037743,53,82,67,135.35315902829262,0.9051324322366396
1304.4176193334636,1136.8937596043022,0.0821976889403324,443,27,106,46.5863435476237,1.1463439432052684
6431.388765448703,9363.073662581925,8.399450142687739,443,60,248,105.43260271227383,0.6868152683535595
1213.5166213608447,3756.8558575019492,69.38481545311784,80,99,348,12.135166213608448,0.3229279321446712
24127.845979772705,23175.572315764668,23.746736430542438,443,47,207,502.66345791193135,1.0410446226062937
15260.319835041912,3693.7164436668536,10.260742812060737,80,66,205,227.7659676871927,4.130308798446431
754.8762113136503,88341.26909461294,4.278129330528903,8080,96,319,7.782228982614951,0.008544904031219661
4709.591375399746,19213.84149477569,8.803916150681006,443,15,83,294.3494609624841,0.24510175515526544
2887.2619918785963,16875.29518212625,3.7227228609471834,80,24,424,115.49047967514385,0.17108387597631658
8543.681956361592,58914.24592428259,2.2478328867511514,443,84,82,100.5139053689599,0.14501648634959216
257.9110631782348,93513.43559098995,47.44778856669376,443,10,287,23.44646028893044,0.0027579812843685106
3068.9083468434465,21372.31928441764,121.06967901513563,443,88,37,34.482116256667936,0.1435859496601847
5364.919929096932,6927.120895585488,3.585271294726051,80,24,213,214.59679716387728,0.7743686939001586
78.405240667052,1539.2423223024666,1.121305007464194,8080,88,487,0.880957760303955,0.050904484009922625
185.88203108181054,7870.881670674381,8.00152628983852,80,57,133,3.2048626048588025,0.023613417840652844
51.47785593518118,8727.040867456328,12.38526852767648,80,34,115,1.4707958838623194,0.00589798520847024
732.0799639275206,25863.453242970503,4.583766863130252,80,41,377,17.43047533160763,0.02830448248993962
3217.350210276446,13125.073379890027,7.174252136961697,443,40,465,78.47195634820599,0.24511139905751475
10441.416978577046,61814.88413630499,4.484651273751263,80,11,211,870.1180815480872,0.16891155282279163
1225.5465302524792,8782.576486721424,29.76747805085153,80,90,132,13.467544288488783,0.13952705166343116
12618.551083325336,20220.21751066455,24.93607124895715,443,1,374,6309.275541662668,0.6240252881247327
138.35845433493262,130089.9176790389,20.15450201379362,443,30,154,4.463175946288149,0.0010635519896653465
85.19360232785904,36781.04172638503,9.794916022452862,80,43,408,1.936218234724069,0.0023161738263905757
1008.9631028578202,20129.540413861123,47.94691556509499,443,82,423,12.156181962142412,0.05012101424575203
1951.0016247658693,8929.211187455436,69.82192201048261,443,26,440,72.25931943577294,0.2184720589258299
1044.1494169218215,8519.840550579598,3.8144786649792506,80,53,438,19.336100313367066,0.12254065907274807
49.34502004967768,6149.217522377182,5.046623965203922,443,47,294,1.0280212510349516,0.008023296715951738
959.4113705527219,9783.863259366904,14.915396763202729,80,9,366,95.9411370552722,0.0980505649513591
154.9799493071221,68425.35746733825,1.9137175315998198,80,9,182,15.49799493071221,0.0022649159628451393
2994.4289459711526,15790.56033091189,11.469927541300649,443,1,147,1497.2144729855763,0.18962210720302128
1900.547666498451,2908.347693339174,17.43549209077733,80,71,222,26.396495368034042,0.6532555977581067
267.7839022899011,312466.93657144107,14.76596945699969,80,44,282,5.950753384220024,0.0008569964177066096
507.3492507815208,35594.54898501131,8.036691621424557,443,59,127,8.45582084635868,0.014253165500977584
223.89556538241845,2669.3356473882095,15.637198892403088,22,56,308,3.9279923751301484,0.08384547672926633
998.2276475829113,11352.878568668852,63.786803690348215,53,51,203,19.196685530440604,0.08791952825156428
4594.951504451625,26012.424655962517,4.613874754753623,53,16,118,270.2912649677426,0.17663770015757688
249.9875034709464,284045.05244905176,21.274443302665134,53,38,61,6.409935986434523,0.0008800949751476856
2335.706685327969,4179.016925668715,0.887329838301584,8080,11,231,194.64222377733074,0.5587792410563756
495.027626657874,95231.0267607134,1.374495387478591,53,25,451,19.039524102225922,0.005198121299063757
333.84965323105513,179733.34960753846,16.051573839691113,443,93,150,3.5515920556495226,0.0018574616035278585
933.979472623503,8578.535947118584,2.2172721615055098,443,83,145,11.118803245517894,0.10886130419876354
232.09262005464655,14526.496006633575,0.4520052244503719,80,82,395,2.7962966271644163,0.015976092504081083
477.95951964932937,4654.250322480608,3.7630826081517386,443,59,111,7.965991994155489,0.10267106740559608
181.85017997407522,16233.110418356704,16.641251493145045,8080,29,167,6.061672665802507,0.011201733589815202
20891.291978323476,20850.12116509504,24.30343589287398,443,80,189,257.91718491757376,1.0019265541123843
1156.201483763069,59247.27089683028,4.524931317295604,53,40,495,28.200036189343148,0.01951451858867538
383.9113774306677,113014.92928461323,22.068041058420125,443,8,475,42.65681971451863,0.003396966957320202
1511.6693759086384,7171.3980674134,4.029508476920701,443,98,49,15.269387635440792,0.2107620577804594
926.5869836605109,1151.7207457429904,19.010265320041974,443,6,107,132.3695690943587,0.8038260672260876
787.2497958810844,21335.61094636187,10.619195236573018,443,45,93,17.114125997414877,0.036896665447954814
2755.2130481944682,34211.129529577374,21.21474437898684,443,53,124,51.02246385545312,0.0805332227510862
3416.123012929937,32020.3376519392,106.17847826943671,53,94,317,35.95918960978881,0.10668270795124193
494.84682913086965,13493.861114381789,55.553461387518595,53,98,140,4.998452819503734,0.0366692791379305
462.32709529033065,26559.111474113408,0.08581901623938992,53,21,397,21.0148679677423,0.01740682059037794
725.907396945432,213879.3206039236,43.33291579768818,80,57,314,12.51564477492124,0.003393988726479005
34.7131387250302,39050.120983957575,1.3760891099407475,53,76,11,0.4508199834419506,0.0008889152948846348
112.9802931614556,12581.054653797437,61.17198727441797,443,6,448,16.140041880207942,0.008979478810907613
8521.19102028526,10401.478873093462,6.620859052652193,443,63,415,133.14360969195718,0.819150043392614
12931.889191424922,17072.452242277497,9.626463660030248,53,6,395,1847.4127416321317,0.757426735256436
754.7948124065255,256557.9753336855,1.922250545846035,443,53,378,13.977681711231954,0.0029419934010292367
2604.081874315622,16731.50813911225,2.381814869073033,80,4,361,520.8163748631243,0.15563009757207757
1749.1325036563942,21382.08034612688,25.94667249082068,443,9,171,174.9132503656394,0.081799837784981
111115.0258528286,10684.289213017457,57.767080766626265,53,69,36,1587.3575121832657,10.39887864873715
5880.2959258504125,114516.59616700304,18.87059203496722,443,74,130,78.4039456780055,0.051348405159282885
905.1707616246388,416547.54265964706,25.165061317640344,443,72,343,12.39959947431012,0.0021730258755562003
261.56670554438085,43300.504887720024,28.70714979697606,443,87,61,2.9723489266406915,0.006040591573494232
98.5269898834661,24938.282602049865,6.098308331530355,53,4,420,19.70539797669322,0.003950674582570701
1488.0107707897841,23275.91117859948,0.9256883727958702,53,58,334,25.2205215388099,0.06392647028519162
352.6492306664252,616.1804240429208,0.03748999392970562,443,37,485,9.280242912274346,0.5713875828341256
129.88110247402446,67354.58767379195,8.635646243494639,80,71,49,1.8039042010281174,0.0019282899453427409
415.7735136402965,26936.825955348446,5.527306401305697,443,6,411,59.39621623432807,0.01543456084130448
216.51893313272637,41877.88138654675,1.2868822684354764,443,51,396,4.163825637167815,0.0051701221705095805
13776.40262245132,7576.500593226532,3.957517021238953,53,79,186,172.2050327806415,1.818066848423072
4115.269633151415,12373.528626935416,2.6591773770752902,80,99,221,41.15269633151415,0.33255970851235345
1083.5966709845088,11890.114210661848,49.273484577356484,443,50,6,21.24699354871586,0.09112658845820612
10096.21831376199,101970.05554830376,3.022673026811702,53,96,300,104.08472488414424,0.09901062864823837
1231.5791189176198,12479.720490715894,15.428595535576434,443,14,175,82.10527459450799,0.09867852740022194
301.2901331503987,500814.2151075955,17.984049188054247,53,99,279,3.0129013315039868,0.0006015994004608452
10771.791692787257,42036.50256596047,15.682869709516751,53,11,371,897.6493077322715,0.25624242724422996
2461.1034014217253,3250.2136447403695,2.086253168506901,53,10,458,223.73667285652047,0.7569799066890482
231.39605553154033,18163.703346234804,7.6779385050030555,443,61,354,3.732194444057102,0.012738774265724758
824.2649198206053,8287.364767926398,1.0526276258628489,443,81,364,10.052011217324456,0.09944843680267004
294.88121667778836,819.2803191119008,10.072694609668794,8080,13,204,21.062944048413453,0.3594883478333964
137.79959279801017,242609.00904030068,4.179856221388208,443,34,96,3.9371312228002906,0.0005679880782458561
4399.588625352662,63241.3610663436,16.493955104720865,80,60,282,72.12440369430594,0.06956711531907118
19228.04098820486,49011.53594578019,23.605672036189212,80,51,135,369.7700190039396,0.3923086332336641
134.5786301859373,28229.011097894203,15.190862548303436,443,5,416,22.429771697656218,0.004767218465457
2551.5437701633914,2771.0279930559636,11.391589602769903,22,74,33,34.020583602178554,0.920461040276327
413.2431440807353,10663.4180686902,9.798688151820645,80,32,82,12.52251951759804,0.03874971343199505
528.1138705385717,77860.27570364918,36.86422623066319,80,12,483,40.62414388758244,0.0067827538884495855
450.97374090118376,4551.308055371611,4.9530302863648545,53,52,148,8.508938507569505,0.09906485576454913
300.0694192777105,493.90640003579546,26.501602651169588,22,13,95,21.43352994840789,0.6063154957301161
1179.4251549252326,15667.456228666219,28.333613671823276,80,85,453,13.714245987502705,0.07527385836311147
315.3158470080875,17807.29829748069,10.86697655980066,443,54,480,5.733015400147045,0.01770611889698044
1645.3118812101993,26993.331273850643,7.056521470636149,443,97,436,16.788896747042852,0.06095027376373682
1017.0309577251271,65694.99127543399,12.718009329663944,443,54,495,18.491471958638673,0.015480867827401674
766.3032121248535,57320.21990313949,1.9569743529750603,53,41,170,18.245314574401274,0.013368578223208452
281.0842669992601,32472.690016131757,0.9403653748852796,80,48,211,5.736413612229797,0.008655753838249597
461.666608586313,132362.16014533685,2.3667357666495628,80,51,385,8.87820401127525,0.003487878410272131
3405.294954402163,2256.4438353150076,4.144051516604883,80,47,191,70.9436448833784,1.508473832717518
2324.768588957264,46951.607458408,14.030718168656612,80,50,7,45.58369782269145,0.049513088086036806
253.0702537031981,56376.49216454683,37.82761454106339,80,96,380,2.608971687661836,0.004488852625167711
1272.8305235358623,3431.1699348489387,5.374388950632528,80,76,314,16.530266539426783,0.3708530019484259
3384.903527897524,2311.597416864249,54.717271869917,53,46,342,72.01922399781965,1.463680406807364
89.64810645661615,7194.6056598009145,61.980968245282675,80,99,434,0.8964810645661615,0.012458729771344433
2477.586769430596,8165.61918214193,63.837184075724515,22,38,34,63.5278658828358,0.30337973574773425
405.88276493311844,68195.18193718338,36.3492682259825,443,92,51,4.364330805732457,0.0059516933852247576
2580.911739493797,8762.108264725175,9.045633207756698,443,13,120,184.3508385352712,0.2945201247693062
349.01373097145233,6096.543331502503,1.5092158191450693,80,76,138,4.532645856772108,0.05723841750632569
73.16205037288874,8800.373079436593,16.82453402695711,80,22,367,3.180958711864728,0.008312572335312492
95.45799837728336,117942.02878321352,16.359766299106713,443,2,106,31.819332792427787,0.0008093568510330609
1178.652858552804,22461.658356531643,37.939168906628026,443,93,282,12.538860197370255,0.05247165495040697
1619.0320547438514,16833.45344581158,110.38452306671917,53,77,32,20.75682121466476,0.09617372253606886
282.4566428988095,18675.947629909864,14.191926847895218,53,99,124,2.8245664289880947,0.015123276484776042
2858.032380398146,152984.28787744985,8.46863179286112,443,13,170,204.145170028439,0.01868174659178729
90.71474443574276,7159.836396874758,4.113483455902255,443,57,475,1.5640473178576337,0.012668177208368268
993.1486016359125,158460.78626318637,0.09622761939351973,53,34,446,28.375674332454643,0.006267432830691494
178.30145769533016,30204.44712698333,14.230854618612856,443,19,12,8.915072884766507,0.005902957070814181
412.50397343447275,17315.73538713682,16.216944394829437,8080,9,168,41.250397343447275,0.02382111663731306
1177.4401622469245,937855.1079322816,34.852356458702324,53,95,343,12.26500169007213,0.0012554592887845672
301.6839517696015,4521.236355049941,14.04686542134691,80,33,78,8.873057404988279,0.06671123048062574
615.9505495799568,12958.035292969851,49.65059322116163,443,27,34,21.998233913569887,0.047530586625850454
4961.38003469919,3468.068678710201,19.78171698551758,443,45,209,107.85608771085197,1.430176365532155
461.5831429164799,91921.7504751135,36.69370327712589,53,2,326,153.86104763882665,0.005021424408329096
3841.1925916149007,277557.5007122493,3.210459274274279,443,79,411,48.014907395186256,0.013839217972996422
201.42955514701748,269651.09783949336,38.666847352474235,53,83,8,2.397970894607351,0.0007469979160589198
2427.716219061138,138126.21253077977,22.48745647399105,80,57,225,41.857176190709275,0.017575944483207134
9531.457575700731,16375.953671787165,3.732207591728149,80,95,227,99.28601641354929,0.5820043071942448
26.91094953799263,12735.371184197867,4.208583407755075,80,57,175,0.4639818885860798,0.002112921266881833
331.84139099427153,1795.870858587756,52.20956590338345,443,16,81,19.52008182319244,0.1846773736734097
2606.09494635175,466871.95033739303,0.6549139252393438,443,79,282,32.576186829396875,0.00558202171376263
808.703154610394,44509.90898661481,12.417830637526414,443,6,57,115.52902208719914,0.0181686506301991
1913.5564590162855,10530.853360165109,7.522261203051091,443,14,135,127.5704306010857,0.1816922808908428
443.20048064764467,161471.7257367666,21.877118761080773,80,27,238,15.828588594558738,0.0027447389559160083
1248.7329562354885,5119.710763121434,36.605356292120625,80,38,472,32.01879374962791,0.24385930274146117
868.2538683121606,40535.48536543701,8.937561843209513,53,19,217,43.41269341560803,0.021419071251117094
6321.255310456021,17001.49054927311,11.133973991854404,443,37,227,166.34882395936899,0.37178408022854437
1606.207782375011,57412.407059939535,80.25652785773515,443,4,26,321.2415564750022,0.027976179513229928
1819.6582598245495,20023.056053028657,30.64180833436427,53,58,187,30.841665420755078,0.09087360997220763
591.2178433842457,2498.905620795273,45.50020221859745,53,90,370,6.496899377848854,0.23649606547793064
527.7331002182743,24670.52669733474,11.552212283045408,80,9,118,52.773310021827434,0.021390370636255974
573.1587438766255,106223.02931402529,5.3334519439658346,443,40,197,13.979481557966476,0.005395754120588123
1981.6363337464688,21082.010886829557,10.615923126288724,53,15,116,123.8522708591543,0.09399209365225848
583.1959748113223,70450.99793531967,25.182094950892292,53,4,303,116.63919496226447,0.008277919603454552
1693.6856399365813,4590.323461510349,2.3178805279764285,53,90,102,18.6119301091932,0.3688883290700305
24664.030297329766,21175.68376396442,6.307071236717125,80,52,380,465.35906221376916,1.1646785952057155
4050.8704184611197,8632.02425965862,0.9551678422799819,80,18,163,213.20370623479576,0.46922958822095395
672.4748424286563,67539.72755887981,11.324925262507623,443,53,414,12.453237822752895,0.009956582742500289
6646.335195018929,23091.903642184447,35.140870358950636,53,59,178,110.77225325031549,0.28780855357131807
594.5988285818793,62013.69424175101,0.49945864763508663,443,99,473,5.9459882858187925,0.009588031286003976
51.563455623799925,112596.46943157705,22.498521191156225,80,54,280,0.9375173749781804,0.00045794506647535167
241.7418771649432,62157.568201706,53.91133129312664,53,41,286,5.755758980117695,0.0038891159201171616
66.27495800062637,33179.17342005035,5.408054126199079,80,60,212,1.0864747213217438,0.0019974265101513084
647.2481587746801,4927.966031509351,23.659551150555984,80,93,54,6.885618710368937,0.13131519970659636
1127.3528679277174,21934.605621004786,73.85927655663751,80,88,67,12.666886156491207,0.05139374254833442
13556.968416748523,9900.736199822228,65.55026789959864,443,4,32,2711.3936833497046,1.3691506361270178
1790.752247664288,13146.41089937687,5.3557378261400395,443,85,251,20.822700554235908,0.13620569565899562
789.4600310671101,12559.074787265408,2.1145684045742543,443,39,8,19.73650077667775,0.06285472375272314
3805.141173748158,5065.011250106095,3.210008487974156,80,7,499,475.64264671851976,0.7511118680734215
39.77732540453693,1169.103057535144,24.215629850671863,80,23,434,1.6573885585223722,0.03399471965172796
1561.5307000784042,8085.158916256176,25.874950859755288,80,85,431,18.15733372184191,0.1931115522524729
3485.2595293740037,29438.81079649752,22.43167620384954,443,63,215,54.45718014646881,0.11838593506819167
119.35719446122698,2915.3187233343947,8.191823806065536,80,65,46,1.808442340321621,0.04092734909466927
6097.481309485786,22550.744382748475,3.7212173403640763,443,41,80,145.17812641632824,0.2703773688633243
1822.0993626036368,380942.08568035957,17.38628670565908,80,89,35,20.24554847337374,0.0047831275355723814
588.2006488019587,102189.56347305869,13.220588280305797,80,95,189,6.127090091687069,0.005755919419673527
2833.2303303615295,259188.85988056482,26.100492841226245,80,44,89,62.96067400803399,0.010931100204564666
33058.67482742173,39604.253987471726,11.645003225929496,80,45,335,718.6668440743855,0.8347042752933521
1440.5775414119148,126913.9700195266,8.269129927856637,443,69,435,20.579679163027354,0.011350729872057439
1591.3386821634924,7435.736439049067,6.948035102156016,443,95,447,16.576444605869714,0.21398347180997804
550.5725026110518,8379.048136267726,4.751704645197225,53,51,136,10.587932742520227,0.06570039857268216
306.50480915346526,361.87168613274935,6.1780154704237225,80,65,34,4.644012259900989,0.8446644388819485
3810.4543951046085,130511.70706915775,1.9926598487743838,80,54,281,69.28098900190197,0.029196041371553773
303.6495563048535,222011.83488579094,8.519184022657607,443,56,113,5.327185198330763,0.0013677117201852701
1220.9070631152902,9606.873703070987,0.7451050159591798,53,94,172,12.851653295950422,0.1270735961823737
535.6676055748746,15049.084539762149,4.126069080338356,443,82,339,6.453826573191261,0.03559233200050452
2249.5146000635236,7109.639579532722,27.469177362256254,443,72,43,30.81526849402087,0.31635896812131087
1808.9342848096867,39104.011132322645,7.874752552661351,443,90,382,19.878398734172382,0.04625837539564063
5199.459289564356,119061.90155191,22.066689431530975,80,40,434,126.81608023327698,0.04366985200085565
510.2880660840964,1612.9854202447523,25.237983831212055,22,58,13,8.648950272611803,0.31616646574583923
731.5661134702376,40707.09969764332,17.40653604692604,443,15,174,45.72288209188985,0.01797102097380855
252.61192714677966,14544.851227111716,63.73676184042737,53,19,125,12.630596357338984,0.01736659637188791
563.1579333707568,26110.468058761875,0.4334607876472648,443,10,332,51.196175760977894,0.021567455805373052
1931.3040736736086,43848.29008992153,26.83809831568993,443,88,207,21.70004577161358,0.044044135485730614
3413.464117851029,16608.939306535958,63.7798579791344,80,16,343,200.79200693241347,0.20550732033727792
274.9947519684991,18856.627449031428,39.649451764821286,443,43,437,6.249880726556797,0.01458268028211701
4041.652330984961,15981.502659623402,3.675877405634909,80,31,447,126.30163534328003,0.252879815949938
8378.773213654453,94416.80002655218,7.914859617860964,443,16,104,492.869012567909,0.08874145776853701
2038.8727382799832,41280.269973560666,3.7857594775877996,443,80,130,25.171268373826955,0.049389777484699866
18309.836696924252,30664.941385317783,18.3913400505839,53,28,40,631.3736792042846,0.5970740133772845
343.54434516803855,3273.360520709283,24.908954543281425,443,62,23,5.45308484393712,0.1049195233680685
169.52797289495177,12483.092218867861,7.627368661936465,443,20,252,8.072760614045322,0.013579519433438282
76.09021126076573,84796.00760218382,15.509133982835193,80,35,443,2.1136169794657147,0.0008973218915664441
10343.012679036086,23307.83524618769,23.483139606630715,443,59,325,172.38354465060144,0.44373786033464513
2926.459134053477,59236.7380985643,10.940797526273013,80,9,290,292.6459134053477,0.04940193916898396
1008.9071493126723,311691.0339961734,38.48510071828811,53,10,202,91.71883175569748,0.0032368717813463866
1668.9549640077005,104601.07458226747,29.528752554132225,8080,45,155,36.281629652341316,0.01595527594144512
202.7079815901401,25329.816701483305,1.3370221308739434,80,82,55,2.4422648384354226,0.008002425819072389
42985.92301893551,10234.465200536451,19.410994660454076,80,15,106,2686.620188683469,4.199703890027643
1331.194279707309,478.0310105028729,5.366101850814564,443,30,260,42.94175095830029,2.778931322859161
1292.188009451778,17110.07270746518,16.307121829405435,53,48,452,26.371183866362816,0.07551765056132484
3257.2870539212986,13507.241881658263,62.879283309029645,443,96,200,33.58027890640514,0.2411333082763422
2256.372800929973,39559.03102354693,42.24954598081695,80,40,326,55.03348294951154,0.05703667925808588
1534.2946398825054,17485.760789608892,10.367628713594543,8080,91,217,16.6771156508968,0.08774035731044168
335.05286214765096,13621.741171430182,6.892495603235254,53,91,411,3.6418789363875104,0.024595113269150915
2224.311115620721,1526.7576828328536,5.342058840342503,80,83,47,26.479894233580012,1.4559318801763637
18454.005842058446,5377.873185276256,15.20775475450132,22,74,370,246.05341122744596,3.4308311808824805
8251.333224420752,45025.15268708842,2.4263757797388883,443,44,117,183.3629605426834,0.1832564572363937
11965.465921584233,288907.38444907183,15.937957991751873,443,46,374,254.58438131030283,0.041416125545824994
509.3709257080739,19028.857550953107,0.02669059158794543,443,6,424,72.76727510115342,0.02676693319139229
248.53725892568332,36015.92966855225,7.826795759002777,53,24,212,9.941490357027332,0.006900567627858924
908.0683216245745,91923.98232783431,4.967542996130042,443,73,155,12.271193535467223,0.009878362754382789
1192.2378525303097,6526.715409843924,70.96065067917202,80,91,263,12.959107092720759,0.18264243731158858
5660.611915917493,38185.87893738831,25.983429908705588,8080,7,151,707.5764894896867,0.1482344740767818
86.60028057227693,7253.684607716334,8.604995947963111,80,6,212,12.371468653182419,0.011937153061094602
10876.126961058804,80598.60798890948,1.9488409160068816,53,33,192,319.8860870899648,0.13494019676318228
865.2237570332799,27642.357627975634,14.546517261923931,443,85,369,10.060741360852091,0.03129951754332679
578.0604194206101,34464.24610885567,4.801925841763299,80,38,243,14.8220620364259,0.01677227017601596
240.2892574765958,6809.691546187288,15.375938019869169,80,44,98,5.339761277257685,0.03528118339335347
91.62599248687404,63611.43567757449,36.080166118943964,53,17,29,5.090332915937447,0.0014403786226845463
3769.719505473231,502358.5475358967,19.131452867257362,443,31,189,117.80373454603847,0.007504026795079198
1224.119330773997,4856.787338540302,20.090880478696057,443,37,172,32.21366659931571,0.2519911320658652
158.38973142053646,13231.57752572625,15.575421206851516,443,11,371,13.199144285044705,0.011969680972025401
157.17845908816503,31176.22958819188,52.41882555104553,53,92,197,1.6900909579372583,0.005041450480503729
662.700365791035,71654.36252423943,53.73634970816718,443,5,155,110.4500609651725,0.009248440625317583
13407.000674808216,9515.530878882077,14.378458834896028,80,64,140,206.26154884320331,1.408811766119458
742.9382802435875,314.33351276130844,7.298736364030667,443,76,401,9.648549094072566,2.3560397172436103
115.0406530091693,169191.11978656947,12.308432556207048,53,3,293,28.760163252292326,0.0006799409638834803
758.5323166434957,68923.96223746221,4.129610875768012,443,56,290,13.30758450251747,0.011005190166520207
728.4468358229378,1612.5607207983521,20.230955604294536,80,63,256,11.381981809733404,0.45145300479458833
19.195387879873003,8854.196552469211,13.866637383566093,22,38,478,0.49218943281725647,0.002167697550939228
1010.8609780553257,231485.7612855668,2.180689077634643,53,54,164,18.379290510096833,0.0043668198234814255
775.5699703719758,193241.23848269516,4.404151837273995,80,2,134,258.52332345732526,0.004013459875344117
3116.012900981792,90035.56464860315,13.064378824459675,8080,90,352,34.241900010788925,0.03460830511629405
17560.970659846153,16912.890287182137,43.711867979559116,443,2,416,5853.656886615384,1.0382573353425613
5942.276239894069,24946.30834776464,16.71222856654309,80,12,329,457.09817229954376,0.23819308107547868
732.6491692367086,18098.98778683401,22.884854015455616,80,40,378,17.86949193260265,0.040477881966839775
208.55673966169869,119654.01810192659,8.280892636178883,443,2,406,69.51891322056623,0.0017429836455671447
52054.144949819405,5920.85646323287,16.945155565874295,53,80,266,642.6437648125852,8.79017336421591
1198.50191418256,6576.7798344820085,11.861687073122127,80,94,29,12.615809622974316,0.18220462592861175
1119.7871906302544,100248.95089778141,21.52507699445374,80,57,139,19.306675700521627,0.011169952509722735
1057.6580640851091,20608.477860311566,1.0379867404966765,443,47,348,22.034543001773105,0.051319013089695026
1476.0533376869548,174155.00817088102,13.596731865194142,443,36,450,39.89333345099878,0.008475466067404683
883.1184902228619,8044.401716423623,7.019328944623792,80,4,312,176.62369804457236,0.10976686079205869
463.82484404661784,20288.965777532,7.895995548009331,80,75,85,6.102958474297603,0.022859814015074986
482.8526758300477,5521.365725637375,64.84157462594646,443,24,249,19.314107033201907,0.08743583815690117
1044.057762185556,22271.074818091467,4.034854152405372,53,82,351,12.579009182958504,0.046877436014065216
485.34639053396296,2397.4946961226065,7.457400514618467,443,91,314,5.27550424493438,0.20235458152922803
376.4297060101262,10599.37025646161,14.262613574064979,443,62,233,5.975074698573432,0.03551099602211234
1286.4545999794361,2554.518938716745,39.75942148648847,443,2,308,428.81819999314536,0.5034024911689482
748.0981409665964,62372.81795689286,10.780047153500906,443,15,61,46.75613381041227,0.01199378465951233
10467.070684090088,64529.90312180271,27.241034527822773,8080,75,273,137.72461426434324,0.1622024515034818
20.56406813311186,1643.536997523022,38.81086528169632,53,91,219,0.22352247970773761,0.012504472787225319
5637.8624694873715,162889.7088994121,7.421747715228291,80,49,286,112.75724938974743,0.03461132011506471
7109.07765072985,932964.7424098795,9.9763002669123,443,87,489,80.78497330374829,0.007619869977612341
48.90671222558224,23600.17910322273,8.818412549243245,443,35,249,1.3585197840439511,0.002072214782646349
655.8739419909208,8419.69269604044,35.77796835299374,443,94,72,6.903936231483377,0.07788835974258085
628.1875076773018,1523461.9268345174,0.9072051615885128,443,47,293,13.087239743277122,0.0004123418408234999
132.78515656259677,3045.886444468314,7.375560368995469,53,24,389,5.311406262503871,0.0435806056388058
341.4751703020703,22700.89659584151,22.751754631987925,53,83,410,4.0651805988341705,0.015041702302732761
207.29361782037563,28837.54344274241,16.668586144155487,443,60,198,3.3982560298422233,0.00718807516169974
15190.198527695225,165664.74730817822,11.464284150630238,53,93,80,161.59785667760877,0.09169184804048718
4462.737249020043,37782.77019291458,15.528324926269772,53,77,385,57.21458011564158,0.11811254478402795
7385.933874019502,10425.908157658669,4.40257664869147,53,48,137,150.73334436774493,0.7083532109750539
3237.342629134656,5288.148398626278,11.267538800451502,8080,23,213,134.889276213944,0.6120725654011662
201.62758217322548,13190.699404039777,13.931179248540747,80,12,327,15.509814013325038,0.015284428184550643
499.30623283763885,4863.9636900656005,46.29095157229975,80,41,107,11.888243638991401,0.10263308518771412
2284.8641345429323,23664.657743547417,6.044686570288269,53,29,448,76.16213781809775,0.0965476708614158
175.35426282362278,9449.392476397135,40.473099472726865,53,70,207,2.46977834962849,0.01855523601390942
3195.4961531579465,2342.428076873597,20.67005740692852,22,51,152,61.45184909919128,1.3635989876084043
764.721643390621,144743.52795634264,0.41101109226100496,80,23,133,31.86340180794254,0.005283250801862947
625.0107119287969,10440.953773267387,25.792889720301577,443,31,435,19.531584747774904,0.05985572484805447
3185.740229997817,3287.2110942129784,0.7239847014004436,80,21,166,144.80637409080987,0.9688368960266867
2135.369475710531,17113.301374412807,118.90022270657596,443,24,413,85.41477902842124,0.12477105719916046
638.1355689386802,24405.342663986597,41.21423099548973,80,72,430,8.741583136146303,0.026146300481157198
6241.617890286141,1604.0707751822058,7.057749581522403,80,9,180,624.1617890286141,3.8886870204073087
216.67640266743152,36223.79494107298,5.952257203216282,80,22,121,9.420713159453545,0.005981439039748877
2762.533328631992,4579.12699715516,9.607256647168775,443,4,174,552.5066657263984,0.6031564911514191
2669.5144660926244,286800.81052048167,8.806316988056956,443,77,331,34.22454443708493,0.009307871736402388
689.3025856638654,48336.428475822446,9.315063692280537,80,98,68,6.962652380443085,0.014260224579564525
1788.6197881980931,12090.194302698033,7.662623924338843,443,3,187,447.1549470495233,0.14792747047320048
167.89346400496223,7202.967295822351,19.411422656529584,80,28,138,5.789429793274559,0.02330569491928777
4385.419331306588,18817.61049190243,3.5888420573614557,22,90,354,48.19142122314932,0.2330362984660114
831.0141275190239,55225.83302496607,37.41362412646052,443,98,388,8.394082096151756,0.01504728918899536
500.65411289050246,21200.0497450548,33.46912967205539,443,15,308,31.290882055656404,0.023614590735408343
5289.684269969251,15902.979956488447,12.943723450014781,53,8,330,587.7426966632501,0.3326012912768533
381.2611083625687,24041.948462725915,38.30974812953559,443,48,481,7.780838946174871,0.015857502209167172
132.59615169924786,8903.605652257385,5.677654516510746,53,99,238,1.3259615169924786,0.014890738217658602
106.17155611203901,13163.341812139963,0.3544311807936528,443,88,18,1.1929388327195394,0.008065086551773456
2721.7080642990204,964.2121486792861,19.310035756187723,22,52,76,51.352982345264536,2.819802950080118
160.6705461504455,94900.98332857696,12.24644291376478,80,55,435,2.8691168955436694,0.0016930156832882992
15247.811643878305,34482.135954064775,16.74795275487175,8080,37,151,401.25820115469224,0.4421816990249965
48.284272580150436,6903.723853715017,45.92001813168459,53,4,108,9.656854516030087,0.006992933186483855
13970.238891613722,380066.8632073049,70.08160176980132,443,55,153,249.46855163595933,0.036757222180591916
1504.966925912958,25097.530167787827,20.127215988146464,443,12,316,115.76668660868907,0.05996235300840348
948.5460439816893,4655.407108378726,28.883181038500684,443,19,37,47.427302199084465,0.20370771324416162
484.25971778412406,79626.81063983489,1.7505960485156649,80,79,452,6.05324647230155,0.00608154002845165
1995.6082529031312,40017.50749700082,3.5041127396425042,80,57,333,34.40703884315744,0.049867133427019775
1036.4409361985713,39809.86314268982,26.42547949343441,8080,94,146,10.909904591563908,0.026034123713514244
5738.498231991716,11630.271534710004,11.290346591339118,443,37,126,151.01311136820306,0.493368090914816
1301.5894793245614,43292.885168191366,11.810558107980045,443,76,285,16.90375947174755,0.030064048866671307
1373.9603873410872,14873.889388498937,7.38095723637503,53,83,108,16.356671277870085,0.09236777171623305
635.607784251453,50711.71243866073,18.69705813435884,443,98,286,6.420280649004576,0.012533500057214427
1006.8496376286938,1264.6912737241867,4.095393919245342,80,7,240,125.85620470358673,0.7954938605732235
1740.1083377379337,11489.51093497856,19.71904864564781,53,92,375,18.710842341268105,0.1514387260570655
84.33082116134437,291627.51888931723,3.8183404148370528,53,55,102,1.5059075207382924,0.00028917206548427705
145.1433488526114,6970.197345414233,1.3190791884314095,80,28,220,5.004943063883152,0.02082043322845954
3343.9102710816455,8903.881228598459,8.020231457660948,8080,93,7,35.57351352214516,0.37551430336235314
1417.0013000998429,11249.264101860066,5.256936509882778,80,37,216,37.28950789736429,0.12595271428921945
832.1602208937549,3560.9790360603515,43.96299504371016,443,84,169,9.79012024580888,0.23362299790909138
1127.3791702943495,802.3772113691517,1.1304219507183126,80,61,74,18.183535004747572,1.4032999123450602
1847.1008080274312,15585.87605767621,3.886595981898555,443,75,293,24.303958000360936,0.1185035924576928
488.02199645293837,27005.319284581296,15.913328311094386,443,39,27,12.20054991132346,0.018070659363475884
341.22528258705836,20358.267977776777,13.119617326621087,443,23,277,14.217720107794099,0.016760194077681177
1471.103211989059,17724.12805208737,0.9387300511119845,53,52,484,27.756664377152056,0.08299535031092861
252.760104054286,23495.43218835994,0.14557709441151778,80,84,43,2.9736482829916,0.010757382313537055
2023.085567434801,102156.59982645602,88.5705309641439,53,84,307,23.80100667570354,0.019803573800398523
85.29574697515082,16553.133878656376,21.507763389419303,443,11,93,7.107978914595901,0.0051525345632926515
5134.477969705435,9310.295728448966,9.095401218569833,8080,66,71,76.63399954784231,0.5514246480237948
2228.0815965854144,14448.007180818211,12.713883336320873,443,13,269,159.14868547038674,0.15420309289785014
1610.0887834705043,52523.71913686872,6.199920285561943,80,77,109,20.642163890647492,0.030653924664974234
4788.80641134472,183146.2545489874,8.45854730517824,80,41,181,114.01920027011238,0.026147301105536536
13335.856535594192,8585.10832548074,20.941915018312468,53,49,215,266.71713071188384,1.5531898771900845
5021.857165351417,25550.206570323233,42.87948159673738,53,15,447,313.8660728344636,0.1965409011715367
69.31689371251312,36590.216060588136,4.07000557451146,443,56,114,1.2160858546054933,0.0018943588427817607
160.87610746411957,4969.790622366462,36.696868574430546,443,54,185,2.925020135711265,0.03236428964443702
429.5645982352261,22711.478826142935,2.592076700715236,443,31,409,13.423893694850815,0.01891315349255409
1140.4025297267335,2444.239263902511,4.841233099839376,8080,61,125,18.39358918914086,0.4663766636507764
2383.8891525810527,1550.6423515052932,0.7576781329803637,22,58,105,40.404900891204285,1.5363650974519822
369.2169014919482,38182.00505849603,3.0353472259400305,8080,87,237,4.195646607863048,0.009669665887383957
1451.20590255721,12384.33799089897,49.8514742461527,53,60,141,23.790260697659182,0.11717127975220291
353.161550176844,29834.49673182062,12.30294642136757,22,53,293,6.5400287069785925,0.011836958953667582
438.2209764133309,21443.085851902182,1.6169543039676402,80,86,158,5.037022717394608,0.020435516787229185
132.9546848468265,5091.86744335453,64.24139976357333,53,61,474,2.144430400755266,0.026106056426093222
274.5545952116657,20580.89602466032,42.238023263269284,53,80,396,3.3895629038477244,0.013339616276493986
144.3835198633593,3464.5846783007414,28.104041482267398,8080,42,449,3.357756275892077,0.04166209550942324
253.70955298158015,177452.55155902196,54.2028854270204,443,29,274,8.456985099386005,0.0014297237263081492
5326.5695318418175,2881.4372180817036,4.972545944276991,80,84,378,62.665523904021384,1.8479394792809098
263.9874770889463,16421.095423616174,36.20286353777449,443,92,341,2.8385750224617885,0.016075139638350475
56872.835435727015,4612.810568144435,23.423091660982163,443,27,117,2031.1726941331076,12.326651602993731
2298.419177139538,51825.19811373473,40.76741229651304,80,44,374,51.075981714211956,0.04434859705694719
1447.0093460741489,13397.895790888999,31.882275161333386,443,93,62,15.39371644759733,0.10799467125179736
302.6155928876843,10117.277860768956,8.508103830230883,443,5,24,50.435932147947376,0.02990781603863629
3135.251957679954,79205.60278833295,29.779705490533384,443,52,60,59.155697314716114,0.03958321462237708
462.45222792440455,23020.626273154165,6.088598846668122,443,53,401,8.563930146748232,0.020087730659743896
1316.8722838290528,47808.879694964475,7.967570438434902,80,52,362,24.84664686469911,0.027543936362754557
51027.84828096994,5054.383144493591,2.283669076145335,22,38,316,1308.4063661787166,10.093764769649622
949.4759021483709,2677.863580417493,54.69094823400495,53,44,265,21.09946449218602,0.3544323455248132
6148.171437956367,25869.29292772181,6.878089926525137,80,53,180,113.85502662882162,0.23765372333175927
381.92924246914237,13653.217221956744,14.70533638193321,53,2,232,127.30974748971413,0.027971522370024905
1040.563075378659,56367.72425404947,9.929673803501252,53,54,476,18.919328643248345,0.018459936589817465
15618.337028060596,19538.405511359397,64.34160904204758,80,84,143,183.74514150659525,0.7993250879091867
428.18246007234166,29959.837354216324,8.16084364641897,443,77,333,5.489518718876175,0.014291404976773269
16625.165776537524,1929.3263993311878,30.150791592453828,443,90,412,182.69412941250027,8.612618975888093
3170.447116637781,374241.0582037846,38.67791389879267,443,35,245,88.06797546216059,0.008471648354689706
471.67955029940896,17216.732719779422,11.440071425227831,53,46,81,10.035735112753382,0.02739498620265791
2831.6407942581363,62716.537981940106,9.501829068504536,443,72,126,38.78959992134433,0.04514910638031621
4716.544318093871,6284.631544167157,27.546361054412994,80,92,137,50.71553030208464,0.7503692007640277
2786.983043508384,34961.923676459875,48.81304491716621,8080,79,56,34.8372880438548,0.07971252831423897
104.0282940344977,3120.4511032052783,28.124369334579878,80,55,213,1.8576481077588876,0.033326901686102244
368.44602778027013,43395.09769575778,5.152794360074155,53,72,94,5.0472058600037,0.008490303214896851
756.5147620646662,12913.63325064053,43.8401586929465,80,11,383,63.042896838722186,0.05857810650775895
980.781650549207,23012.337310530995,9.806793600876993,443,29,459,32.69272168497357,0.04261796702125412
2782.230286360906,62752.96112948469,17.171260713858825,443,69,478,39.74614694801294,0.044335532551007154
1431.6050428313486,3467.5013210504594,35.608750416306314,80,63,292,22.36882879423982,0.4127445574671937
147.96613972323212,7889.29774425485,4.174824475744099,443,47,128,3.082627910900669,0.01875292219878147
1939.7158582464658,43738.60591466594,30.69682807701892,80,7,440,242.46448228080823,0.04434689837011259
2740.4532842992962,512641.5832388182,18.134868947173807,443,64,217,42.160819758450714,0.0053457386762243205
2539.4065015347733,17905.737980082773,44.762489340481025,443,82,199,30.59525905463582,0.14181290329703228
5547.879647971131,53460.811913502555,3.7741275734000244,80,64,20,85.35199458417125,0.1037727575890471
3831.0079957754383,18761.136377369072,10.918082771026487,53,92,55,41.193634363176756,0.20418826079936228
2183.6872342370257,405699.65229087084,35.7764468801483,80,12,246,167.97594109515583,0.005382508561192578
987.0803385340945,1602.2553341679557,0.38838076803405763,80,12,251,75.92925681031497,0.6156725741045866
90.79085818221766,25385.452862857655,2.3802065216123904,443,36,60,2.4538069778977745,0.00357635068879795
2088.971938948763,1923.081160135643,93.26703300298561,443,29,163,69.63239796495877,1.0856984529704017
1497.4688534546187,512.9316724501411,6.581033743059521,443,11,202,124.78907112121823,2.9137508616962986
1648.0833007985796,34413.1170294292,74.21693453004079,80,53,227,30.52006112589962,0.04788974534459863
161.56008814301177,27153.105292095748,4.030859429230777,53,70,129,2.275494199197349,0.005949748165336903
216.6786086150621,14367.796016720893,8.959972673227366,443,85,462,2.5195187048263037,0.015079802675388693
5322.6643785390925,18783.02593045562,27.956770344648763,80,74,45,70.96885838052123,0.28336121331205955
1033.4595807017195,2297768.8643442136,21.44593639369535,443,96,197,10.654222481461025,0.00044976635682210506
3048.030874117681,14954.047724166894,17.403530513444025,53,47,424,63.50064321078502,0.20381284836638516
1144.2189736950684,47343.58182342639,15.096161754405014,443,33,492,33.65349922632554,0.024167896929842596
1146.6893107410233,8316.134068316904,37.08637579460693,80,81,166,13.984015984646625,0.13787072581999066
4480.212283355578,34298.22431462028,5.356244185793973,443,67,247,65.88547475522908,0.13062138788502736
505.6945888306033,15408.113301275067,11.684812562340387,80,43,226,11.493058837059166,0.032817890227905475
1266.7136714679336,11899.150332323681,3.3790810383202734,443,18,280,66.66914060357546,0.1064451822954903
548.1708820743643,337171.77524520544,18.12391692892988,53,74,260,7.308945094324857,0.001625786309928827
571.4949568871729,128769.2658210556,5.768164701449524,443,53,347,10.583239942355053,0.004438097205463142
689.6897196565686,27041.282833499372,8.124569918591895,443,39,197,17.242242991414216,0.0255041234463459
1530.271818030634,694.8403424522056,12.74481807877866,22,72,107,20.96262764425526,2.1991708796845764
534.791562140303,12816.46773887468,0.5427088844235832,443,34,269,15.279758918294371,0.04172365189719256
7212.956403725467,1270017.6381020006,1.928851004133589,443,37,232,189.81464220330176,0.0056794098821297484
286.6004388642304,15584.116477715446,23.162738134360687,80,41,405,6.823819972957867,0.018389367783938557
828.562717248199,115246.2425910399,11.206269950676095,443,97,101,8.454721604573459,0.007189436368455179
567.0250102757622,191551.81069241837,40.018555910048754,443,49,160,11.340500205515243,0.002960149779197184
9609.109430349376,30590.533391437693,23.72737364625877,443,10,422,873.5554027590341,0.31411009403794327
1472.6697142878193,6230.846966360552,0.1626786513518274,8080,40,95,35.9187735192151,0.23631352346058493
5155.228952820181,570.7957856410385,19.17938954258198,53,18,416,271.32783962211477,9.01585685358046
118.11508436943522,61466.32930637321,1.9682467838952267,53,25,207,4.542887860362893,0.0019215912860100221
1636.9260443560352,6489.014802357117,30.36756961183775,443,41,313,38.97442962752465,0.2522222358817299
4164.894372083925,28687.755636273017,95.37188056298066,443,36,432,112.564712759025,0.1451751489290105
1240.6937573893745,3378.7783580532273,15.151529374244284,80,2,414,413.5645857964582,0.3670932309608674
5422.002887429479,14796.46661907912,22.963163278535205,443,83,235,64.54765342177951,0.3664142671853449
504.75205315379134,23169.188251535834,5.418181535591562,53,74,327,6.730027375383885,0.021784546921854806
9081.740700072838,32954.739593242935,11.510758533523004,443,49,422,181.63481400145676,0.2755738700500871
34487.326421515565,4137.167769135442,38.772084561274205,53,67,479,507.1665650222877,8.33396042536979
636.3458210411992,132636.34618612466,3.664590123015073,80,53,428,11.784181871133319,0.0047976368597441674
562.1373516003796,8997.102165877934,6.1722752106397625,443,19,154,28.106867580018978,0.06247287941807144
9701.897031972621,1787.0040996698817,11.791377351943282,443,26,100,359.32951970268965,5.426104466854342
11723.588691371277,18703.479780593265,24.913187605614908,443,54,238,213.1561580249323,0.6267797249049945
500.5512340597962,23192.006793823686,9.428379160484717,53,51,107,9.625985270380696,0.02158198971394659
583.8941838400261,28025.894062690302,52.547554390851055,8080,25,346,22.457468609231775,0.020833353226154025
718.6130872838015,169939.64193171353,1.984411436535868,80,17,364,39.92294929354453,0.004228612291417367
145.95877713477674,15449.42005759628,9.26625558122567,80,74,130,1.94611702846369,0.009446913196577807
276.4478181241546,18408.550991562075,24.685487455752124,80,61,299,4.458835776196042,0.01501654321992226
243.1768240908206,4210.0231612689695,5.123326138200542,443,46,493,5.173974980655757,0.05774768144888107
346.64584956890405,75420.18730727308,21.36630629901871,443,55,43,6.190104456587572,0.0045961335527195555
1041.0370605770383,29040.99107017252,3.5877243797825193,53,50,63,20.412491383863497,0.03584592592366134
1558.2553340793563,11730.627189500727,1.152164567486026,443,75,73,20.503359658938898,0.13282516644186615
11223.3391215906,1265.2031229859708,2.5797652343387534,443,11,186,935.2782601325499,8.863774632875353
245.29680808576109,192262.76682642123,53.18085353518272,53,12,117,18.86898523736624,0.0012758348186698064
4800.539554253286,3492.8735854098045,16.048122724937155,443,40,304,117.08633059154356,1.3739877636958693
795.5365030581196,9073.224439542888,31.826634021590813,443,48,5,16.235438837920807,0.08766991695636245
1018.2130269882157,37703.822716602335,8.088947550584834,80,56,475,17.86338643838975,0.0270048485479252
3017.6366514211486,3659.797536887295,17.962074841403975,443,8,76,335.29296126901653,0.8243112657869046
203.55107733347566,2344.284067639991,13.662041389119523,443,88,291,2.2870907565559064,0.0867916514430189
1946.1622185685187,910.577147002573,58.27860729373111,443,14,349,129.7441479045679,2.1349396756685315
1407.6519510719136,64957.95083812823,27.532793245893497,22,87,400,15.996044898544472,0.021669868938918882
2295.433276117083,9722.719408972463,26.226901770347556,22,56,83,40.27075923012426,0.23606535519720934
1692.1462385961795,1777831.8867650377,0.9492395900662332,53,54,433,30.766295247203264,0.0009518027544620493
43606.00764493254,4956.560846767653,15.955477932677313,443,17,60,2422.55598027403,8.795859293056143
421.3188976828337,5529.33848755056,12.584356419790314,53,45,107,9.15910647136595,0.07618320264325085
494.4789428752106,9432.444279872676,52.57801629121648,443,5,117,82.41315714586842,0.052417646005524995
430.6472072987865,31719.978016745503,5.950392408541606,80,3,307,107.66180182469662,0.013576101186774502
476.6508829091603,10880.146569950883,6.2896524936899665,443,9,383,47.66508829091603,0.043805207460900136
421.5419546565614,55187.86223303438,10.598342541386678,80,84,347,4.9593171136066045,0.0076381707757736525
6525.838937097171,5075.180729586146,5.577610754446716,443,20,82,310.7542350998653,1.2855804954031282
9235.004426811629,2772.7986228706077,2.766489629946446,443,83,315,109.94052889061463,3.329370903376652
465.8578568498107,1484.2693216997584,38.95631780765822,8080,21,320,21.17535712953685,0.313652110121468
314.6518030663114,784.1801272404573,16.341424270202932,443,80,361,3.8845901613124862,0.4007383683692633
2224.134954655541,10126.352575814059,39.51788490796842,22,33,141,65.41573396045709,0.21961662122509448
478.98315682043074,14024.05756596093,35.57308621196946,80,5,222,79.83052613673846,0.034151956565435536
2833.867673377833,8542.803048732767,6.62689403263296,80,24,410,113.35470693511331,0.3316869147397022
1486.8045984622188,142216.90850405575,15.869847848078727,443,63,70,23.23132185097217,0.01045441192393726
112.88660592632635,138974.4405698451,1.7377048495908776,443,79,387,1.4110825740790793,0.0008122773740702248
11173.026473871118,13330.308002012642,49.36143526840208,80,26,471,413.8157953285599,0.8381042934559995
16217.018745628848,1493.8595175970925,10.35911012371132,80,89,12,180.18909717365386,10.848523593505861
437.3863778399766,9413.897538170528,10.006821712176794,443,92,297,4.703079331612652,0.04645683886273797
613.0507120074901,8957.69222952263,7.212379101513352,443,33,105,18.030903294337946,0.06843082631940767
1683.7825949588298,8219.77040654514,12.348321046567676,53,18,207,88.62013657678051,0.20482053526494923
1811.091869102999,7734.310696375608,5.800613539856581,443,18,65,95.32062468963153,0.2341330478104246
2944.859564908376,8265.170642254643,9.395345873001599,80,38,63,75.50921961303528,0.3562543881994129
22366.214279862535,12334.89573502812,32.183463808009584,53,33,178,657.8298317606628,1.8131001396479907
840.9894865447231,8490.37418352663,35.94615709202403,80,27,431,30.035338805168685,0.09904044603007285
331.1442672673616,30106.120319409503,7.253356670475499,53,49,8,6.622885345347232,0.01099886883083531
138.52089185613235,37818.47708147086,12.660408685835042,53,50,159,2.716095918747693,0.0036626865981708345
366.3557808585282,5619.693304391356,41.40088094037587,8080,15,11,22.897236303658012,0.06517982053429253
1043.4726754462931,148241.50138992898,1.0822258945679777,443,77,273,13.377854813414015,0.007038957557128638
16184.945439102887,5063.972570488188,43.99063790219745,443,52,411,305.3763290396771,3.1954655654814137
504.5076743368437,1945.548223418968,4.948323899418608,443,98,380,5.096037114513573,0.259180670823923
1534.0735502079658,38994.15753316041,22.69759617481477,443,68,95,22.232950003013997,0.03934010393222368
1069.9483506719719,6463.251500359392,17.471891320674008,443,99,155,10.69948350671972,0.16551774797321642
6519.74086938888,35665.43195655077,16.101282775333278,443,19,206,325.987043469444,0.1827976759024087
48552.38702384479,598.5422396411583,39.23106886236743,53,95,115,505.75403149838326,80.98242928288867
494.574027026212,177847.88979523577,2.1421773881954316,80,25,379,19.022077962546614,0.0027808665412285337
526.2839185507568,60381.62477519057,8.52442136860251,53,76,87,6.8348560850747635,0.008715817182677213
5251.354464785551,2319.9134925136027,15.454752152162213,53,76,312,68.19940863357859,2.2626239546301283
3049.818118179262,2396.6670314000285,33.350755215269984,443,25,197,117.30069685304854,1.271994016783237
17501.83459827539,270600.5037027413,4.878231516124453,443,33,350,514.7598411257468,0.06467752159094188
2633.034541217676,7287.6043147088985,32.483909569785254,443,60,98,43.16450067569961,0.3612535991155445
639.7400127996494,6302.632781453936,10.2044655207408,8080,37,431,16.835263494727617,0.10148751283257541
2659.7362588147744,735.773155640051,4.18762023120405,80,92,19,28.599314610911552,3.6099798675539465
5785.183568173904,13014.672991417783,28.458041667084736,443,43,313,131.48144473122508,0.4444782511045347
3754.548329196609,15653.042370507941,1.9059794297828172,443,9,415,375.4548329196609,0.23984528981920608
2347.0418962248305,64423.87963539048,14.462537239082167,22,14,16,156.46945974832204,0.03643067568783677
5431.724958432124,2701.0135156505576,1.3201420352082742,53,3,45,1357.931239608031,2.0102508469963523
6335.622716209363,2251.990592018296,8.814112137609648,443,69,155,90.50889594584804,2.8120946171078876
8718.813896051366,43323.216674896124,18.379727186628838,80,56,445,152.96164729914676,0.20124573656985273
2901.737084733353,99717.36435576461,16.24381957980095,443,26,410,107.47174387901308,0.029099324918536
853.4806575963818,2086.5587844009287,10.37229822990664,80,53,231,15.805197362895958,0.40884149657194296
1366.5854421022389,111554.78889843746,11.209002506986113,53,41,157,32.537748621481875,0.012250242283225701
6699.334350437859,23302.4261846693,5.143563099338081,53,82,113,80.7148716920224,0.2874828060624481
322.0144735731421,113290.20695206591,12.171804506228165,53,21,499,14.637021526051912,0.0028423606936184205
1906.4725161164736,19824.4134111252,61.26089788656298,443,39,377,47.66181290291184,0.09616306487947637
607.8886851132316,500.98848849654047,38.00288009039433,443,80,359,7.5047985816448355,1.2109614045809358
1144.9511306268182,17536.66176462887,3.1385241727060804,80,23,383,47.70629710945076,0.06528527839076201
7462.739074047299,108035.56181880282,0.6046648112899471,443,93,44,79.39084121326914,0.0690760511850024
1460.6672079059224,5763.965498269171,54.21838005862813,80,74,365,19.475562772078966,0.2533696356629475
1175.7421241580873,12308.588461970452,14.962619207576811,53,58,413,19.92783261284894,0.09551433240765556
142.62456932276683,16912.35577410425,15.436788347068223,80,69,365,2.0374938474680975,0.00843265944545061
3358.9387304792585,284.49884112884905,30.3479337338129,53,75,110,44.196562243148136,11.765157144590052
2887.730769216571,270228.0100183991,7.5576498205615374,443,29,111,96.25769230721903,0.010686235238103983
28138.164045609985,5698.375881516591,13.152032282007609,443,62,223,446.63752453349184,4.937060588838103
691.1332540946227,47032.92412330898,69.25905998731295,80,53,386,12.798763964715235,0.014694356615507491
1523.4388983176739,19340.3389707101,22.303901743881568,443,45,390,33.11823691994943,0.07876594793280448
1594.117428273456,145281.50956930817,3.3386916832458313,443,27,265,56.93276529548057,0.01097253504912076
11686.386772459657,40501.09070185991,2.8595573621499444,53,34,271,333.89676492741876,0.28853786483478994
950.5651490188943,15484.790958730484,4.5697751887232805,80,14,212,63.371009934592955,0.061383054411114246
1666.5856451483787,5765.962423231518,29.109602831741732,53,41,496,39.68061059877092,0.2889884696378006
2729.4209639763194,72895.05274205083,7.001847528484748,53,74,314,36.39227951968426,0.037442644166682366
1450.8627881028967,1325.8884527174437,0.43241805933029664,80,60,258,23.78463587053929,1.0934323719010108
561.3527962425526,58036.9775537481,57.71044159441176,53,42,387,13.05471619168727,0.009672163295536827
1467.2350486651837,4236.246398114841,3.719687126710025,443,51,247,28.21605862817661,0.3462708822687204
5488.705008427145,144123.44855512926,0.1920831757436302,53,75,436,72.21980274246243,0.03808309459950962
235.15080950347,28055.7621471228,5.413394855238794,80,11,55,19.59590079195583,0.008381252557597224
1338.7003191842205,57883.38440214529,5.3583415216683665,80,35,309,37.18611997733946,0.023127140989938663
383.6838006577862,24908.969058232273,10.963809897183907,80,19,350,19.184190032889312,0.015402821246419252
6585.133869207798,1589.9126510974284,50.612268986321645,443,88,72,73.99026819334604,4.13921774062536
111.63332794058263,6056.614471658024,42.26988296905701,53,65,296,1.6914140597057974,0.018428595689422865
474.1943359335817,60390.31397537872,12.20903576362598,53,76,213,6.158367999137425,0.007852028788890216
1931.0473683358969,28282.081655117614,10.58318338355313,22,61,295,31.145925295740273,0.0682757060168685
11479.131846094831,129506.3065234187,16.19402832137956,80,47,171,239.14858012697565,0.08863694376980244
993.639642659962,40332.4584581699,5.579839141631757,80,14,246,66.24264284399746,0.024635617193364965
476.84939627742114,5166.481443471878,1.071918699485426,443,67,141,7.012491121726781,0.09227887927489878
18430.01020095283,6673.527057792919,56.01125090652312,80,52,104,347.7360415274119,2.761245859275477
124.95818350520382,25703.336459526094,4.133079713143917,443,32,105,3.7866116213698127,0.0048613658517099746
40.519813028565636,684.6678985059705,4.422929167792413,443,80,240,0.5002446052909337,0.05909539168576493
2121.8034183388863,271078.2567401202,12.790624209913236,80,10,421,192.89121984898966,0.007827243750978072
516.4191094766411,42728.443627759676,13.530259774276027,443,17,311,28.68995052648006,0.012085790631290678
237.0214810344377,138767.04842238914,0.3721247430224039,443,40,416,5.7810117325472605,0.0017080407466204311
3173.323279695281,2057.1855479851833,3.2023126011819096,443,68,398,45.9901924593519,1.5418062199502558
1580.823306954593,142464.44524880886,9.501282433266,53,63,321,24.700364171165514,0.011096187599693127
470.540509379887,626089.3468790596,23.02322385231506,80,15,411,29.408781836242937,0.0007515536882583181
160.70066357187574,3037.1731196687188,5.186258368878679,22,97,280,1.6398026895089362,0.05289384680929521
4058.97595285581,70059.67741677097,10.998760992032208,443,39,371,101.47439882139525,0.05793515139327188
2908.2353489746283,22063.168577906054,16.299294791671322,22,57,369,50.14198877542463,0.13180806422439995
945.04845785351,2171.8817303784326,43.89121161076854,80,10,22,85.9134961685009,0.43492862250211783
17499.988347802027,46134.944534928465,7.892595528006481,443,71,78,243.0553937194726,0.3793135379411857
220.2741375717519,76911.04761400557,2.8672082972231316,443,97,301,2.247695281344407,0.0028639744280015804
111.24247114029767,8940.172568958305,13.438371248564883,53,17,392,6.180137285572092,0.01244159759610344
388.4396804895787,126611.01362707278,27.46532013275674,443,76,475,5.044671175189333,0.0030679527902755088
1024.1527613375263,1807.7800681240128,2.3275250464911283,443,17,195,56.89737562986257,0.5662118791477686
1579.7299188676973,2339.9054003309125,11.056698808074222,22,16,320,92.92528934515866,0.6748371457660721
763.6777547519642,27035.22957048918,0.3589039495043018,443,78,353,9.666807022176762,0.028246459172899627
1859.537527703733,22881.360747574145,0.6827043031935718,80,3,371,464.88438192593327,0.08126510844825617
167.78625265567982,7518.634119217661,13.19244403995813,443,51,431,3.2266587049169195,0.022313087311904508
9562.90572611889,74190.51968602231,7.082059319115,443,94,21,100.66216553809357,0.12889486246661344
969.4929786431478,48841.78479757979,37.300453068550375,443,46,160,20.627510183896764,0.019849256807551792
5860.227752218988,79794.4000689528,18.433821054191498,443,55,232,104.64692414676765,0.07344067135643217
1833.694420080363,18311.697586028502,12.100270601673405,8080,99,361,18.33694420080363,0.10013240329373226
2175.7524304469434,54386.45440702261,10.482789590808144,53,26,301,80.5834233498868,0.04000467486792333
2577.6951356246336,11288.327942863232,13.753065203897512,80,76,44,33.47656020291732,0.2283302556778124
2146.4333572782075,479609.75180325465,0.8255842975215143,80,31,297,67.07604241494398,0.004475365385800848
2875.7941460495513,6510.563853006979,44.65994117155702,8080,81,352,35.07066031767746,0.44164415967779175
8052.4268352633835,518111.7047285678,127.57970134198621,53,72,180,110.30721692141621,0.015541844007631391
1472.5954785618023,23209.847310398534,4.0053230425627895,22,19,472,73.62977392809012,0.06344427925740026
3176.40596325734,2798.205689719321,2.5653730695044326,443,90,395,34.90556003579494,1.134752610329197
958.5257802426894,171462.35647672956,3.0998281432565156,53,68,101,13.89167797453173,0.0055902660483190605
9510.72913715694,26604.937094200548,21.6366998517558,53,15,115,594.4205710723088,0.3574664220051114
397.5861129208861,78959.1688290127,21.661128525516133,80,58,213,6.738747676625188,0.005035274351829895
16340.64186336586,138106.97953168533,37.66751900364719,443,78,18,206.84356789070708,0.1183178692409798
1032.5255538634597,36568.164966151526,27.872534621343878,443,30,395,33.307275931079346,0.028234868223520195
128.23151573268285,9060.12986464912,11.945458592721735,443,48,27,2.616969708830262,0.014151824071406624
1328.9661955246886,95184.27861122765,18.979138261029924,53,56,427,23.315196412713835,0.01396188796119077
394.81705818746093,22051.441682895493,23.313298253862943,53,42,358,9.181792050871184,0.017903552988134296
3869.82793379261,61622.77023632112,14.379003469583125,53,24,449,154.7931173517044,0.06279764965616676
412.01676120005214,870.7928681357688,12.911955123478943,53,52,438,7.773901154717965,0.47260854757977516
561.563495763481,43065.28829062854,20.71824043910686,443,43,285,12.762806721897295,0.013039514619273105
64.43705807654445,8451.686297556882,16.305145994979185,443,34,149,1.8410588021869843,0.0076232638723584215
556.4295239665769,263014.50343176554,20.653249951956603,53,60,285,9.121795474861916,0.0021155769021461205
28.909810756577837,56085.411988144115,18.97910790537208,443,83,137,0.34416441376878376,0.0005154512426769067
101.91567592654495,31564.445343816344,25.402007160450033,80,3,189,25.478918981636237,0.003228710218292871
3431.0512641822643,45682.24503053409,20.589385060968183,443,68,190,49.72538064032267,0.07510524398800904
3564.21901233911,4926.276563277207,14.668656646973092,80,11,199,297.01825102825916,0.7233649190514473
2075.9752924081336,251421.23430508375,22.901302840473075,443,13,102,148.28394945772382,0.008256928024468507
257.11817016497264,436723.5335899341,11.937911251332242,443,50,479,5.041532748332797,0.0005887422170937521
1020.8929513346856,39710.474207620384,5.532764971096631,80,82,91,12.299915076321513,0.02570775756138468
1090.7231453679776,239331.60858345195,0.028384535198940374,8080,19,490,54.53615726839888,0.004557352848087383
192.95422145018617,9379.462166134757,16.417981432600083,53,44,224,4.287871587781915,0.020569799017663266
10457.737903870277,6663.030237428858,17.8639502261841,53,33,5,307.5805265844199,1.5692812804380556
4088.9497689833925,23420.971620908214,71.54602083261908,443,38,353,104.84486587136904,0.1745775221302586
787.2562029831853,42294.46720536267,8.971993431564595,53,3,15,196.81405074579632,0.01861325231757621
1141.762909185649,12197.910897337671,10.021903794846763,53,99,441,11.41762909185649,0.09359547903861082
1499.0310503358628,49347.988569098256,4.5079112373049695,443,65,5,22.712591671755497,0.030376125100049934
51.28496849072055,34877.04736162118,1.4629073787478608,8080,35,404,1.4245824580755708,0.0014704082473135547
756.9021056260532,4927.267417814276,29.638887345005998,80,36,230,20.456813665569005,0.15358381383487202
394.2651403423498,47963.20944843509,5.745138305926551,22,38,357,10.109362572880764,0.00821998621214038
244.09804910169777,80442.05284660374,18.776088528419884,443,39,337,6.102451227542444,0.0030344205057354864
719.3511036190031,28487.024343387602,23.280498109230923,443,25,114,27.667350139192425,0.02525100003243899
16261.079816477935,124116.03273271171,12.744287424791816,80,64,4,250.17045871504516,0.13101408774004827
2867.69626672357,3547.1307270263896,41.806347478740875,443,13,184,204.83544762311212,0.8082273420424176
465.55559268167644,44441.35052742155,11.732361234967092,443,68,213,6.747182502632992,0.010475494368697312
2588.6044110452026,3806.9321751772327,6.70689889024518,8080,70,247,36.45921705697469,0.6797926780102698
8946.63850673315,4141.767726030966,45.27027300454806,8080,75,34,117.71892772017303,2.159580043678818
4389.4118597376155,8549.29198212123,39.54698414626019,8080,1,296,2194.7059298688077,0.5133639727059534
1199.2427019840381,5361.021019509483,3.583489012466667,443,72,453,16.42798221895943,0.2236549796467871
415.54662967154144,9681.830579927255,0.5260790783313865,8080,54,196,7.555393266755299,0.04291582159177501
3125.4544338192977,15974.908218896164,1.8858961490785697,443,98,406,31.570246806255533,0.1956354775575474
1978.7647752575483,77321.83994212799,6.752785506427683,53,9,127,197.87647752575484,0.02559094798818238
4199.790113479083,13605.935929992653,71.69745434205261,80,36,142,113.50784090484008,0.30865068631813203
2843.405414752502,2041.7477083558401,16.352276932163583,443,37,452,74.82645828296059,1.3919513423618488
5293.998359876471,121795.87537188914,9.34452521906057,8080,59,136,88.23330599794119,0.04346579781880293
491.3453213142232,6275.226127322821,43.91341273684201,22,21,128,22.3338782415556,0.07828674610291819
7911.645749309241,20169.349092226097,12.071114850055139,443,20,323,376.74503568139244,0.3922413892359695
1474.97955408211,43036.538241589384,7.573697280829922,53,1,174,737.489777041055,0.034271931303374636
24658.85413115763,29715.249006901748,56.67891201533819,80,99,413,246.5885413115763,0.8298104557351935
390.0278991572164,113694.38808200459,37.87819170046446,53,59,218,6.500464985953607,0.003430463677874978
14823.154119000996,45184.28891809323,37.11551458904048,443,28,114,511.14324548279296,0.32805265771058206
1475.6681882715334,6051.343729750025,14.360470665648759,80,71,375,20.495391503771298,0.2438176439018082
412.76275903360795,578297.2339058712,31.159540529284296,80,56,350,7.241451912870315,0.0007137541407411471
530.6863925406882,29480.968395701377,3.9532532646374907,80,9,12,53.06863925406882,0.018000371800753475
678.2249636565451,17658.80244377293,17.029871019287064,53,65,463,10.276135812977957,0.038405014201939494
2071.9571436583115,93516.02907897257,82.5116561182922,80,36,244,55.9988417204949,0.02215593420860922
2402.4713892995055,32021.93510213859,6.876822460468377,443,98,52,24.267387770702076,0.07502345995570722
463.79840883048007,40088.39979037441,31.631818212821216,443,34,186,13.251383109442287,0.011569103335436804
1057.294019790711,925672.7022923859,13.48566093720597,443,81,233,12.893829509642817,0.001142188675310073
27266.26595854323,14578.714859600781,0.8123920338547916,53,32,2,826.2504835922191,1.8701508377297462
14637.101093235753,13675.465391193911,28.795539770403444,443,66,1,218.46419542142914,1.0702400565178471
2110.089208552143,26235.4746452346,3.692142800420619,443,25,239,81.15727725200551,0.08042579031994317
1160.963122064376,109894.25930142481,19.964856778845014,443,51,55,22.326213885853385,0.010564269372894813
1312.969953355842,2298.9297205320827,1.7911474485871661,443,63,495,20.515155521185033,0.570873945249114
2752.5332792990994,1154.781194231041,58.69929112035855,53,90,220,30.247618453836257,2.381534924636321
236.46758854108933,9130.05588016038,6.898425429128982,443,45,104,5.140599750893246,0.025897069478555853
745.4105898387209,1899.0623843117648,5.135679250698704,80,26,355,27.607799623656327,0.39230848207582475
89.75860401030803,11646.406758961655,2.765398413392134,53,21,418,4.0799365459230925,0.007706316596288412
1995.868721482209,46805.19800373338,58.376237012650904,443,82,448,24.04661110219529,0.042641120334597854
2895.15494323482,5789.937086807229,24.889212541068954,53,93,324,30.79952067271085,0.49994584638650125
531.2434052693487,2590.8988344779405,27.069643445889213,443,51,338,10.21621933210286,0.2049630171527708
11625.777906850413,24440.71681829811,13.839140237045475,53,24,396,465.03111627401654,0.4756530808894267
174.39999895736872,80323.3166416899,12.87677293041388,80,92,306,1.875268805993212,0.002171198041252326
121.92885021931109,1732.8796516779134,2.331153701411169,443,12,277,9.379142324562391,0.07032140327693324
1535.6019420949951,75383.8694027897,16.412389417349516,443,11,10,127.96682850791626,0.020370161204234554
5274.543708888549,75053.71270619871,5.671583221218272,53,27,341,188.3765610317339,0.07027598292908965
13710.147583877717,92145.8247907118,75.57199857374664,8080,23,104,571.2561493282382,0.14878589267744002
550.9662779275292,136997.82411440494,31.849741857020973,443,33,345,16.20489052728027,0.004021686182265539
5530.432217526912,599002.4019300266,10.654338663373293,53,80,370,68.27694095712236,0.009232722551670845
1035.083414062328,12911.348432524812,3.281962543522136,443,92,465,11.129929183465894,0.08016228956888002
846.4567013758427,25961.173400314085,30.773223832010906,8080,92,371,9.101684961030568,0.032603460747458166
4127.758927994709,11793.954517322944,2.603398507115375,53,38,198,105.83997251268484,0.34995971556586986
2917.505699223419,22091.877082942337,4.1979768571681415,80,55,14,52.09831605756106,0.1320563948403077
103.07034997219466,219544.45807130035,4.7529778830629485,53,70,485,1.4516950700309108,0.00046947156583271776
10044.801586487982,2929.1813906086304,16.27877346405516,443,42,168,233.60003689506934,3.42804770335449
8691.814774105103,6053.70337440408,30.93458259654814,80,29,360,289.7271591368368,1.4355475795642219
429.08539185593634,173819.2777386207,7.546735270389327,80,34,338,12.259582624455325,0.002468557739282676
1985.6573562857623,101727.68430214885,1.7694084016986402,22,57,30,34.23547166009935,0.019519149096513172
2300.876185114804,12775.729661161136,12.492524379677562,22,3,457,575.219046278701,0.18008334261849776
1621.3438943406477,79348.35554593992,27.57527504213574,53,6,14,231.62055633437825,0.020432981253413685
480.36309662160494,36747.43711118736,5.011935396576926,8080,48,238,9.803328502481733,0.013071660576154612
400.4404026592968,209067.38881580328,4.967292613880168,53,64,436,6.160621579373797,0.0019153560465427373
1055.3934275605154,24631.081271511463,58.835122017850175,80,13,366,75.3852448257511,0.04284629528163922
6368.336247968318,102585.11988177993,61.64922745975848,80,36,401,172.11719589103564,0.06207795221524294
2478.47872075863,1158941.7540839836,93.05725638261252,80,79,62,30.980984009482874,0.0021385687187954285
628.9668180874427,54022.112505537254,32.96977136473618,80,70,482,8.858687578696376,0.011642550547656337
3489.6197879206743,23718.064422148847,4.169635477314256,80,33,110,102.63587611531395,0.14712299464316433
15.28980198223403,65099.39129407191,4.764674772737282,443,76,406,0.19856885691213025,0.00023486497820215607
6143.491763111151,12734.609363439995,8.317135544863403,53,57,309,105.92227177777846,0.4823869504624742
80.67504791247922,791710.8836757093,7.658399349823312,53,55,160,1.440625855579986,0.00010189950356425909
636.7254690647966,28856.96190079888,62.71264908555678,443,13,332,45.48039064748547,0.02206411773823743
204.4851093793411,14626.643175391113,31.124956735242428,22,97,55,2.086582748768787,0.013979361331657149
157.2721566450874,6288.4285943793375,25.747725388603865,443,51,249,3.0244645508670653,0.025005794132973626
6255.6490410042,114214.12869360152,4.114994694207716,53,92,464,67.26504345165806,0.05477075683892872
543.7274977140396,80884.7935395064,48.05375784117079,443,53,256,10.069027735445177,0.006722163113210618
1844.1169473845355,10445.93767812371,35.190149569320084,80,36,22,49.84099857796042,0.17652225027111892
1022.1046182120775,52296.09687273307,3.573966763572905,22,5,422,170.3507697020129,0.019544194215969715
2242.981397340507,2291.9678431128114,40.9852829983719,443,25,434,86.2685152823272,0.97820011042787
1230.5700995939396,29069.8217740279,6.3558862218623045,443,81,103,15.006952434072435,0.042330076155375165
160.05406488968725,43439.93803319801,1.6865486398630614,443,37,450,4.211949076044402,0.003684406279794702
4887.324174749457,285213.9029309409,21.390138183028302,443,19,301,244.36620873747285,0.01713558486785252
522.8868670419615,6931.086041891686,21.215041899594635,8080,35,375,14.524635195610042,0.07542994473554915
106.1790852478281,3237.222722552951,1.9949042110468178,80,34,264,3.0336881499379458,0.03278930893429054
576.9913404738103,5749.441844812933,7.67950776966353,53,54,236,10.490751644978369,0.10033860980513583
10416.430413669066,2966.5271846230553,98.71369839197554,80,46,321,221.62617901423545,3.510138160703048
3925.8281954578797,163568.31922643763,22.690593298372978,443,6,233,560.8325993511256,0.024001005897830687
650.0321338683138,224798.32424237486,26.19223507139882,80,83,168,7.7384777841465935,0.0028916107112824775
649.4419421089118,35607.973515760576,4.788438704069243,53,1,233,324.7209710544559,0.018238153981649262
676.9161589190926,137577.4648982936,1.6411729714369532,80,71,5,9.40161331832073,0.004920218868698021
24713.921203914073,26928.421546053545,6.484201812102945,443,34,45,706.1120343975449,0.9177293749755961
1944.7781315187176,19097.878383152576,5.724286607399154,80,56,46,34.11891458804768,0.10182682419896644
2090.299154387842,13365.654137148838,5.345673518535323,80,83,164,24.884513742712404,0.15638162945942066
5143.171446165839,13827.484389657593,4.282544463954243,53,97,401,52.48134128740652,0.37192589594362546
1568.984287809444,2160.9379997023234,17.101828594028344,80,26,169,58.11052917812755,0.7257304733186044
743.5505711464427,32740.95911551613,7.953018644457828,80,42,414,17.29187374759169,0.02270940992025369
816.86613041454,20733.357065130214,34.33434035344976,80,91,436,8.878979678418913,0.0393967427033605
984.9571235944308,67375.79354105718,4.065529743632159,443,38,335,25.25531086139566,0.014618640511502386
1037.0823794468668,25343.694607749076,12.49583422250289,443,26,404,38.4104584980321,0.040919111297154136
3266.401879650757,17256.504910653795,0.2750392539484915,80,99,164,32.66401879650757,0.18927428365581792
1185.4987234607945,5962.293222845104,13.143338951733663,80,59,256,19.75831205767991,0.19879933438778477
3291.043990696183,24544.175516383097,1.1491550265936532,443,84,66,38.71816459642568,0.13408109420523473
971.5814743967875,66659.69965488168,76.08447001584993,443,24,429,38.8632589758715,0.01457502665628918
1233.921743446365,3963.931098050876,31.269427824701136,53,21,260,56.087351974834775,0.3112088742356582
54.74570801489961,25114.75071820998,13.47126317592645,53,60,434,0.8974706231950756,0.0021797360799256007
4335.0633904708875,31243.431069562765,1.81135075855587,443,90,88,47.63805923594382,0.13874675396774805
1844.0743326411036,7501.834162101656,17.951609352649665,443,20,240,87.81306345910018,0.2457836989061945
4900.120936877126,9119.912991690007,28.439570762309273,53,6,311,700.0172766967323,0.5372401799404937
14.233764626136292,31129.657874266486,4.232138422738281,53,67,59,0.20932006803141606,0.0004572265926285592
25148.714406185627,4023.3431789956508,16.796241548183698,443,10,170,2286.246764198693,6.24914757206714
889.4609079223121,37230.573570070956,33.6628622170115,53,12,258,68.42006984017786,0.02388996280934298
5780.666261079378,5750.07650839787,29.24172970275986,53,97,46,58.986390419177326,1.0051450806885112
230.47470329290925,108475.59974727103,32.490220652483,443,22,2,10.02063927360475,0.0021246490379479965
2749.4628865261216,734350.4295217642,42.2928248971267,443,62,434,43.642268040097164,0.0037440696320516047
225.85126321395373,6056.363385012262,55.510132193747744,53,61,129,3.6427623099024795,0.03728540766974252
430.2414483777498,49085.148503720804,10.401402967032652,80,80,269,5.3116228194783925,0.008765027640030402
19361.60055676975,7404.825362354751,16.82223214645748,53,17,326,1075.6444753760973,2.6143744430146203
823.8400515370829,104970.14555851923,31.27586581033483,53,10,278,74.8945501397348,0.00784825246169967
1519.5192938411437,3301.4346201763933,23.88968024259301,53,12,17,116.88609952624182,0.46012093155684686
4044.4530176424714,45291.74827716787,108.16366371447205,443,83,187,48.148250210029424,0.08929581823766886
2306.5837942706894,5946.252984539451,0.2754410390151275,80,40,497,56.25814132367535,0.3878402012268373
1374.2018347209146,16147.541958458381,8.774230377821016,80,23,342,57.25840978003811,0.08509757959919885
1895.8859038299038,4691.286295543246,6.598655248936708,53,40,491,46.24111960560741,0.40404310061613774
40340.991018699904,75623.75303044885,6.084790544917853,53,74,326,537.879880249332,0.5334363340328183
1005.8334742969066,6276.259546131444,5.034198822544516,443,74,116,13.411112990625421,0.16023448877731727
1482.7423184164713,50410.07772830081,24.69715344405921,80,50,259,29.07337879247983,0.029413025573624248
5302.754035988685,13145.739038491263,1.7713675502744233,22,10,366,482.0685487262441,0.40335128129212766
5757.674269162696,18551.23128349891,27.065613894906093,8080,94,249,60.60709757013364,0.310349422728672
6506.425189498319,27491.547179112542,23.645912037280617,443,4,198,1301.2850378996638,0.2366614176238124
2858.6230391761055,7025.2283043359375,5.775096486244436,443,1,337,1429.3115195880528,0.4068502922701826
197.451430169415,30198.594734536644,5.829352122102323,53,43,227,4.487532503850341,0.006538214565628161
12710.03729460282,218709.98166663898,19.823550124400406,53,83,177,151.30996779289072,0.05811339329076562
196.46453085701717,6855.8516444381785,28.72407588937773,8080,5,243,32.74408847616953,0.028652294237162926
1726.6755612211823,127735.27214845188,41.82795272958401,80,94,434,18.175532223380866,0.0135175039335302
353.74850576793705,208385.80039335266,38.229728982760804,443,90,357,3.8873462172300774,0.0016975571634105348
996.0450426542733,6475.412016647166,66.98139538169308,443,34,495,28.458429790122093,0.15379581164601772
1795.6881814730045,2483.484994283275,17.41606771715063,53,66,35,26.801316141388128,0.7227607273156526
1775.8524198630375,34646.131392389565,47.86235754979675,53,24,407,71.0340967945215,0.051255395425120635
2064.9909676225984,9690.378023623165,33.05873569656874,8080,14,456,137.66606450817324,0.2130750614194484
12339.575586925459,363271.15895229485,45.012688913868,443,41,135,293.79941873632043,0.03396785380557033
2165.2723997566295,23207.048142205345,0.23389437423222567,53,42,306,50.35517208736348,0.09329834144125808
760.3395022831304,6612.392956266152,67.57091273084382,443,13,10,54.30996444879503,0.11496965435309768
4657.018672046822,3941.279648650056,12.831224768124772,443,29,474,155.23395573489407,1.1813009444019305
6530.28413377208,112967.72513644284,32.00787762261398,80,65,183,98.94369899654667,0.057806124003655424
173.9187571584874,9350.864135055326,2.72107128311295,53,46,202,3.7003990884784557,0.018597228814152194
2686.78369488684,23523.217689708832,10.081671246312606,8080,34,19,76.76524842533829,0.11421351946008519
3139.3125238006232,92383.54133361523,6.3342731515771264,80,63,23,49.05175818438474,0.03398092882730313
701.8044085887345,10653.166726001884,6.896586776515478,80,4,95,140.3608817177469,0.06587135593400797
8634.837917274932,20560.083007480294,2.630795999268784,53,28,64,297.7530316301701,0.41996026737178704
875.6063514525066,21485.796873169875,32.77361004545086,443,83,417,10.423885136339365,0.04075090189668328
1323.9363750013197,61389.050479164056,0.18570579537818815,8080,1,450,661.9681875006598,0.021565976321369328
845.8924835895036,53429.403634427734,7.494027738118682,80,36,220,22.86195901593253,0.015831669350228436
1122.5616850407118,15832.64779275776,3.8331530941020073,80,13,96,80.18297750290799,0.07089722467833133
211.7883378696408,24233.07203619063,17.785136299605668,443,5,353,35.2980563116068,0.00873927986816911
126.45969946539651,12611.085184552094,5.867361546701377,80,97,265,1.2904050965856786,0.010026866899082684
11989.152898248183,2400.857849160567,5.995051360622793,80,14,381,799.2768598832122,4.991616345004893
307.83316912009275,32415.801583852608,13.401826192367922,80,80,157,3.800409495309787,0.009496099370686526
247.87175012612624,376354.81760699337,21.150695202026526,80,32,207,7.511265155337159,0.0006586101198121092
43.376370295470785,5851.312587347543,2.586341810015527,80,50,274,0.8505170646170742,0.007411834150699452
420.5474767316675,6908.138136024433,3.8598405454722373,8080,27,338,15.019552740416696,0.060868297673615984
150.71118299633258,5966.455685326363,5.678442852958722,80,35,246,4.186421749898127,0.02525551775221773
12874.742691481153,65309.16568235616,72.80042517314362,443,3,199,3218.6856728702883,0.19713229260662132
4987.677422574654,43162.536239095374,10.12182032602597,53,4,462,997.5354845149308,0.11555303057067565
390.6353367550248,17364.67868443613,18.275382806751402,443,7,285,48.8294170943781,0.022494677222441587
32165.628001102454,5557.8765984248685,5.529378514201449,443,77,498,412.3798461679802,5.786354028836819
4782.162985144794,25300.13947281457,13.484919783112176,53,3,372,1195.5407462861986,0.1890097871000279
673.6784532428229,2107.097756937473,1.5401950131850517,53,81,83,8.215590893205157,0.31956698925646854
25.813340390426767,27313.595210827018,0.7072001407657807,53,59,317,0.4302223398404461,0.0009450383646979626
34078.2237265846,81412.70160017074,12.649831017763681,443,74,133,454.3763163544613,0.4185809397777478
136.40675939380893,3371.79760490268,10.171871915842502,53,1,105,68.20337969690446,0.040443209279895365
92.93514456090884,2211.0495355734984,2.9440383626012094,443,28,370,3.2046601572727185,0.04201313897648064
5084.010247855138,235427.15818948305,23.269508700741962,80,59,237,84.73350413091897,0.02159474162713918
42600.81269866365,8798.711248813433,98.96304583599722,53,53,69,788.9039388641417,4.841160294254883
8746.5028726612,121045.49781654672,10.071930376381852,443,10,184,795.1366247873818,0.07225738067958855
2555.1435373928216,17483.336428703915,19.593059484240428,22,71,118,35.48810468601141,0.14613900549282843
2676.142075955952,17275.90049929268,65.92374742530471,80,3,180,669.035518988988,0.1548971168795881
3944.6808817007013,42515.28975878446,35.62054204690081,443,7,271,493.08511021258767,0.0927804590682957
3423.4116273191244,5848.858043201535,12.455721247624805,22,9,90,342.34116273191245,0.5852127696154392
1672.0189644488958,26869.462971710385,26.749282771049995,80,99,88,16.720189644488958,0.06222516397314113
1282.160283668308,12428.728392258792,2.742414594764771,22,90,83,14.089673446904484,0.10315271928764225
998.3563813915401,3038.9271924361988,14.3530542870287,8080,69,20,14.262234019879145,0.3284145698869376
353.91370658188004,36542.20277643212,6.5439949476671755,53,13,107,25.27955047013429,0.009684802636131563
719.8100693921535,14839.358524617077,3.5147938070541502,443,94,329,7.576948098864774,0.048503549843363816
86.53636919615494,17404.129024899416,11.112307723371348,443,40,348,2.11064315112573,0.004971888980102234
946.2346283468012,3585.877829620413,2.8085780468434884,53,62,272,15.019597275346051,0.2638045323241293
248.91546461253168,239689.7245740978,24.011910819074277,53,62,331,3.951039120833836,0.001038486011733767
209.4774348838892,82048.94837688917,12.184947739197922,443,10,98,19.043403171262653,0.0025530477352852577
1436.3223853299723,93548.36238002244,15.14921886191146,8080,87,409,16.321845287840596,0.015353630947213173
8848.501746744148,13930.458019851012,3.1652878265477224,443,11,232,737.3751455620123,0.6351454193908397
4348.015917023916,1646.201292607162,3.0111482923963733,8080,76,375,56.467739182128774,2.639638480456721
103.98525336967614,412246.22105036577,17.513316027880805,80,62,57,1.6505595772964468,0.0002522400347653814
248.52856661937022,20097.560891278303,84.00710288847648,80,77,149,3.1862636746073107,0.012365490642029912
4496.959505648963,7163.831954513611,2.024063017246352,443,56,389,78.8940264148941,0.6276434024130915
251.20489219237896,41159.18387841952,6.729924738026223,443,49,459,5.02409784384758,0.006103104226511653
782.9354670271678,126839.9306632707,40.72137636095513,53,16,235,46.05502747218634,0.006172577439577887
2502.5816762948402,21277.898116828335,1.5003341163473922,80,73,137,33.818671301281626,0.1176086121825868
256.59098465158024,149920.84771556375,41.73105071823893,8080,74,267,3.4212131286877367,0.0017114982810136677
1284.4209320419639,111803.69707159538,14.858768214315019,443,93,229,13.66405246853153,0.011488076670155197
148.2591502345474,4382.734917505903,10.493987545911098,443,9,361,14.82591502345474,0.03382028179726216
444.9440456167401,8016.9621235150935,7.412016766078788,80,33,321,13.086589576962943,0.05549340827038923
1771.6611729244123,92624.20179094629,7.051301111605616,443,88,447,19.906305313757443,0.019127204461297967
100.53534927175211,376.5614148106727,7.299977911961458,80,35,282,2.792648590882003,0.26627548612764185
2123.2688848650128,17602.856346138986,43.22224551048258,80,75,202,27.937748485065956,0.12061384977904029
1064.80110156713,2575.3821183472874,25.73225537389497,53,39,232,26.62002753917825,0.41329315786828424
2511.7498274008312,10776.997685670547,22.156472127743,80,77,19,32.20192086411322,0.23304419806475066
1534.363937371213,14069.573915464704,32.06406267764943,80,87,16,17.435953833763786,0.10904771522395561
8486.319242523221,12869.73143870214,5.944271410797734,53,25,493,326.3968939432008,0.6593501917851349
1323.2376187170025,9620.082522362181,19.248935003374335,80,80,56,16.33626689774077,0.13753521141112918
575.8756133394735,4248.343943196581,12.326176233693946,443,56,357,10.103080935780236,0.13552106420132926
1317.4406797555896,685474.7207640583,30.50576241088056,80,48,114,26.886544484807953,0.0019219363134949817
2477.3557575848417,362649.8351576499,7.399723227215008,443,85,489,28.80646229749816,0.006831242389136915
1180.0240581192866,3854.132659434528,20.610398995493075,443,10,68,107.2749143744806,0.3060916866846219
1165.4791124807994,236375.07587510895,42.77744753580838,80,41,78,27.749502678114272,0.004930613676388252
382.60857465323306,12098.076648620283,10.288323782584982,53,83,30,4.55486398396706,0.03162295650857488
405.71405915279684,26736.399951157135,1.3789021818546003,22,99,7,4.057140591527968,0.015174028136390967
133.76601170596473,20032.055814333937,14.515507652346285,80,59,396,2.2294335284327453,0.006677264464578252
15128.945596752006,8187.607733271049,8.492117216727982,8080,28,152,521.6877791983451,1.8475601823349945
169.7293563408683,96353.45339683941,22.308580851971314,80,41,487,4.0411751509730545,0.0017615102401321464
387.85912868824454,26604.344163825917,60.33214280730242,80,66,363,5.788942219227531,0.014578241360079793
373.3025069888093,10777.03613075386,13.295405529576566,80,51,22,7.178894365169409,0.034635484837876394
4198.096828138148,3112.2954953194107,12.554314794709304,443,62,431,66.63645758949441,1.348441493732172
704.5614007122956,5765.271230710402,21.260162156873218,443,30,30,22.727787119751472,0.12218665625021145
7126.76795941019,1877.9383403164459,2.185084026536947,443,40,444,173.8236087661022,3.792975962271289
399.3203846116216,22434.053357483557,5.84735905253392,53,40,167,9.73952157589321,0.017798949628012456
1666.517241011434,3659.2065437711035,50.26101832284505,53,69,148,23.8073891573062,0.45530688530336993
313.2430541761913,14789.300087463123,22.169774814851873,443,62,410,4.972111971050656,0.021178951902518138
27384.260462787188,171983.32104337125,0.2707046673547357,53,15,49,1711.5162789241992,0.15922533110376605
184.6758953141289,133112.42613040193,4.578843431259342,22,3,325,46.16897382853222,0.0013873573889775386
1745.3860902844422,20985.450827242406,22.96680560902899,80,24,488,69.81544361137769,0.08316728276983192
2837.462146891578,19329.214030786847,28.91232885002991,443,41,298,67.55862254503757,0.14678896686670972
2039.9868610938422,369465.1964984214,36.634083557777345,443,63,262,31.874794704591284,0.0055214438571853435
830.5337045581937,48104.65267077654,6.911218775304889,443,48,181,16.949667439963136,0.017264784041953772
902.590489360189,13470.943482358181,53.4812659818726,443,61,290,14.557911118712727,0.06699779363995641
1171.121608072427,2594.0426961463454,16.10155770224079,443,48,122,23.90044098106994,0.45129184572244224
879.6261587048742,39767.68104094574,23.85004502676876,443,47,124,18.325544973018214,0.022118565053721877
4655.565549267292,76418.92537984121,18.163418874189947,443,56,453,81.6765885836367,0.060920833488478945
30205.656960281824,8540.05488203303,2.619038552980863,443,76,266,392.2812592244393,3.53652533293311
475.2126188373422,34091.52616079618,65.99882160345155,80,8,28,52.80140209303802,0.013938908973656539
140.51237042553998,12767.268898923052,2.622128530809489,443,78,259,1.7786376003232909,0.01100480977788552
960.6180961860929,16713.154805089544,5.884252507677527,443,18,77,50.5588471676891,0.057473327690705595
52552.29281578638,527.5622741571706,33.60019919858702,443,84,432,618.2622684210162,99.42497863583752
328.4840057640445,15793.09178216652,19.27797238297629,22,23,367,13.686833573501856,0.02079790407036532
12818.890831988838,94282.79040515971,36.42160283701188,443,69,194,183.12701188555482,0.13596070731674062
13582.686661355716,8543.244790345094,14.5025091083356,80,65,382,205.7982827478139,1.5896883802655102
478.00330057584694,23832.12054088916,9.463958041882774,443,46,35,10.170282990975467,0.020056261611053547
2574.6647714490964,7087.4007184716875,50.98135272824685,53,66,436,38.42783240968801,0.36322223780884294
12614.40803757607,37822.61618409679,0.7385151758420221,53,80,114,155.73343256266753,0.3335061347962781
620.9859075493691,15918.149316792375,38.77693393093118,443,69,62,8.871227250705273,0.039008736911231794
808.0544621062812,5383.735208752239,5.248547744076103,80,22,52,35.132802700273096,0.15006391786784354
458.27921086617073,162564.02473069335,37.77461582282961,443,65,116,6.943624407063193,0.0028190517094643214
239.3351579172416,88733.96547391775,2.9977831070952083,443,12,47,18.41039676286474,0.0026971910862757975
414.0901411622252,8889.622410601107,17.36044091542225,8080,19,438,20.70450705811126,0.04657605756245676
174.87817696041841,46475.58798390249,43.80440869628678,443,22,412,7.6033989982790615,0.003762715477758151
1154.156672274503,49321.62990261848,12.831585059908603,443,55,101,20.609940576330413,0.02340014461015653
345.51641516553104,57725.3589521411,27.453090071520563,443,62,279,5.484387542310016,0.005985418471516394
1557.2533380497218,1734.7457780186835,32.66146251555779,443,51,107,29.947179577879265,0.8971667151783558
106.28844000896245,99698.88890941278,26.67359865875592,53,48,471,2.1691518369176013,0.0010660838359161666
1801.401673451015,9371.716557365642,51.89346700194268,443,17,35,100.07787074727861,0.19219632455815233
3828.7491740100754,12877.773242823756,11.841951168032354,8080,13,489,273.4820838578625,0.29729145018866693
55.11360145960251,1151784.0296384543,3.8020455045476176,443,28,359,1.9004690158483626,4.7850597152580365e-05
1921.929397090231,34641.58337534075,0.9798360276890549,80,67,375,28.263667604268104,0.055478812774058216
6915.382027037983,12338.951013412187,5.659460074479244,443,5,288,1152.5636711729971,0.5604059545715955
178.6696324794247,805.9796071357549,3.090956930956043,80,60,2,2.929010368515159,0.2214053873227156
13478.600791875777,177131.2391478734,16.32658868046292,80,15,239,842.412549492236,0.07609343650098378
2056.0223847684247,2928.323909485751,4.090001941691534,443,81,492,25.073443716688107,0.7018760807265468
380.87918167110496,4889.48199199691,0.7942377868300796,53,44,368,8.463981814913444,0.07788172664665761
1008.6281139779263,13399.484986648817,0.7330686692228062,443,46,378,21.46017263782822,0.07526803059611974
2533.83784921064,184354.84549845906,35.62464134951731,80,29,272,84.46126164035466,0.013744277228420289
1229.0638820723264,70253.11866360858,17.902816106916827,443,68,144,17.812520030033717,0.01749454559322481
2460.5347630840156,17382.92593324721,8.865997062256866,443,96,435,25.36633776375274,0.14154079881220497
275.61076824450566,34976.72416745801,44.92939697893335,22,49,451,5.512215364890113,0.007879608373746735
1413.8068460847219,8950.113213064775,1.455642506018503,443,43,92,32.13197377465277,0.1579475996372353
131.5554261753082,27159.4555201214,78.56515428881201,53,68,221,1.906600379352293,0.004843638431536888
928.1198823197586,24587.786555948256,19.157457713932466,80,77,54,11.898972850253315,0.037745656143216136
282.62997628003217,94198.05789462381,4.05369175889833,53,20,404,13.458570299049152,0.003000348226371833
363.83668017641446,93973.4132667635,22.73058881269442,53,18,228,19.149298956653393,0.0038716568428429315
7003.32113104915,46210.6732589189,28.826102484994994,22,64,33,107.74340201614076,0.15154874595884713
5636.198998684373,12790.764469736387,11.21933141461441,80,49,214,112.72397997368745,0.4406115365881595
2734.509019965309,67019.13412688985,39.55685715629981,443,42,136,63.59323302244905,0.04080130628786922
213.05084645896352,19188.13312821567,3.2676191315857617,443,12,248,16.388526650689503,0.011102682181390147
682.2439729409854,4346.509755344145,6.537818031399224,80,89,495,7.5804885882331705,0.15692753123839273
6765.872804645469,12028.911372332777,1.963116451004886,443,94,408,71.2197137331102,0.5624208354690037
1356.3809565603208,25003.98461316282,4.736682839866731,22,79,53,16.95476195700401,0.054244422763864104
35560.62658497788,86277.46124783608,5.455312541190336,443,36,64,961.0980158102129,0.41216111264234867
1978.2675364771376,16725.80042359483,49.93145451322694,8080,8,314,219.8075040530153,0.11826933342772435
1462.750248765089,3591.0572370981463,1.6265806155914415,80,28,374,50.43966375052031,0.4072179679260278
689.7473034958297,23983.2877961694,11.151885857251244,53,86,37,7.928129925239421,0.028758298322537276
1339.8478707023658,26112.882661123735,15.202784838358372,443,60,212,21.96471919184206,0.05130787666044867
872.4411879373888,29107.65402108342,45.7920059903451,443,49,12,17.448823758747775,0.0299718835266474
3172.1441144599803,87536.16260947895,121.4640689138568,8080,38,468,81.33702857589694,0.036237684886035876
4605.716255240765,101557.9509782269,27.998789872599254,80,80,84,56.860694509145254,0.0453501755470887
337.31452686941327,9033.39632504424,70.6655615028144,53,58,388,5.717195370668022,0.03733669796335413
148.88148245457245,8741.043131225648,30.93876053328263,443,5,94,24.813580409095408,0.017030513373101953
69.80404367138061,4627.175573271861,66.04658403820292,80,46,415,1.485192418540013,0.015082410458778913
2349.568540204775,62832.234276015704,24.570141528594252,22,98,342,23.733015557623993,0.037393722721378954
209.5474259807464,193538.1950682416,1.6624899149329029,443,75,207,2.7572029734308736,0.0010827131212716903
43.408883563843496,13730.530116946918,10.280621347398892,53,2,38,14.4696278546145,0.003161256115971369
1964.2541931685328,15334.403117660857,20.802940664494972,443,89,421,21.825046590761474,0.1280862444956807
46142.941261348795,198823.71072806598,8.637778533141953,53,25,348,1774.7285100518768,0.23207850318192508
1086.692146036007,47020.39768407355,6.387140527466543,443,1,203,543.3460730180035,0.023110587935672458
3857.3517878227276,42376.68285140041,17.226548792318162,80,95,270,40.18074778982008,0.09102318787340818
1239.8479595574581,3690.898639184526,54.21163105615595,443,69,75,17.712113707963688,0.33582936064336755
945.4542692704772,60967.24940154983,0.7121678779696473,80,40,128,23.0598602261092,0.01550732190198729
4352.97467836513,5465.962409066273,29.326779016161897,443,68,329,63.08658954152362,0.7962327802265965
709.519644281404,4019.7288178748227,25.65507402712788,80,69,152,10.135994918305771,0.176465431124605
1637.766121264704,13093.125950318987,66.45886874942506,80,69,10,23.396658875210058,0.12507639895008085
1776.759910005367,9148.186252287933,53.38944648640526,80,16,38,104.51528882384511,0.19419868182933245
402.5681178907991,15797.396997078698,28.729244689611125,443,54,427,7.319420325287257,0.02548158005937175
4856.452559328857,2536.467257055042,14.696422619606704,443,63,105,75.8820712395134,1.9138976259994012
843.5003905160144,92802.09182162143,4.569845435842586,443,18,165,44.3947573955797,0.009089141040013217
352.9697152502613,119554.71859869926,15.759521130516223,80,17,426,19.609428625014516,0.002952344893137563
2452.2586219083482,1186.764871681517,28.993374683960603,443,99,32,24.522586219083482,2.0645993835772303
284.94552661430635,95576.9258494606,45.2037755937592,53,82,212,3.4330786339073054,0.0029812901261647797
1143.983485465559,6530.292766033693,31.1855460608435,443,4,14,228.7966970931118,0.1751542193017133
1081.7349918274847,79655.25628776084,4.344893061289588,53,95,230,11.2680728315363,0.013580038056517262
5590.608127800322,19877.23251474949,18.31013649559544,443,95,132,58.23550133125335,0.28124271731161893
2235.1136353672173,22998.01866318096,8.074536182453869,53,9,152,223.51136353672172,0.09718300020102172
1056.2282237409922,16686.47059198494,0.18496602796141726,80,31,96,33.00713199190601,0.06329468674829024
3739.284076916447,135698.90904793583,4.4683951838385285,80,5,10,623.2140128194078,0.02755553856410876
8824.712677895846,3431.0375296978577,2.4031817481617943,53,16,374,519.1007457585793,2.571275110349023
2531.8751153796693,54817.266646776676,36.99444099972139,53,42,363,58.8808166367365,0.04618670509401347
1113.7956100879153,114920.42913978836,5.98177098393386,80,41,16,26.518943097331316,0.009691800897577721
153.27683284673998,64505.780621745645,6.701008086930679,443,80,167,1.8923065783548145,0.002376135211979086
221.9227848517008,720030.1545863199,64.34582751486079,443,84,96,2.610856292372951,0.0003082127536261987
693.7855753072165,9962.46545822416,9.531277148859823,443,30,18,22.380179848619886,0.06963295835331511
439.5413059908839,92591.9268594486,0.19263756220928357,53,26,409,16.279307629291996,0.004747028967537504
828.438866126447,18785.94094505084,6.677205169852456,80,49,7,16.56877732252894,0.044096527931264284
1193.8932532833794,140099.63324724732,2.5407551392158116,443,31,184,37.30916416510561,0.00852168349001261
2427.310495797006,21773.883073429253,2.169720382198835,80,50,382,47.594323447000114,0.11147295200675154
986.5873164621578,12310.235222069488,1.613082510634833,443,15,245,61.66170727888486,0.08013715103855476
2275.038980989879,156233.7099443543,17.991596313990414,80,52,431,42.925263792261866,0.014561674430734202
1207.9882144717594,10537.09419985314,4.198321518197826,53,38,371,30.974056781327164,0.11463061456487968
56.64479767256356,2646.2831820662786,8.964617123661181,443,38,466,1.4524307095529119,0.021397332199402527
268.0026609211611,10144.933276344858,39.61259959639612,53,60,367,4.393486244609199,0.026414786458926025
883.4800107363221,55745.357922018484,11.044696778479281,80,20,82,42.070476701729625,0.01584821042429695
178.65523474838463,177736.63009721824,49.465416202473264,80,99,131,1.7865523474838463,0.0010051626920571884
2696.9939906984896,26021.90761897637,13.780635345863349,80,87,129,30.64765898521011,0.10363922549268835
10895.730001840911,159101.17520049325,10.177770517700965,443,44,289,242.12733337424248,0.0684825960934262
6823.602093068733,2871.924431825898,27.7570256170695,53,89,455,75.81780103409703,2.375141516942709
796.1882824414545,11328.815496271636,1.5198123763531315,443,63,74,12.440441913147726,0.07027372005338131
10260.831981735522,14287.457368532225,1.8747527635388692,80,50,364,201.1927839555985,0.7181203482702879
1370.5963085014407,18548.8089567555,21.109545347122577,80,22,59,59.59114384788872,0.07388735440330746
661.4080974211167,24987.764958026157,13.347277435090207,80,72,72,9.06038489617968,0.026468218758793786
436.9837480943506,62091.62750760524,31.252541766777263,53,54,160,7.94515905626092,0.00703761083456853
696.6585951174442,11302.618943337988,49.60335886671409,443,9,87,69.66585951174442,0.061631464985648136
612.6138313099765,27134.00535582976,9.832452990906127,53,15,401,38.28836445687353,0.022576514110706113
1416.0468127561403,20584.953278482666,18.147116673740133,443,48,462,28.89891454604368,0.06878704102744924
1395.2947629977384,5492.644673830858,13.890828152671794,80,20,17,66.44260776179706,0.2539834382890228
1101.6551726113375,18573.664445925195,79.91967786237055,80,35,89,30.601532572537153,0.05930955984795798
2112.0350801749396,17756.567121498916,35.56712281281678,53,67,149,31.059339414337348,0.11893718693130655
6541.8116198113985,17195.089923706895,48.54884619783081,53,60,311,107.24281343953112,0.38042436675053193
4556.596321900457,23101.184791551685,5.869713283904917,443,98,6,46.02622547374199,0.19723659744799435
118.23250265411532,24674.12273590388,29.614423862124394,80,34,84,3.378071504403295,0.004791566952657119
23.7865024926928,11516.743722767902,6.170576613195459,80,99,433,0.23786502492692801,0.0020652050492903757
4453.652686353375,148608.72154402765,4.682637382857165,80,73,84,60.1844957615321,0.029968784276565113
141.13007069922563,3811.503677211755,57.743355399032495,80,94,250,1.4855796915707962,0.037017687757993196
782.7801653823406,7469.212398510547,0.38986360464170916,80,54,154,14.232366643315283,0.10478686864893101
189.58367066189552,1425374.9164383549,67.27150332973528,443,90,416,2.08333704024061,0.00013300608525476984
73.48118180914189,4642.521700438768,3.233018996347833,80,12,72,5.652398600703222,0.015824451041587386
2470.5450969714125,2891.0296211036225,34.23363045753171,80,88,109,27.758933673836097,0.854259956033449
3424.5752912545972,66284.74886443328,6.457138428339788,53,19,112,171.22876456272985,0.05166382442564679
461.8473378448332,976.8374087792128,8.637280079940666,443,80,172,5.701818985738681,0.4723150635251615
22.498228252637055,15476.67197045134,4.886263889730081,22,26,187,0.8332677130606316,0.0014535925231901003
483.29794538502324,550585.4180608984,17.614323662029665,443,23,285,20.137414391042636,0.0008777876270307259
1973.780479936762,2170.246678430536,8.5571454610353,443,33,273,58.05236705696359,0.9090540008855601
119.2989642102745,1126.7056179901192,21.423427531741332,80,57,18,2.056878693280595,0.10578910161226117
1443.8087696153832,2324.425514759236,0.3154205884054382,443,30,168,46.57447643920591,0.6208793876439721
1071.736196766012,84756.63849677626,1.3308079861725668,80,23,319,44.6556748652505,0.01264471516401174
2614.7852464589864,119034.07551613296,2.0996817909949,80,74,82,34.86380328611982,0.02196651058623978
1312.0821116191346,10209.937651534063,10.859873070643998,22,36,75,35.461678692409045,0.12849771063111046
254.779021900445,61378.72808625355,33.72596582001491,443,95,429,2.6539481447963023,0.0041508659266528206
6600.2133450307665,177261.79582583075,43.81692312378207,22,86,460,75.86452120725019,0.03723405869958068
864.5469741743117,321585.7873171298,5.615737714618386,443,43,335,19.648794867597992,0.00268837840443285
1052.6259130314743,15222.000752010823,17.083684136566845,443,66,346,15.710834522857825,0.0691470709473907
270.45292711587075,697.7022413996159,29.251847810578226,443,53,249,5.008387539182792,0.3870789459242451
564.0126177882174,6429.690076028322,6.816859525810265,53,87,131,6.409234293047925,0.08770639093472826
290.84658503469535,11611.99282904172,10.519047051720918,443,99,387,2.9084658503469534,0.025044929357688706
846.0520733328651,14936.927851807286,14.845664603617063,22,60,422,13.869706120210903,0.05663784707800047
14293.536487881089,16617.487745781174,2.8976219256566083,80,37,355,376.14569704950236,0.8600985063463247
140.07083873494923,117988.43579358114,0.526515931570661,53,61,201,2.259207076370149,0.0011871472881690767
97.4810405487836,148991.21746930789,3.316506835971537,443,96,363,1.004959180915295,0.0006542693451009581
9964.215372776138,17025.874904798926,19.71569000007417,80,53,296,184.5225069032618,0.5852051787828535
801.1229927420165,114431.00158339288,1.5293776944268695,443,12,68,61.62484559553973,0.007000864982320477
401.97539971595853,37665.20676962235,4.206924866954398,443,35,438,11.165983325443293,0.010672043568776617
5217.935116647248,24264.24045562235,8.2453806185415,80,67,20,76.73433995069482,0.21503743703632794
442.1179450097717,85803.5994017042,1.6213827454154286,80,98,271,4.465837828381532,0.005152613590559933
16966.81353840231,24547.81365310522,4.256422010997034,443,38,93,435.04650098467465,0.6911459664877188
3031.7303466594462,482490.6231308533,48.44309699902419,443,24,133,121.26921386637785,0.006283488046873782
527.4915718998014,2546.2659962729667,0.38975583467242925,443,81,295,6.4328240475585545,0.20708146407622954
27888.29427958984,10170.469481624072,21.193520252400813,80,40,296,680.2022995021913,2.7418156570172334
442.05204123388006,18219.024960108854,9.703447695642893,80,65,135,6.697758200513334,0.02426187901507897
3338.0532541831,42581.664793002754,22.334429865545044,8080,57,456,57.55264231350172,0.07838995681481196
1718.0391159818894,147552.70760918013,17.768245470817906,22,72,352,23.534782410710815,0.011643483202281802
7728.050681980947,21234.917319530836,5.05914064430431,443,79,356,96.60063352476183,0.3639141444044614
11410.243631592763,2608.8258305495237,37.57374991252697,8080,45,33,248.04877459984266,4.372032607704793
1150.5624900958073,77945.9443823311,13.543129624425234,443,89,374,12.784027667731193,0.01476084148279474
354.2040623898475,68352.82339592185,34.57975228229191,80,72,293,4.8521104436965405,0.005181920261259009
2186.283205183016,1196.567129819511,10.41794129072342,80,96,32,22.539002115288824,1.825603885364253
396.7978453664236,21901.13628227069,83.5791741500581,22,13,43,28.342703240458828,0.018116855828699364
22473.247286925027,2027.9632717690656,29.436117647408715,443,79,447,280.9155910865628,11.076221831916387
1345.8795201129299,8127.619487879122,67.59862540537769,53,6,292,192.2685028732757,0.16557295148577436
633.980167899173,5686.138270104023,14.444372962452716,53,97,354,6.469185386726255,0.11147613048760584
1446.671180810455,74153.8336390385,12.837340752224108,443,71,305,20.0926552890341,0.01950879140060347
145.3741211913922,26245.380229078168,28.16702137990081,80,97,281,1.4834093999121651,0.005538825541753499
255.33564696039562,3202.2645131253203,42.45387356767481,80,47,108,5.319492645008242,0.07971107160028848
6638.364234641154,82462.50172386928,66.56588897348524,80,93,96,70.62089611320377,0.08050063477621715
409.386043102363,2563.916533073917,7.847579308820651,80,44,66,9.097467624496955,0.15960988898603085
228.06564997092622,36140.54649731744,32.05963336235644,443,32,9,6.911080302149279,0.00631034562917373
2452.7843528375747,6496.273579741359,4.730797596357438,80,3,230,613.1960882093937,0.37750978510207883
6493.495301593085,12727.042969124866,15.774419158860782,80,54,221,118.0635509380561,0.5101723271476003
3224.1672086202457,46929.704964646895,3.9653154200321765,443,84,358,37.93137892494407,0.06870059188433297
4885.717973029431,48154.70358735222,8.535737043123111,443,78,402,61.84453130417001,0.10145668340546546
352.4142630033575,163644.81735278174,53.57712072601341,443,92,278,3.789400677455457,0.002153518303762299
129.96744550293113,19469.792687008125,3.158605933141816,443,38,99,3.3324986026392596,0.006674995085826774
10425.400653649185,34880.25868576198,20.015246471659893,443,4,271,2085.080130729837,0.2988825818348316
675.856139318818,11423.112753100686,17.976594966415618,22,79,263,8.448201741485224,0.059160492716196264
752.7630286763169,28940.1395996247,2.5734552173577367,80,17,397,41.82016825979539,0.026010137786214835
8040.859124726801,42583.79547635999,7.889881524440946,80,37,362,211.6015559138632,0.18881995404182478
2525.8805512916533,19006.47954733233,16.555595220369565,53,88,164,28.38068035159161,0.1328887686029975
2172.9297651378547,1471.99554657736,4.144877696454805,443,36,16,58.72783149021229,1.4751774166506177
28212.023106302044,36214.191250830954,32.251221329409034,53,58,169,478.1698831576618,0.7790107447148915
417.68295105641045,38057.072354072465,71.62312150935693,80,41,21,9.944832168009773,0.010974884570361474
4410.574323827522,7940.565596164745,4.83530222594408,53,8,28,490.06381375861355,0.5553784414949037
1194.5438635378691,3208.0528583461455,4.138317818124447,22,67,330,17.566821522615722,0.37224187829473865
1640.7166684056015,201555.2317437041,12.137007141964135,443,30,83,52.92634414211618,0.008140242820633362
10858.491065819806,46035.506876666426,27.54790370142382,80,86,273,124.81024213585984,0.23586696303675084
2349.020318410577,15621.109531499775,6.614592228622103,53,52,321,44.321138083218436,0.15036511641875958
2458.837899108152,4001.604462408395,0.40160345359125205,53,97,397,25.090182643960738,0.6143094882846986
5479.455457661198,6420.670030552933,15.583717111532094,53,25,36,210.74828683312302,0.8532757727493192
634.3310034678367,155419.87355284387,62.746178403147574,80,52,495,11.968509499393145,0.004081375872927139
311.43339619948733,27078.43439544895,9.92783442433377,53,59,314,5.190556603324789,0.011500734899094782
228.7858032775519,9644.271580772203,10.899183846527414,80,30,490,7.380187202501674,0.023719995996135057
57.42415972684371,47312.6909847283,69.41205347982509,80,67,276,0.8444729371594664,0.0012136901292562194
23964.064983426695,6492.498541093936,23.723156199497875,443,4,233,4792.812996685339,3.690470527061912
209.59717020333787,209245.72236037964,25.40025243901328,80,93,104,2.2297571298227434,0.001001674806845264
786.914470500419,167577.431718398,16.542808127508817,443,57,436,13.56749087069688,0.0046957980357685
723.991788279943,10939.53853011842,73.4673760627153,443,63,6,11.312371691874109,0.06617515091115964
1739.0774434972996,8578.330811603644,23.350662968030854,80,32,23,52.69931646961514,0.2027054885382409
3727.920381967115,433.8939728052038,45.08213795062048,443,87,170,42.362731613262675,8.572021262839879
3986.6646482302244,2386.609080403536,24.038089943852693,22,83,152,47.460293431312195,1.6697308956273644
457.3202183579238,2953.6451705028758,26.56925246820791,80,79,244,5.716502729474048,0.1547800808447292
853.4760059650773,26978.22967687098,6.8613848015139265,443,51,241,16.413000114713025,0.031634557998398066
1675.5050575966775,13502.760747552149,7.233138037989707,443,63,261,26.179766524948086,0.12407692115697468
755.1854216793984,2927.7713139655143,30.55574377325222,443,80,416,9.32327681085677,0.2578505935504019
12222.31140311225,14447.171584769785,7.039613561593628,80,87,46,138.88990230809375,0.845941739506757
2290.355735409458,47004.83376515468,16.545921369693403,443,1,273,1145.177867704729,0.04872492522635123
3302.109148075454,48618.48196159778,5.73637719338858,80,19,75,165.1054574037727,0.06791740707323111
2964.079781832083,1274.7362567093169,33.96356630026369,8080,35,283,82.33554949533564,2.323426779041104
6375.455294541178,18171.41037168727,2.3419458192836022,443,63,196,99.6164889772059,0.3508315718246258
1438.7534213795773,2765.5334768783864,35.37414135893321,443,94,23,15.14477285662713,0.5200563931013741
156.76565988040085,85186.0567035445,18.4627725308979,443,81,87,1.9117763400048884,0.0018402520986956234
1997.2608136736633,71411.88739031997,4.138258046986209,443,26,369,73.9726227286542,0.027967792462406334
412.80059655624717,5727.068999995777,15.61926717566241,443,13,121,29.485756896874797,0.07206627513679593
496.24759089767775,6980.8935016711885,6.639614204619713,443,86,418,5.703995297674457,0.07107636213283627
2642.672588336787,11026.970607502975,7.815490936933758,443,23,149,110.11135784736614,0.2396336263844249
7026.3637758222585,750.5527296028065,8.662730337301266,80,97,150,71.69758954920673,9.349129474302718
1132.188047995521,36459.314993337575,1.3082553323190205,80,91,65,12.30639182603827,0.0310526129081004
1742.8021343303167,14628.591000992454,85.31929718385135,443,35,160,48.41117039806435,0.11912856170839548
14091.43460495606,94396.81610389178,0.6408510233789168,53,12,446,1083.956508073543,0.14927712511322716
1573.6133790527092,4240.286738975139,21.72361008146588,80,9,284,157.36133790527091,0.37102263437933836
54313.31411043969,8702.06451986482,9.279720158273836,80,98,82,548.6193344488858,6.2407114168197975
2561.2852658230713,2298.9599705700502,20.769748734836355,80,78,7,32.42133247877305,1.113621671071193
78.16764860625675,4883.23971575711,8.808842267150357,8080,67,182,1.149524244209658,0.016004056548264627
3394.84176838677,3740.696136708113,22.401866024345217,53,44,358,75.44092818637267,0.9073002307914559
1942.512616738466,98121.37564196062,26.130117491281194,443,61,454,31.330848657072032,0.01979683638955617
7590.320765752274,7728.014304390991,23.459345667795702,22,21,14,345.014580261467,0.982055468760108
3010.230783024524,26536.157796528627,2.4199083773340586,443,7,478,376.2788478780655,0.11343455867072161
890.9746928886017,12442.270854492563,21.394272220441763,8080,97,183,9.091578498863283,0.07160293328879207
174.78430057887454,3280.667218550191,6.56973549393367,80,99,314,1.7478430057887453,0.05326082412953881
801.4840839881464,17112.24152869132,0.5844853978029041,80,11,44,66.79034033234554,0.04683414785237577
306.1941318748376,54103.545449350924,10.717080477406189,443,45,174,6.6563941711921215,0.005659305134750206
459.07556461103053,3598.818626148655,11.367085751169338,443,32,14,13.911380745788804,0.12752741520818858
2651.46502708811,74136.93877754873,12.591212248434463,443,86,300,30.47660950675989,0.035763943141767736
13424.769590716589,6157.453743733051,24.403681013725652,443,83,425,159.81868560376893,2.179892899963382
1982.288560255643,10673.551210397336,7.3877888956692495,443,36,73,53.575366493395755,0.18570228585580573
182.39513533046775,48826.3148149077,7.5749206554438775,80,37,223,4.79987198238073,0.0037355143534286636
2136.4567304295256,8142.444851200194,1.249261660147548,80,75,2,28.111272768809545,0.26235294392822606
6600.807242258782,23303.58030723423,23.21962113197824,22,41,210,157.16207719663765,0.28324076877753307
439.36286505011986,13738.587477521727,16.77854411082789,53,77,261,5.632857244232306,0.03197787894061065
896.9267969620151,26743.641150233274,8.597977299425397,8080,92,90,9.644374160881883,0.03353669215166089
1121.0626309228016,619.4867680212365,24.428414688356806,53,49,343,22.421252618456034,1.806747039099523
337.86706874101753,1415.8385893551863,15.416024001603896,443,15,396,21.116691796313596,0.23846546196541932
2899.868443878605,55489.578596684856,12.669093116523856,443,13,334,207.1334602770432,0.05225875305707932
914.6832011637306,104377.78124674861,14.321133966290283,80,53,252,16.938577799328343,0.008763114401589384
2057.606444037246,5621.02856431189,20.23116514145212,80,33,383,60.51783658933077,0.3659900373147762
289.6756165489016,15274.766106461739,21.576346438295992,80,72,333,3.968159130806871,0.01896308273706594
568.9613749671242,34271.82542250869,6.820470496710995,53,32,355,17.241253786882552,0.01660094748399292
3240.788802579518,62306.83454234949,3.033752791183713,80,48,47,66.13854699141874,0.052012541061378294
626.8769515565305,1052.0375562246268,3.407089326862429,22,68,335,9.085173210964209,0.5953035082661471
14624.387294804283,5830.975733237726,20.39921387441804,443,57,163,252.14460853110833,2.5076214243239474
602.1735673305728,13374.844295321931,41.251418801599044,53,62,116,9.558310592548775,0.04501948094156397
1536.1385149226364,63241.13861676938,10.53558681633656,80,82,403,18.50769295087514,0.024289793933618048
4442.116574513722,934386.7638749754,3.7150325030709124,80,87,79,50.478597437655935,0.004754039753358858
130.640777563526,15646.326027553838,28.261187252606756,8080,93,447,1.3897955059949574,0.008349080049426772
78.1622490312002,2669.1992681443376,35.734181808088934,80,2,371,26.054083010400067,0.029272065932936638
111.2205901777545,40271.613327302424,42.502580925907225,80,77,8,1.425905002278904,0.002761692897201523
7287.210870398485,159770.49916850484,18.670336500340913,80,16,23,428.65946296461675,0.04561020525139433
479.2453988557369,25900.593991755228,39.426608798976815,80,8,269,53.249488761748545,0.018502544631356903
50883.75154554841,5653.48349685414,0.31070008369976343,80,19,279,2544.1875772774206,8.998832797700706
470.42126511468257,92687.6866116151,2.2686557741488094,443,32,31,14.255189851960077,0.005075282456917807
1446.3912712303536,59594.49170633173,1.9429107359868978,443,67,414,21.27045987103461,0.02427014577474627
11082.969489387086,4726.20925281799,24.937932083982048,443,32,170,335.84756028445713,2.3445057954183626
22228.695699249332,39032.05170985576,1.4424219760589831,80,85,130,258.4732058052248,0.5694839302978874
24155.2098587325,98311.70285477635,13.718044672318923,53,25,395,929.0465330281731,0.24569774970395866
6718.02402171295,129681.28480172898,12.799974309502796,53,53,409,124.40785225394353,0.051803714223450995
5095.401721228836,19936.879504983757,7.441676017912369,80,81,157,62.13904538083947,0.25556387377881223
2667.2157680135574,12872.915773155517,40.86684774776398,443,25,22,102.58522184667528,0.20717983673430526
3524.6683095940866,138816.8521850651,3.7370328884050763,80,33,126,103.66671498806137,0.02539059821279451
479.7290308829296,3585.8801986310546,8.691580224576533,53,31,403,14.99153221509155,0.13374548474354395
321.40489224762274,42525.915110315516,29.759588348819538,53,36,457,8.686618709395209,0.007557681797842453
1091.0963701591281,2821.319772693233,0.6178935590277996,22,87,169,12.39882238817191,0.3865955873306079
849.5638211702332,108886.83472796388,22.352868767670977,80,89,166,9.439598013002591,0.007802192258599973
555.6607388053907,14956.955576638202,33.89966834441695,443,49,157,11.113214776107814,0.03714817415778657
3116.8593997202443,147690.60435622622,53.84388315554535,80,44,330,69.26354221600543,0.021103836019023155
4596.074335786353,46033.245124529436,41.79737682871573,443,48,22,93.79743542421129,0.09984033241673221
1252.1412057399996,3516.317847060615,7.69514360363179,443,30,472,40.3916517980645,0.35599319145592734
10059.725143722206,186640.87560878595,17.655385212340423,80,13,264,718.5517959801575,0.05389854292296158
197.8415244791228,225678.77094232978,1.6088814491188712,53,43,303,4.496398283616427,0.0008766471343578208
820.169323553727,82737.62530369266,5.964617075707458,443,93,390,8.7252055697205,0.009912774360744938
374.1910586935473,7027.724178471255,1.97922908446824,53,16,263,22.011238746679254,0.05323740826815795
66.69934110522557,13918.568186933924,7.572197887762345,80,91,212,0.7249928381002779,0.004791767977963222
968.7232537323584,27395.685763952126,41.618807440698184,22,26,465,35.878639027124386,0.03535914022881484
913.5871169817482,7665.1119841450345,8.528673591096014,8080,75,164,12.020883118180897,0.1191721590907123
10616.605541713372,278875.25850608235,16.506075082265703,22,47,136,221.17928211902858,0.03806923399856866
2824.869723189835,27350.48956224118,11.361357814722323,53,37,252,74.3386769260483,0.10328028814524153
235.97355968265182,381.83093394355274,12.2836342629045,53,3,205,58.993389920662956,0.6163910456552746
17696.79536776533,36645.053017085535,69.84787490858777,443,26,344,655.43686547279,0.48291136181881666
6846.894996356383,13065.937144503167,7.023927240932906,80,98,302,69.16055551875134,0.5239862196196947
2625.8148744190407,19684.959890760667,19.740942587930256,443,97,242,26.794029330806538,0.1333851582036104
780.7647216188734,12670.99688955551,10.896704645572967,53,15,320,48.79779510117959,0.061613392776508166
260.04147692179055,73907.50255907507,1.261909785198624,8080,66,415,3.8812160734595604,0.003518424374975523
627.4662193761947,118128.89854772607,13.440666369071113,443,28,279,21.636766185386023,0.005311663068284867
5614.584855632257,33677.314970101615,33.56968667621518,80,84,61,66.05393947802655,0.1667121665860267
18525.055736948372,13240.468569266572,2.079517686973356,443,38,465,475.00142915252235,1.3990182161474898
11101.830597630526,20702.178034706,1.4426383068869932,8080,44,306,246.70734661401167,0.5362379910475508
526.749902359675,22683.64422086664,3.3360091822359426,80,53,302,9.754627821475465,0.023220549426785374
204.50120135588045,6610.105809476719,28.912405999894823,443,80,472,2.524706189578771,0.03093297963295903
1354.6919582267908,52490.788332785356,25.746753785831306,443,4,299,270.93839164535814,0.02580769299834802
77.27271761129796,43917.295033252856,16.64900193575564,80,72,394,1.0585303782369584,0.0017594653333602936
1780.6817423448367,222050.88796745997,12.630749036489595,80,44,95,39.57070538544082,0.008019214601795154
878.8340805613257,144787.82449696644,43.84339414141033,443,46,493,18.69859745875161,0.006069764594157187
545.0869085599551,7875.308390415873,29.108415444755735,53,84,148,6.412787159528883,0.06920588701468737
100.27790675804555,75391.33008415792,33.42012378787742,80,26,400,3.7139965465942795,0.0013300810128312615
2369.4192451361373,5289.98095871073,33.561006556500274,443,96,462,24.427002527176672,0.44782229677755275
493.2167539023537,62561.049527380186,20.584550545352094,53,13,259,35.2297681358824,0.007883641243027022
189.6394706018383,10148.474746119966,12.250325200785133,8080,69,30,2.7091352943119755,0.018684658600124644
14.755364035167768,4746.297716145043,40.001926541226,8080,44,18,0.32789697855928374,0.0031081606668539835
1052.2938111022997,33525.71428778028,52.075808573677705,443,53,187,19.486922427820364,0.03138672647936266
15652.366443815852,398.6760999995652,0.4818797228548733,8080,51,454,301.0070469964587,39.16262804764378
13251.801995422802,1593.2586102613386,1.0586268791966138,80,13,212,946.557285387343,8.312203497054034
552.4459580482866,16877.930743305664,63.758833604272226,53,41,35,13.153475191625871,0.032729914379641116
444.38082530554084,24925.898690122547,6.491364613284951,443,11,147,37.0317354421284,0.01782736115029142
2215.340475282891,12657.710634180412,41.329628108561636,80,37,282,58.29843356007608,0.1750052228306049
245.2852554486525,2060.791789817114,9.846461103384893,443,60,35,4.02106976145332,0.1189670347219735
1724.492097242155,6458.563714192903,2.536224645293628,80,32,76,52.2573362800653,0.266967271094968
3460.3340774846724,39609.09295089717,1.6772692874141453,53,45,72,75.22465385836244,0.08735990803592134
6907.7540558139945,52715.913660686456,3.4040948337561345,443,18,249,363.5660029375787,0.1310348724182888
943.6627871064784,21496.92807352199,5.750793514943185,443,93,57,10.038965820281685,0.04389552257683588
807.9412736347252,124897.7487529716,13.40887153593921,80,79,357,10.099265920434066,0.006468769957277115
293.8372726937219,39978.43789735384,24.17956625787513,80,20,305,13.992251080653423,0.0073497099546057
317.2466252221272,7178.290336986756,85.9516164303828,8080,44,10,7.04992500493616,0.04418913434768259
780.7708197450035,14461.524513854452,11.65025468948916,53,36,213,21.101914047162257,0.05398579058566572
1902.7362490215048,2685.710967316226,14.60389872739315,8080,69,497,27.181946414592925,0.7082028071378892
4317.263102377559,18728.309112725547,14.755181176817542,80,37,361,113.61218690467261,0.23050840137206202
328.7283000889766,116792.12554588386,15.505997658626757,80,33,237,9.668479414381665,0.002814620283107596
10291.080760001316,61570.314571858384,14.585465076635714,443,82,234,123.98892481929296,0.16714083224568554
730.197173557979,180414.81185718646,0.17626959851347512,443,19,413,36.50985867789895,0.00404730143129577
1062.0423286328737,13984.042461168672,0.03452622656333661,80,51,223,20.42389093524757,0.07594130168583865
357.51684549092204,165901.5288738985,2.0554178354035857,53,32,104,10.833843802755213,0.002154981288818499
28.894163207740245,16482.321484623008,2.141831448764156,443,22,327,1.2562679655539237,0.001752933305019567
4130.146240051288,200261.16603587827,24.408610450389343,80,1,98,2065.073120025644,0.02062369703577133
3311.8619922775524,21316.034860644257,4.5861510085683905,443,54,226,60.21567258686459,0.15536222621617737
719.1059212478324,63630.42788007412,45.02151634221,443,89,222,7.990065791642582,0.011301112440901503
1212.5563256018618,201323.5403589853,52.79092126208578,53,20,324,57.74077740961246,0.00602289379843973
2377.7473492706895,16479.27083652625,74.50534081664107,443,58,489,40.30080253001169,0.14427841464842556
105.23344990818528,30564.16371799615,55.964303417329205,443,35,478,2.92315138633848,0.0034429211922141923
495.92315435228426,152252.42874750242,6.346016771851289,80,70,473,6.984833159891328,0.0032572215839862945
3609.7616327319947,18042.67842602404,14.25789145153573,22,70,334,50.84171313707035,0.2000568591117046
167.09556015262677,3037.109671679419,3.858470475890794,22,61,280,2.695089679881077,0.054999844709443614
1703.3239713626451,548263.11188297,32.819568021154716,443,63,43,26.61443705254133,0.0031067581015155506
143.32679361903453,10887.311455538962,43.862367313423604,80,61,351,2.3117224777263634,0.013163362767890256
2207.5641093184754,27948.92667976384,38.11498746342453,443,57,382,38.06145016066337,0.07898282291083018
1039.5443556376115,124742.8882754446,11.360867211904432,443,3,423,259.8860889094029,0.008333429156402544
97.25168182134162,8841.91838886702,28.432121692698736,8080,95,348,1.0130383523056419,0.010997690756004114
6292.470454744887,4857.1063103103315,2.0534863029025754,8080,99,153,62.924704547448876,1.2952516994925394
364.34915860264726,32228.48427011206,0.8215399285106066,53,45,339,7.920633882666245,0.011304839864922245
325.2588557302183,1495.7535462199548,27.986490873168385,80,15,452,20.328678483138642,0.21730956078350924
1481.564341212907,14301.802892478261,11.080065950836769,8080,17,290,82.30913006738372,0.10358559454049743
6142.309092517229,31810.700200834992,108.29371938778738,443,15,224,383.8943182823268,0.193083332665005
238.95309358816885,14692.201984399453,2.046285776998216,53,5,473,39.82551559802814,0.01626283323688587
1202.9351104832506,2175.086222403432,38.70719542565566,443,86,119,13.82684035038219,0.5527975399589816
2086.4612967526264,240690.44693531864,13.077878032930672,443,46,214,44.39279354792822,0.008668614208436431
3101.55355245484,25727.28114258161,35.10664487352092,443,11,53,258.46279603790333,0.12055035994307492
1428.9030527636817,188476.41838576857,33.97929798238011,80,64,220,21.983123888672026,0.007581295759468946
632.3596137211338,14912.35920165883,49.53686525584216,443,92,439,6.799565738936923,0.042402225090293254
316.90900082621306,5883.940841046423,7.072164772831657,53,14,243,21.12726672174754,0.05385083884205407
1247.898012166458,32983.78580246768,59.834547462488466,80,39,53,31.197450304161453,0.037832533448590694
219.5964364449266,15935.734359982953,3.289639697265426,80,67,402,3.229359359484215,0.013779261891716786
13.70792694677708,3764.4528827692966,1.7104775520790398,80,55,117,0.24478440976387644,0.003640445750763347
2110.836738170999,199720.94339296885,11.2991436644789,443,42,391,49.089226469093,0.010568877421835213
4255.2222045476165,8661.07965842379,35.242805839309675,8080,75,447,55.98976584931074,0.49124717993206785
31.67733201454621,1393.537033987356,12.827083185204733,80,94,331,0.33344560015311797,0.022715303532651412
241.14633368458075,161498.16848590612,35.35539212251832,80,5,42,40.19105561409679,0.0014931738407410152
2775.9030356834355,10337.702998954654,26.163480273988814,22,52,395,52.37552897515916,0.2684962548942655
24010.420547290516,8850.80913119618,4.699980666325811,53,22,247,1043.931328143066,2.7124873787293122
1131.3767823308601,1559.1851428620084,59.47222510802589,80,77,393,14.504830542703335,0.7251554647261024
367.9678565992349,299962.3452404768,1.2541355934427088,53,44,291,8.177063479982998,0.0012267094044582005
833.5180339276933,3183.6356827966893,45.71056926644391,443,85,248,9.692070161949921,0.2617310477397254
8624.089134446476,24044.804451146843,7.260859221224746,53,59,101,143.73481890744128,0.35865255213098757
416.1533122014237,86589.20938225508,13.868867815093047,443,25,87,16.005896623131683,0.004806008845229862
330.7001223712165,41463.77359204805,10.975807439762788,8080,21,353,15.031823744146203,0.00797544743942933
531.5964860760006,20141.115096855465,3.770846681390356,80,92,449,5.716091248129039,0.026392287181349294
262.43595927792353,1715.570937855461,8.867915306563718,80,64,84,4.0374762965834385,0.15288384155320078
1318.1776242373553,6538.171030203421,4.287007405222,443,68,261,19.104023539671815,0.20158176290983926
12544.250194006981,29193.47507830219,4.5602696907731515,443,93,221,133.44947014901044,0.4296789087785337
1780.4455299187416,6763.115225219169,4.141881617792265,22,47,154,37.09261520664045,0.26321927859545774
751.0481369225242,29882.82531001725,13.428394035536355,443,35,51,20.862448247847894,0.025132262323550928
707.8860232517462,61243.6294012893,31.982957489849042,80,87,38,8.04415935513348,0.011558336301025018
105.13169338115956,93316.69676980906,16.831553281183915,443,7,259,13.141461672644946,0.0011265997449604079
4124.353939275377,3500.7445845017796,44.737180898198744,443,56,469,72.35708665395398,1.1777997623039607
975.7868825054318,594198.716801402,20.24196757961628,8080,52,187,18.411073254819467,0.0016421867175536987
836.5448452871277,69648.67928298093,23.381131692767738,443,46,13,17.798826495470802,0.012010749423386641
131881.80077851898,21969.903422679192,22.028759326372345,443,9,223,13188.1800778519,6.0025661321867005
1716.6489122345176,112905.32047883805,11.937083974866024,53,58,465,29.095744275161316,0.015204187905107296
355.0694573544782,765367.7054137934,23.38104842293509,53,23,419,14.794560723103258,0.0004639194872261093
578.5144968466644,2545.086326413598,1.4451298218545823,443,3,87,144.6286242116661,0.22721715711091248
6140.543675964116,15710.837444078765,39.30105007714389,80,61,259,99.04102703167929,0.3908227600889716
1299.7219238092764,621.6346310071492,30.084641084655,53,9,181,129.97219238092765,2.0874552411370013
126.79644844777934,29406.684721813177,5.626843131329295,53,53,311,2.34808237866258,0.004311677360772572
4353.970219039285,38104.6409301792,29.223156122548538,53,68,173,63.10101766723602,0.11426051662579423
402.53573345633106,20769.83197066734,0.2544639823102255,8080,49,322,8.050714669126622,0.019379856041625766
18214.015594807148,8251.907324878022,4.898750799361296,53,89,195,202.37795105341274,2.2069817190242533
5541.785934126399,1018.1354321299444,1.3471107958750221,53,70,340,78.05332301586478,5.437732571562477
560.6053356935244,38572.71827469877,30.30319408202923,8080,48,496,11.440925218235192,0.014533349668321604
7491.501641533686,195467.95381626932,28.2014282559097,80,82,245,90.2590559220926,0.03832578777996279
1214.1302621124546,9076.757609877683,33.601073122946886,443,7,428,151.76628276405683,0.13374781683874618
3940.884670247035,42620.46830610834,0.08983532440154657,443,99,329,39.40884670247035,0.0924624332963734
2269.0107577217864,2095.994727369798,13.912313563030612,443,31,368,70.90658617880582,1.082029786773829
308.1125127838822,43731.30978260845,24.404496281809717,53,56,196,5.405482680418986,0.0070454205212461245
417.6631521400196,12208.974235547354,3.3778694580325617,53,96,62,4.30580569216515,0.03420671854687959
5140.682986494306,7018.979205297193,20.984487635799006,53,99,25,51.406829864943056,0.7322931929221681
663.7044877477035,7040.641295934026,1.7571823457005433,8080,61,52,10.704911092704895,0.09425423134389688
598.5603199526531,12204.775968582546,4.001382900037058,80,92,50,6.436132472609173,0.04903910423174544
261.7307048219458,39091.09511198753,12.917518243515413,53,5,378,43.62178413699096,0.00669523350109947
2070.196063395353,3077.137923107195,21.201210177157648,443,30,385,66.78051817404365,0.6725481817610092
24192.2443376629,12140.800514133523,3.153416996162464,443,22,295,1051.8367103331695,1.9924758531077988
221.11891386991437,20697.999519250865,4.096824577051424,80,17,52,12.28438410388413,0.010682589449034254
1137.2054645232922,4236.281519007426,4.5743402613846875,53,10,332,103.38231495666292,0.26838090870810966
9120.96449149609,326112.5357646612,5.454576753538737,443,71,40,126.68006238189014,0.02796867805597068
973.1496890230021,6122.689745837691,5.137984562076042,53,68,232,14.103618681492785,0.15891557695006642
2161.499978961936,8069.482473661273,10.055466233086108,443,42,60,50.267441371207816,0.2678278511868628
222.8301245354442,5077.316105479154,21.214174861796906,80,27,216,7.958218733408722,0.04387874246249181
2084.8676308433187,327001.53063426854,11.526199686154301,443,7,457,260.60845385541484,0.006375692649226345
828.2239613169477,50481.279466349166,29.91985510230166,443,23,366,34.50933172153949,0.016406231455317524
4810.686101248429,5405.174371146081,25.407132072975106,8080,75,340,63.29850133221617,0.8898503398122151
6509.898068158787,115768.44812399139,2.705559232321213,80,8,197,723.3220075731986,0.056231572091339305
53334.86175417039,29763.796204094444,1.0014938662127018,8080,8,276,5926.095750463377,1.791877269659708
2616.1256946080207,32398.9123465898,42.06510730630253,8080,5,341,436.0209491013368,0.08074483864717544
1787.7166586746266,13138.264252755052,1.6639600498904281,8080,71,2,24.82939803714759,0.13605911444392912
1467.8829216741447,7157.213581135081,3.2113386170344365,443,86,469,16.87221749050741,0.20506274436161512
645.6454801373832,36557.77440512954,0.4476378362043012,8080,2,106,215.2151600457944,0.017660479341637697
1822.0650235531903,9724.163554879982,19.79532083087055,443,88,216,20.47264071408079,0.18735572037129367
704.0841531871803,336089.72579832195,17.463215087537044,80,51,265,13.540079868984236,0.0020949228858212535
1411.8998170021587,3281.5243757996022,86.70845937005535,80,66,167,21.073131597047144,0.430126224624982
7914.060791359923,220628.40925902233,43.59538752955351,22,12,247,608.7739070276864,0.03587038019065126
242.30230773871716,18639.191760351023,10.581257572294252,80,47,414,5.047964744556608,0.012998917117049778
6062.138118641062,34497.033059004425,9.291116817769264,443,55,438,108.25246640430467,0.17572416689011106
7908.335438530198,76859.67609921638,7.043758635308014,80,26,210,292.9013125381555,0.1028918276534758
918.6426585897575,8558.036461578597,3.307092337888461,80,45,58,19.970492578038208,0.10733014898505602
45.477497877695825,80528.99436844507,2.9719412490065626,80,62,428,0.7218650456777115,0.0005647274439089711
440.6570988461387,379.4353463331221,2.8378094059070182,53,70,43,6.206438011917446,1.1582969434713997
7673.221504783006,7480.206669260334,2.423357191000614,443,87,138,87.19569891798871,1.0256662920851585
1059.654199029432,5507.718708885283,5.502216255476772,22,2,109,353.218066343144,0.1923594677869944
244.94817353053327,3360.1502910710806,7.324944542825463,443,26,489,9.072154575204936,0.0728762930301688
514.3158743082721,15955.641470414856,65.18300680175405,8080,14,48,34.287724953884805,0.03223208814097021
3869.6913942519577,39286.05704246175,17.277440842221612,443,82,126,46.62278788255371,0.0984978689055168
2490.1552883219174,63195.60254619986,87.79436198720768,443,57,469,42.933711867619266,0.039403309481731874
766.321543500939,31612.72902777745,9.31917873151178,443,32,214,23.22186495457391,0.024240150310253165
632.5526019474581,8114.921469179652,12.236012898863526,443,62,401,10.040517491229494,0.07793971446736975
609.331696110659,38312.2380989126,7.8483714840551695,53,78,128,7.713059444438722,0.015903946686457518
274.89376756013064,26540.537026145852,4.03957358747679,443,30,389,8.867540889036473,0.010357115614266613
12370.421438452986,89687.28178770318,3.0901913992225567,53,13,198,883.6015313180704,0.13792684163282798
676.220560788387,70643.75949863455,58.037261832619826,53,40,202,16.493184409472853,0.00957212630614812
6807.211073300963,23056.767838491105,86.56696008338677,80,31,192,212.7253460406551,0.2952242004075285
10742.617762449867,5733.723881949437,0.9189834987586176,443,37,107,282.70046743289123,1.873258065006971
4902.3322841838,8271.52991149216,3.2585184751568192,80,45,194,106.57244096051738,0.5926037544298877
573.9656382908784,9655.818447331263,11.01643461562362,443,86,327,6.597306187251475,0.059436308285312975
2009.4074076199354,13726.732653821246,4.124093460371131,443,59,238,33.490123460332256,0.14637576781921066
1057.5461920728671,32927.90130672804,9.047373459761076,8080,28,132,36.467110071478174,0.03211604851986936
282.7172294518401,64393.088518517616,2.76447856128679,80,61,357,4.559955313739357,0.004390422101720409
1783.8672921814962,20400.648335452563,12.194944083153423,80,19,83,89.1933646090748,0.08743741009796821
187.06203751610943,22565.7191487489,6.3406967091996425,80,43,284,4.251409943547942,0.008289288145214506
6512.763088371486,27308.66847967161,8.674361489435023,443,59,468,108.54605147285811,0.23847829178956773
546.2485293017556,10159.271647265638,1.9812224482223382,53,16,222,32.132266429515035,0.05376318156304056
1482.8771261892073,5496.746295529783,11.176803550833828,53,69,106,21.183958945560104,0.2697245464736949
1677.2851905437958,1582.6297703452058,81.79623019481838,53,44,294,37.273004234306576,1.059139719366462
743.7035784956533,7764.1787184346385,7.974747211229928,53,66,66,11.100053410382886,0.09577417409982993
2643.9801733564277,44789.01466220638,41.818832269765984,443,10,195,240.36183394149342,0.0590305717311454
537.8848560620198,7674.303682563049,37.05557393484142,80,47,188,11.205934501292079,0.07007994449574685
4051.919288275527,15417.97697850535,60.755441142739876,80,19,47,202.59596441377636,0.26278781620363395
145.62436730588047,44340.197222460636,31.22338742544924,53,84,362,1.7132278506574172,0.0032841776142236356
1325.5322678220136,48099.84552902931,21.55249122225076,53,93,497,14.101407104489507,0.02755735898700663
20098.359998168497,4362.064448979731,38.84017757018557,443,89,359,223.31511109076106,4.60647790863331
244.57035379126037,98281.29809526929,1.573174730314104,443,81,25,2.9825652901373214,0.002488447650605277
396.780227473284,119494.44142898654,12.428837689253097,443,51,66,7.630388989870847,0.0033204632974144174
2370.5132562196304,4044.953016301715,90.6686005830658,8080,13,487,169.3223754442593,0.5858973761357333
1435.6495486308095,6401.225244887472,29.358780136435616,80,63,335,22.432024197356398,0.22424227416510445
1855.566183914503,131483.41812225018,65.44309443637852,53,16,67,109.15095199497077,0.01411244169015719
2284.221843006752,17671.699101719812,30.24934189354927,443,53,197,42.30040450012503,0.12925144200437746
2841.485343880514,788.6582460797653,41.56995453500912,80,35,246,78.93014844112538,3.5983735470211107
5793.835363540716,2698.5712436133153,24.519572133234252,53,59,296,96.5639227256786,2.1462057640626657
2027.843080813705,15152.875005011343,28.584204626809356,443,39,100,50.69607702034263,0.1338168013226388
763.6530157023643,3848.4895459438912,14.812240879828897,53,67,178,11.23019140738771,0.1983777346549768
3007.4882826682765,11847.407473798388,51.60308964565027,53,73,115,40.641733549571306,0.25383059194402685
18954.997619107846,23123.260097554718,34.863833524009245,443,61,168,305.72576805012653,0.8197017997177886
898.7899695513003,197477.88967666266,37.14324287797615,53,50,119,17.623332736300004,0.004551321769242842
254.22152764498665,14247.249159998846,22.356458803269675,443,53,486,4.707806067499753,0.017842299414492217
5771.117436540556,110063.49432238731,7.264784466176479,80,46,165,122.78973269235226,0.052433961306690896
915.4614490655333,187801.38921786335,0.7256005682767265,53,52,219,17.272857529538364,0.0048745995877802
42.139927207549206,189371.22177584653,54.86996118442267,443,29,197,1.4046642402516403,0.00022252433230375682
3909.3739134689513,33763.37418920689,17.643600900307565,80,5,401,651.5623189114918,0.1157839885188401
491.27680229245453,1158.7142662785998,7.080511166051177,22,67,318,7.2246588572419785,0.42361883144622314
957.3797029381684,43968.87596225111,3.230038532823417,443,74,486,12.765062705842245,0.021773536585822876
1804.3767059224713,106149.08335507046,35.383117190581615,53,95,237,18.79559068669241,0.016998354112326582
1459.354537971247,19504.47766126299,36.221316194281826,53,75,169,19.202033394358512,0.0748176775424198
3178.5415093581073,301605.6972768861,33.69486705477612,443,81,76,38.762701333635455,0.010538696713488721
570.6467941804061,79997.47432348326,20.717409035160546,443,40,426,13.918214492205028,0.007133220964601507
2367.6630605578175,51658.50183416312,9.114611909781893,443,72,287,32.43374055558654,0.04583209238367161
742.9880667032606,112372.11144166486,7.250132152532245,443,2,33,247.66268890108688,0.0066117958039184545
3321.645997170092,36317.49197907325,0.17183144406584105,53,68,299,48.139797060436116,0.0914588083416026
2760.180143649822,523.6294359811651,35.868123528718066,53,62,349,43.81238323253686,5.2611995331289725
269.5737335840969,10418.012652557369,1.8298688014798485,80,80,230,3.3280707849888502,0.025873251388933618
5591.333978496639,132687.50297567234,19.92589786635372,443,58,195,94.76837251689219,0.04213879765846614
490.80889312732694,6559.128285841843,14.026609323490412,8080,85,294,5.707080152643337,0.07481696572711807
3685.22439679367,15753.080968085904,14.960067191957307,443,69,297,52.64606281133815,0.2339218900968629
1902.5130899416693,4595.098767625477,52.26739856780143,53,58,374,32.24598457528253,0.4139408629211381
17279.489778115258,319938.4436899103,0.6425111028914997,53,35,447,479.9858271698683,0.054008626066321404
784.3073930220141,274371.6041681914,29.690692355528803,443,14,424,52.28715953480094,0.0028585484888324743
649.3843796202461,5849.998344818808,1.069121015881037,443,15,414,40.58652372626538,0.11098693613463262
1065.149656885617,27472.670804276295,0.7780102919020772,53,6,431,152.1642366979453,0.03876983401576705
695.9169480838423,7936.748236503935,11.235982829308394,443,16,278,40.93629106375543,0.08767183429722239
3640.6330229448367,55404.547740617694,1.3030445743342753,443,87,230,41.370829806191324,0.06570881746334395
97.07987442581174,47312.25424454779,31.13159223898043,53,95,96,1.011248691935539,0.0020518536713631124
225.760876667508,74425.83144620521,15.081868561902072,53,46,383,4.80342290781932,0.0030333264533864398
221.0293764133302,36238.510979905215,0.589375048714351,80,63,439,3.4535840064582843,0.006099126904220392
4561.74902900296,1799661.7878676264,0.8268735798521115,80,12,171,350.90377146176615,0.0025347798819622524
14270.076321900713,4713.162250457801,18.969488804972283,80,41,317,339.763721950017,3.02706516317187
937.6025815642455,1692.7250557850446,32.809473315438645,443,19,330,46.88012907821228,0.553574252421781
851.30240264864,12214.32471551827,11.517935735522071,443,76,32,11.055875359073248,0.06969134447708548
1218.13739376373,2096.4853980306216,16.174782587128846,443,77,491,15.617146073893974,0.5807608457763128
6265.523691823465,2347.9704483589894,32.171710921021344,80,2,388,2088.507897274488,2.6673488788250244
272.8631257873019,4905.086557844817,18.85814529990949,443,20,477,12.993482180347709,0.05561726695404397
1567.9957243706097,5523.221874143953,5.091658534224864,443,95,45,16.333288795527185,0.2838401063703818
4735.281452282707,5260.981298988566,18.98930057521294,443,9,72,473.52814522827066,0.8999046524914296
2325.3858352765897,47921.92608145853,19.792258821459193,443,21,20,105.69935614893589,0.048523452664888216
1457.3462515864376,10308.4209522652,26.49322469723306,80,8,239,161.92736128738196,0.14136063105137125
4922.4868487585745,16826.800088263622,19.397743400657248,22,39,199,123.06217121896437,0.292521115234291
19.013543870340875,84233.59926202756,69.63218794815516,80,37,65,0.5003564176405494,0.00022572130735964768
3031.5004661979774,6977.990168571131,4.395193380074106,443,29,188,101.05001553993257,0.4343752309395562
411.12054786910994,14811.8253662077,60.35574597526528,22,83,89,4.894292236537023,0.027754364053126132
70.3899610810471,38125.55149086953,15.4585097123194,443,35,410,1.9552766966957529,0.001846218929553698
2360.913499743421,1197.089291763751,22.292159230682632,53,38,201,60.53624358316465,1.970565562995588
8608.348935303486,615.6272929905557,2.0952493893996023,80,90,23,94.59724104729105,13.960376118861369
892.3221553276956,37018.60833585642,9.57930340759286,443,75,296,11.741080991153888,0.024104040951276377
4579.347596599083,46074.7990356786,29.33960487186166,443,35,130,127.20409990553009,0.09938726386607173
12313.079950909229,487151.38322791486,24.545580266791767,80,68,154,178.45043407114824,0.02527562293613688
7882.273688451246,27921.221720044614,0.8193440213570242,443,3,78,1970.5684221128115,0.2822939294545023
12835.20152073198,75328.17967762146,15.819357775983342,443,12,190,987.32319390246,0.1703881759453836
3338.2140807693418,16428.79775556769,1.8484074318073351,443,32,300,101.15800244755582,0.20318047309122206
1228.010253407236,34400.997236609626,109.72394691094316,22,47,415,25.583546945984082,0.03569590000723628
99.19139654515466,268574.9406689846,45.51819889625026,80,63,154,1.5498655710180416,0.00036932346321894266
758.1689635081074,910.515363582376,0.42612060955452147,443,26,113,28.080331981781754,0.8317676188456143
309.55324319105847,40962.99537686319,39.130264314715355,443,43,339,7.035300981614966,0.0075567151188064225
28464.531323692103,542194.5124591696,50.37247899018006,443,77,486,364.92988876528335,0.052498647940830465
842.3295113651953,33625.881387020854,8.725133475018104,53,44,117,18.71843358589323,0.025049290229165102
1319.2348786992989,261937.0390380375,25.42374908770669,443,38,5,33.82653535126407,0.0050364387072002375
2507.9678032748548,8571.360716470685,11.671645179811744,80,29,377,83.59892677582849,0.2925644272593567
1170.7544740238543,20992.67316147991,21.29769914878654,53,55,326,20.90632989328311,0.05576701442470795
13940.82076022414,23162.43475108078,8.319929504839674,53,52,35,263.0343539664932,0.6018460090239285
430.96460225763764,791.24953118725,7.788663283918286,443,19,272,21.548230112881882,0.5439758375265964
1468.3743490868549,3818.959408061611,11.048023628205222,443,35,159,40.788176363523746,0.38439527550685737
360.0684389055675,4250.055756139357,3.146361516573059,80,48,210,7.348335487868725,0.08470094479131642
151.40619120045568,75591.4996269379,35.57358354155947,80,91,14,1.6457194695701705,0.002002926109702305
438.0558280880047,81489.51645703558,8.57563363985425,80,60,25,7.181243083409913,0.005375543647695027
1037.3708935682882,35812.5856135617,10.22149822690599,443,31,335,32.41784042400901,0.02896584845655505
575.9648665277916,75822.802071864,44.89663063619342,22,3,218,143.9912166319479,0.0075960958272958375
388.14094353271724,17219.12357485524,13.728350076848802,443,35,254,10.781692875908812,0.02253996272706656
133.02323397312864,133639.01211520465,15.716388866015507,80,88,484,1.49464307834976,0.0009953847793612567
968.1060538686033,22318.755637836348,62.699024664883964,80,52,203,18.26615195978497,0.04337440201305225
114.76877348950943,24023.698776411158,43.55897998017592,443,71,101,1.5940107429098531,0.00477711602370624
3429.2057224130135,14788.587539648752,3.713745302143942,443,51,361,65.94626389255795,0.23186621758178227
1240.9836737560527,61492.821072624625,12.819256802325347,443,56,229,21.771643399228996,0.020180623875859695
123.18320894777109,11710.03885956911,71.01453432744842,443,99,199,1.2318320894777108,0.010518555221693069
689.6514909584821,95286.84723527174,9.315971202409534,443,21,402,31.34779504356737,0.007237559782998233
354.8749207993576,4031.0263056211998,9.290711598785382,80,1,178,177.4374603996788,0.08801403907127617
1770.047684550095,4237.0629931385,4.339011145727281,80,53,276,32.77866082500176,0.417654878517812
8190.0531711890535,61767.964341412146,2.4280616702832223,80,6,312,1170.0075958841505,0.13259171913455808
65.84090459267766,19286.94417030443,26.964932155068876,80,98,130,0.6650596423502794,0.003413578140382935
1303.149256247815,11149.644308208297,29.39616902899005,80,82,410,15.700593448768855,0.11686761950504787
862.4703803132588,83707.72940199128,69.48372678947437,443,62,279,13.690006036718394,0.010303231054570781
3001.9282605090366,8858.279867507608,29.69298598968605,53,89,288,33.354758450100405,0.3388456291485882
1509.8943226449092,16312.68195854154,5.577155600135651,53,79,141,18.873679033061364,0.09255386530655985
354.9745165000102,179663.6777359697,0.818868752227448,443,47,13,7.395302427083546,0.0019757612958384123
679.5420371468367,221618.6783122718,84.58595214813796,53,96,401,7.005588011823059,0.0030662531518944464
332.27442698806004,232954.23930007304,8.323970985214789,80,50,217,6.515184842903138,0.0014263445114451902
5508.296603041505,14426.345096198946,7.478501583212672,53,82,186,66.36501931375307,0.3817955809827222
1132.256103491134,139532.713409149,47.2796823634113,443,31,470,35.383003234097934,0.008114570133821821
18992.245222110072,5305.879150059444,17.594350142290182,443,64,27,292.1883880324626,3.5787973845037215
1001.2542862557937,5651.327136178793,4.838149298358691,443,29,401,33.37514287519312,0.17714018706508963
378.9445353440385,648.2757986882639,43.98185010548049,80,15,218,23.684033459002407,0.583641860838834
113.23082236471356,270845.0873027239,100.29544194181025,8080,58,422,1.919166480757857,0.0004180633491602033
73.35351949277091,6027.15412985617,1.813347830215535,80,23,14,3.0563966455321214,0.012168487718233095
101.88004435657591,18218.651033222348,39.646533034533796,443,38,142,2.6123088296557926,0.005591767052552449
1637.1136103443346,5622.397689839503,9.902841708239828,443,41,396,38.97889548438892,0.291125348168477
2352.155768301538,62489.12824384018,14.849792697551745,80,75,325,30.949418003967605,0.03764043752836107
102.33113196569224,12538.378616831915,49.25882743415041,80,15,485,6.395695747855765,0.008160781733500785
4198.814368118867,3111.2338547351155,72.52124510337279,80,87,324,47.713799637714395,1.3491320267371845
531.3433500136516,42723.049148206606,6.080671597492736,80,3,55,132.8358375034129,0.012436633713496124
1366.748059494122,2564.2080635653815,4.786748619079955,53,83,191,16.27081023207288,0.5328020283838026
12312.01559764463,6272.25621641135,1.6788648671208442,443,1,285,6156.007798822315,1.962619598644065
4210.1728119297695,934.1773739433432,16.50149902945053,80,88,89,47.305312493592915,4.5020045707231136
733.0427543914616,2602.0707041468295,0.2739556638983933,443,75,45,9.645299399887653,0.281606931853094
288.0723494274907,28790.29858190402,10.61710765583042,8080,94,132,3.0323405202893756,0.010005535130970114
43.47894935123603,1156.54910739044,1.5243211338026816,80,11,498,3.6232457792696695,0.03756121366570294
372.88498509284716,2388.167019109651,10.391468251209874,80,60,400,6.112868608079461,0.15607321803387642
798.9550143642026,21948.33641322414,0.8150272166643144,8080,65,498,12.105379005518222,0.036399962136570305
249.44306911960095,9745.780059207396,36.06254807391464,80,76,66,3.2395203781766355,0.025592356409434105
900.648040630829,437160.18104913173,4.707840013348765,443,4,279,180.1296081261658,0.002060219616182268
1230.6254615395471,344843.10313005035,7.9591286884930135,80,25,324,47.331748520751816,0.003568642903762933
782.6738163655878,5991.615210167484,40.8118020272786,22,72,148,10.721559128295723,0.13060638617971823
413.64004072204756,50802.78361342539,27.429380930397453,8080,79,145,5.170500509025595,0.008141914072178262
1412.3100949800448,67773.31655445053,4.944584979372063,53,43,436,32.09795670409193,0.02083842621777501
2127.942808411955,8989.223167189875,1.4923033400364025,443,94,6,22.399397983283738,0.2366952153287979
213.66329408955465,2337.150415828618,25.152660539929258,443,40,82,5.211299855842796,0.09138132972246546
9103.357400937728,21623.853780771533,9.90897415992545,80,96,468,93.84904537049204,0.4209673504952105
945.8819773284043,16995.969178532017,29.055521973022987,53,99,123,9.458819773284043,0.055650037803392526
1128.082349667077,11456.966530147047,11.786368554548169,22,85,167,13.11723662403578,0.09845397494389432
3172.6473193978713,42765.00052309486,8.49303234183601,443,95,237,33.04840957706116,0.07418620587830164
1555.9229677030285,7143.124677414616,12.000621144668875,443,91,105,16.912206170685092,0.2177905674885423
4581.148229737817,3912.781098897991,27.610937048399503,80,44,290,101.80329399417371,1.1705172348621484
1686.964852154317,25942.153048500615,46.50076304591767,443,72,488,23.109107563757767,0.0650254365381318
437.61692972873345,39299.030913089664,1.020965363727401,443,59,238,7.293615495478891,0.011135282073861585
1886.0788828749153,3770.7627621308475,14.85143565038166,443,23,310,78.58662011978814,0.5000523632640617
197.23791472328946,88622.04464057756,0.6677322183785424,443,62,472,3.1307605511633247,0.0022255826971778483
1290.570385152011,1547.317852603218,12.637638151591242,80,23,82,53.77376604800046,0.833530649396149
1043.3114435607656,9254.172518929123,43.30571126642842,53,58,94,17.683244806114672,0.11272739016230492
802.5745228773429,14957.78524881723,8.975499722548307,53,55,321,14.33168790852398,0.05365238617492696
904.3294527123834,8481.685162379832,53.897868964192355,8080,33,343,26.597925079775983,0.10660886681531302
65.18480774617365,9437.149838590321,19.91796290045004,53,77,285,0.8357026634124827,0.00690652393328708
481.50308505278997,364620.2658462579,54.40914010161097,443,63,297,7.523485703949843,0.0013205567808428791
1260.5045442161925,6146.7198847319905,28.30759544256658,80,60,361,20.664008921576926,0.2050361057189163
1393.7936986328514,857548.129126062,2.1836934051409522,8080,99,319,13.937936986328515,0.001625322271685218
234.742058664528,42433.36192149394,5.257223314679194,443,61,416,3.7861622365246452,0.005531886142150897
7321.435990614492,25287.93556809235,10.023132213391134,443,80,66,90.38809864956163,0.2895114336030861
299.08796506899813,44997.42433352149,3.7291671998407776,443,76,112,3.8842592866103653,0.006646631954314745
4694.682671673015,979592.1826446883,13.660436499565638,53,61,356,75.72068825279057,0.004792481976036617
2081.390674524174,4962.229894046506,12.749260718253552,80,95,429,21.68115285962681,0.4193621329168822
415.9890905318326,4102.58737856489,62.58947857816058,80,69,401,5.942701293311894,0.10137205624151048
15724.359334811272,7098.939638188922,11.373610880886435,443,89,171,174.71510372012523,2.2147173266422726
183.0107240270745,23114.484171982305,30.800737552022632,53,21,247,8.318669273957932,0.007917235160010068
4353.481985891323,1654.6475638566928,56.91542252916833,443,3,66,1088.3704964728308,2.629473857195942
4919.063653595681,22777.052959275377,41.90960245285407,443,48,68,100.3890541550139,0.21595628311122197
401.0434142404144,279377.92109616526,4.680744058007904,443,10,492,36.458492203674034,0.0014354820065411123
8854.64934787648,27642.537691144127,13.704766533300809,53,87,34,100.62101531677818,0.3203153462775914
753.6516270153148,14199.638869449971,8.546233795387447,53,81,1,9.190873500186767,0.05307167050326559
1690.9409767109673,8714.63719356516,10.211802867780603,443,42,151,39.32420876072017,0.19401231822263157
1620.488228042417,84775.98253382923,8.950971278905618,80,99,390,16.20488228042417,0.019114719344909225
896.5346008601715,6382.089561179264,35.01533079852012,22,89,272,9.961495565113017,0.1404546485314454
3700.4599796869243,351369.5792707757,12.03467548915202,443,66,258,55.23074596547648,0.010531502060777973
3605.562536034337,400328.05264223064,14.83390943393726,53,91,238,39.19089713080801,0.009006497310742484
79.61496201046499,32374.494921268408,80.8510148960072,80,46,116,1.693935361924787,0.0024591118129336643
7758.236749202077,21649.277647988605,1.2370670620223043,443,9,76,775.8236749202076,0.35834352220988014
90.58258879694603,103361.69443012188,13.386958451625379,53,49,283,1.8116517759389206,0.0008763566903548958
5160.6576737790165,113799.99461346144,29.749867131530593,80,4,19,1032.1315347558034,0.04534808936694975
5943.5252053712575,6574.8852433507545,3.2777374868208504,443,60,284,97.4348394323157,0.9038365156054219
213.48153774712046,9998.269432948031,18.910868742024277,443,90,35,2.345950964254071,0.021349713514438307
592.1610063354879,3030.48771614685,5.474657122118934,53,96,371,6.104752642633896,0.19533676589926935
208.81381075235885,40684.29429917723,40.408984430092346,80,29,491,6.960460358411962,0.005132414901975568
794.4248983446439,59870.65864941475,7.923161030748006,80,86,324,9.13132067062809,0.013268797228359558
690.8678588544219,2907.682186213126,7.981595264693546,22,47,305,14.393080392800456,0.23751919756963108
3531.54523723333,11127.79868709234,18.235711831405048,443,77,241,45.2762209901709,0.3173339132578046
7828.006189315901,2919.3583373399,4.056108312288317,80,87,7,88.9546157876807,2.6804950917243553
8897.500879078269,5720.435882096438,6.706339972598789,80,63,37,139.02345123559795,1.5551167683134226
471.8909685811814,50338.50601403776,10.778736340084318,8080,31,371,14.74659276816192,0.00937416764577684
801.2453376586627,7330.337958187541,8.727906977865116,80,51,153,15.408564185743513,0.10929046542777947
87.78079242949381,14027.30499562938,14.883640398811371,443,41,245,2.0900188673689004,0.00625740547107028
327.4040058678431,1917.9887847879534,18.307829929598714,443,36,250,8.848756915347112,0.1706127771372155
4662.361925343317,29158.02093318389,16.724996810976037,53,40,115,113.7161445205687,0.1598943234763209
12374.265539378632,20611.20255332499,21.236061462474876,53,95,41,128.8985993685274,0.600336888179013
172.16902403848144,7380.237694113076,7.356148372799403,443,60,337,2.822443017024286,0.02332522419319937
450.92616461199276,16588.725444103453,2.7032539273741323,80,15,62,28.182885288249548,0.027181050471951428
1054.0459927786092,28866.652662663462,28.609735702491275,53,78,169,13.342354338969736,0.03651304818912
1669.437025720636,6487.923317747849,38.04672232294272,443,99,142,16.69437025720636,0.2572748889102388
325.57560891169425,2405.724017464903,5.941352444333859,22,88,485,3.65815290912016,0.13527750026554178
2071.631140828535,330499.90440498595,10.45431922830713,443,30,438,66.82681099446887,0.006268155739416737
538.7442558650135,8519.312660634256,13.805794019465464,443,30,258,17.378846963387534,0.06323057349223017
1073.115730419382,19050.71371523427,15.242522875141054,80,27,88,38.32556180069222,0.05632646734352771
2488.4775381710942,100333.97019793376,21.54622575387257,53,40,463,60.694574101734005,0.024801697087884725
1107.2485184042707,4384485.220551404,0.8498685065587663,443,78,48,14.015804030433806,0.00025253780322407313
569.877351124769,3405.9198371368598,25.565098695841794,443,45,435,12.388638067929762,0.1672705488731687
930.3727330800448,43249.494333892304,1.2794884209996873,80,75,481,12.241746487895327,0.021511262412346084
960.5015166147388,7621.066290739253,12.63308714482797,80,47,311,20.010448262807056,0.12601589647439043
629.536261309716,9816.447195187231,35.16701250428375,80,90,12,6.917980893513363,0.06412423197125329
743.8250847123128,7477.710703856754,12.00098212327676,443,56,211,13.049562889689698,0.09945899957444856
12063.875325348881,4070.4854572899353,3.2289723736548073,53,54,244,219.34318773361602,2.9630156982996683
2543.710629976095,20703.6016593354,84.03927921934093,443,85,239,29.578030581117382,0.12285726003471181
704.000821426424,2412.083002160445,44.01600241295572,53,9,197,70.40008214264239,0.29174330961518047
3119.51121529417,91145.40339050512,29.50807583116081,80,65,257,47.265321443851064,0.03422528041977721
664.6567655415955,23920.817981958764,10.60396137065204,443,70,235,9.36136289495205,0.02778454238063608
6372.116515315605,41508.45661653665,4.063037634059408,443,1,187,3186.0582576578026,0.15350999590722333
1909.2452546197173,10945.865478611076,56.7442281959,8080,86,201,21.945347754249624,0.17441022348819069
933.5987891414804,12697.92786225719,15.200750699878043,53,13,103,66.68562779582003,0.07351792208508039
2146.46029237282,33905.952155043,38.258953068868905,443,38,290,55.037443394174865,0.06330443038813725
103.92669261516592,3842.6751296882535,8.373894874681087,53,45,221,2.25927592641665,0.027038365394734865
202.31963466576093,12874.634649352594,8.168037837167729,80,40,497,4.934625235750267,0.015713371820155975
182.93163254744925,6066.758545728031,84.72804608877652,443,95,496,1.9055378390359297,0.03014813974037269
1358.8780053203477,5791.5010409705465,14.755906730805947,80,15,368,84.92987533252173,0.23459262168603162
14746.668903729247,930.0539907773856,3.032636985006691,443,50,302,289.1503706613578,15.838682879621711
31161.860909086434,164224.53466244214,4.960887335160201,80,2,187,10387.286969695479,0.18975040010153216
2855.7124972438232,7865.11054159767,13.153449475356695,53,53,450,52.8835647637745,0.3630399651952775
2324.515042553085,126129.45545559662,0.8679835539573126,443,95,403,24.21369835992797,0.018429450953433013
73.58295422966034,109446.21081251281,12.417794991802474,53,26,412,2.7252946010985313,0.0006723145677573338
485.8934204663836,3200.3019388437683,10.858054129065044,443,66,99,7.2521406039758745,0.15177994133283046
336.40788666711614,4304.357439011265,30.222305974956527,80,75,424,4.426419561409423,0.07813704005592924
432.13092204645056,1025565.2059666559,8.76829977396082,53,33,245,12.709733001366192,0.0004213583867451463
852.168495649124,304488.59570156684,80.96689321818718,53,82,313,10.26709030902559,0.00279867853509301
540.1593202019224,21009.336854372195,3.9878061153530426,22,85,307,6.280922327929329,0.025709217512593883
56.32003224808269,32404.72937933417,17.88015136758212,443,59,496,0.9386672041347115,0.0017379652711658816
3367.2961912333103,8550.374785907974,1.879605824147662,53,95,22,35.07600199201365,0.3937724957140649
219.3975676461689,42130.57787283853,26.474955250417274,53,26,68,8.125835838746996,0.005207437715918316
1570.061855802746,7511.7756050993685,105.00459874466972,80,94,392,16.5269669031868,0.2089855917880805
24615.31291851888,1044.6836105709128,34.2004899127638,80,21,316,1118.8778599326763,23.5399241889998
276.1441777902126,3034.088473715842,16.225264765653996,80,49,65,5.522883555804253,0.09098389723451153
24.644868783546695,22734.50564454852,13.261725714932005,443,80,292,0.3042576393030456,0.0010839815559350006
714.079047631335,4037.573399248563,36.039828100105204,443,71,455,9.917764550435209,0.17681467613395366
5718.372137351141,19912.118647643663,54.96934702376201,8080,86,217,65.7284153718522,0.2871660757180192
20692.387982930635,4394.057948041733,90.57627136086057,443,71,29,287.3942775407033,4.708103562582232
173.41292640704037,6812.191245936254,10.101484813279992,53,66,193,2.5882526329409012,0.02545252586450923
2310.106334840307,79201.29745055515,94.02806037404177,443,37,56,60.79227196948177,0.02916716319097275
545.6808684413835,31927.430879902513,3.3903081852507855,80,14,338,36.3787245627589,0.017090751202085055
935.4965600134648,21709.45953969977,5.848526866085693,80,72,388,12.815021370047463,0.043089671054765785
57902.452520182844,82326.30505599736,1.8646016383206785,443,93,212,615.9835374487536,0.703320149746172
115.07044515742999,45293.2317139864,6.341902292443909,53,7,238,14.383805644678748,0.0025405099237370966
1604.5674412670571,192884.1323096284,29.214975389527357,8080,38,200,41.142754904283514,0.008318772017592985
2211.750931776531,11050.280668938783,38.33616508669253,443,45,475,48.08154199514198,0.2001352601597547
5589.692118321646,11562.790805018818,30.182138532903853,53,22,178,243.03009210094115,0.4833788687958326
1270.2572655109893,3128.584986777249,19.942738228979703,443,44,423,28.22793923357754,0.4058868095539599
1740.7577906282934,11574.144002376828,14.429555063620839,443,81,419,21.228753544247482,0.15038757101171682
609.4318616760846,93634.5615325787,24.668326790223382,443,80,153,7.5238501441491925,0.006508551363405286
1642.033040418798,154814.2141184894,9.91327461001223,80,97,462,16.75543918794692,0.01060640615826072
655.3776187927579,93009.57763264238,36.8158455456251,80,35,44,18.204933855354383,0.007046269741289628
2785.9879657438814,1493.2529395602355,22.61383310505892,80,60,431,45.671933864653795,1.8644687870340135
629.9147519940086,111828.06300586382,23.93363553792847,443,96,168,6.493966515402151,0.005632835821587619
1930.724482225722,1397.1951826851623,15.354655808540317,53,3,287,482.6811205564305,1.3808690704525706
1049.5384546068196,84725.8463822606,43.296326053622124,80,67,197,15.434389038335583,0.012387318771096894
5937.6895744300045,12686.874196367504,5.8074399726709025,443,72,337,81.33821334835622,0.4679814350720742
1015.2695417717093,63183.59482596022,9.597771401366725,80,95,74,10.575724393455305,0.016068308178096798
76.7421650862522,2984.9177713419836,30.069382906965725,53,55,171,1.3703958051116465,0.02570136586573226
7279.971679983351,127612.22455917369,13.574982481839244,53,9,380,727.9971679983352,0.05704715718242556
281.8574787574277,2446.8038010437635,44.0030997523031,53,69,183,4.026535410820396,0.11514708762084665
411.3113589427364,8081.3776136431225,8.505173893647513,443,28,16,14.18315030837022,0.05088989634045795
448.7689013586592,4928.835628679604,9.219456006463517,80,15,496,28.0480563349162,0.09103120979286208
8618.420754651128,1585.3694026510707,43.916952604855155,53,91,68,93.67848646359921,5.432795627707142
44.54449953347111,25381.893675344316,12.4862450510377,80,31,375,1.3920156104209722,0.0017549023410494537
121372.88747393084,330755.15801312187,14.518556215539887,80,59,325,2022.8814578988472,0.3669557906435583
5345.900121081569,1203034.693243655,8.092220918532785,80,82,42,64.40843519375385,0.004443675404732023
1532.8106744213335,25482.154958756728,6.477792989683446,443,54,110,27.86928498947879,0.060149956977545146
1009.9529242297949,117597.36557249153,21.339290726449583,443,68,41,14.636998901881086,0.008588154429809881
1682.9964961586752,31199.019807968598,2.5530464293996475,443,85,306,19.569726699519478,0.053942161143398754
2396.305948799334,46551.97885682254,42.28441017302021,443,47,468,49.92304059998613,0.0514748144510659
2886.567557660729,13184.234297053827,30.210243420876427,80,42,6,67.12947808513323,0.21892425213147088
2523.511591029544,29513.86370792424,4.232904812367454,22,23,331,105.14631629289767,0.08549968639536777
1254.3477832833125,49326.564910702684,23.684707231748874,443,86,181,14.417790612451869,0.025428941922311567
815.6557325361559,9249.367101308972,18.457895879620448,443,65,273,12.358420189941757,0.08817549872380057
874.008476848416,19609.286816293155,4.079936770301634,443,89,361,9.711205298315733,0.04456887780561416
818.634394539362,20178.13399316905,6.382175328527929,80,54,185,14.884261718897491,0.04056836110095124
6006.8462855425205,76084.89048649285,10.51832851030029,80,92,323,64.58974500583355,0.07894822873380034
2671.338892098785,4451.301225130596,24.029035379186325,443,11,144,222.61157434156542,0.599990601943252
13.322003250736149,20387.69246215523,20.36222866906869,80,63,436,0.20815630079275232,0.000653401549680735
2933.2055982375236,387708.17277113453,15.195778405778015,80,22,100,127.53067818424016,0.0075654789833125785
1468.657933095912,126258.94913700053,29.25578114528755,53,54,90,26.702871510834765,0.011632017461866071
1066.286004165428,166669.58079161588,28.37120623120272,443,89,472,11.847622268504756,0.006397565779761571
612.2999766608161,22848.660205416927,19.239320633756876,443,85,246,7.119767170474606,0.026796896372037048
5920.457942148902,35649.71193799085,30.928331149553898,443,36,239,160.01237681483516,0.16606843511138472
4542.758443413395,99047.4443377086,8.137222885643524,8080,58,418,76.99590582056602,0.04586400597999021
344.0143935676864,228749.61367786248,42.614617281102234,80,20,212,16.381637788937446,0.0015038840247753123
2019.4458694079658,1179.2048456264686,19.085568571795566,53,16,81,118.79093349458623,1.7110977614534508
255.3192947561248,3062.044286661939,34.560320585574026,443,92,115,2.7453687608185464,0.08335475130670345
138.4587922971558,157025.91777948005,15.805460764976356,80,56,276,2.4291016192483474,0.0008817519585501876
428.3429514323799,14540.10491024846,4.929222222297646,80,93,80,4.556839908855105,0.029457386771928662
3998.162695978454,8041.885230667818,15.635639470219358,443,50,56,78.39534697996969,0.4971055263518261
4581.068597220207,3356.8506924420944,9.276031278364176,443,90,179,50.341413156266015,1.3642859724321132
2367.5906890273236,9580.403103447921,23.913416297241703,80,66,309,35.337174463094385,0.2471027117286541
3254.011039190986,2687.713402498401,12.917402896976755,443,74,49,43.386813855879815,1.210248379826314
2378.600172161391,507190.2248253333,36.171538454996735,443,13,260,169.90001229724223,0.004689750247513716
418.96090377911514,21297.520192427965,22.668579046878556,443,15,274,26.185056486194696,0.019670892625115986
2096.2049392291256,20192.654675939473,23.074748812312265,53,73,292,28.327093773366563,0.10380512952550049
3643.1875859339066,53216.03356648647,4.896419703270499,53,27,373,130.11384235478238,0.06845905045387969
3399.681380924839,93294.6230020579,83.01800175741161,443,8,291,377.74237565831544,0.03643988079537075
6524.8292104977,91019.79004088801,36.862134367295,8080,70,30,91.89900296475633,0.0716850425882553
3173.0729138977304,110241.96555415576,31.118405907015557,80,50,374,62.217115958779026,0.02878254315772184
1857.8446627157161,8550.385715298979,8.015976995703449,80,88,252,20.87465913163726,0.21725656221913983
5460.116237734142,14089.706757349773,15.341543801341466,443,67,63,80.29582702550208,0.3874976842368905
1053.8633915081068,69811.04284345888,2.9492032815864535,443,26,82,39.03197746326322,0.015095724871870723
292.1268200318821,9985.770489206932,15.46442342983988,443,36,405,7.895319460321138,0.029251380148126387
858.682771564592,21858.38876378058,3.1538881128728695,443,21,436,39.03103507111782,0.03928210348623137
358.7572703994624,40060.48222184386,16.105627002434844,80,77,480,4.599452184608492,0.008955167170620738
398.3107930210656,71523.23375107566,20.923540100800857,80,52,325,7.51529798152954,0.005568892837178774
882.9088732065277,1530.6971381248838,9.892352624316853,53,11,381,73.5757394338773,0.5764252287416244
334.07653669272145,64351.68996960915,13.80482327564894,53,8,169,37.11961518808016,0.005191337562586593
690.9432586354569,15512.693654753153,41.69364704328849,443,57,310,11.912814804059602,0.04453763713606416
64.04449009407094,63652.03443360879,2.2984134783163834,443,46,343,1.3626487254057646,0.0010061498350227192
1510.1142075069347,70643.22855166803,31.37867709697541,443,78,158,19.115369715277655,0.021376328094551447
1098.6178986851128,245701.48235420955,3.744781785141943,80,97,475,11.210386721276661,0.004471334144281552
321.9405990084413,167741.6825904983,0.7479735237608858,443,2,56,107.31353300281377,0.0019192527151504937
2947.959463331196,166018.9958985398,4.105448968753165,443,64,335,45.353222512787625,0.017756653030715584
4475.41877098879,192048.9331604709,28.967071376747306,443,52,425,84.44186360356208,0.02330341228106167
98.3625560258635,34100.53926003771,10.388115676980842,80,65,142,1.4903417579676288,0.0028844022340402333
349.29360100063985,23115.93835242845,41.19599687545477,8080,11,149,29.107800083386653,0.01510985562514797
345.9473083029873,81570.71769458974,14.876499232810108,53,6,376,49.421044043283906,0.0042410202712444825
267.77453746889574,66046.9695105223,0.4500325056292082,80,96,226,2.7605622419473788,0.004054243293977959
3805.5365146713993,13854.988744140644,25.225938256809318,443,79,474,47.569206433392495,0.27464922099338934
819.9642910751855,40426.27052787526,2.3359109139301975,22,76,25,10.648886897080331,0.020282454896622486
737.4717172846575,20896.883245506553,31.15395953499533,80,64,178,11.34571872745627,0.035289302204481794
54.282747637551324,6118.673705972171,3.680922054701475,443,93,365,0.5774760386973545,0.00887020293003154
2844.4558000081734,152617.65901348786,8.476035614471938,443,55,95,50.79385357157452,0.01863766736252604
170.90577952526448,23927.86273707115,28.64856122485767,443,44,53,3.797906211672544,0.007142244134339626
1199.786550533947,475947.28750624665,61.68312166813312,53,86,304,13.790650006137323,0.002520833842727505
1662.479442329205,1923.230483652713,9.286283320295812,443,14,70,110.831962821947,0.8639710556779907
8442.112848476176,9555.114508384959,35.368698693154464,80,83,176,100.50134343424018,0.883425249987188
153.97178961595176,23131.67698141401,4.233992309974657,80,5,132,25.66196493599196,0.006656029898297576
11.831101285591854,121306.01074723176,32.919939519488956,80,99,408,0.11831101285591855,9.753023516707044e-05
1444.8695463528834,40102.90517413781,21.429325523861213,443,25,490,55.571905628957055,0.03602815087655479
16330.123884777819,35091.321608815306,4.282276525641958,53,50,415,320.19850754466313,0.4653474930161257
7033.357940288571,4060.6742537876453,7.205168864518131,80,73,339,95.04537757146717,1.731640082591491
1501.9043115111244,3883.872120413183,2.8259929184418104,443,71,459,20.859782104321173,0.38660328189937604
524.5526066918362,35730.39444056096,9.656655796711197,443,82,413,6.319910923998027,0.014680440405549455
3680.0583792212533,2846.4873640767405,4.554295698090699,80,2,389,1226.6861264070844,1.2923879577651656
254.59669386733586,9918.761806208731,20.656375998352413,443,10,338,23.145153987939622,0.025665605570083853
2240.684445121757,46694.23523952017,104.07871315482247,443,2,451,746.8948150405857,0.0479852908680792
2340.69983576264,5046.819851784554,0.24163711308124203,443,60,360,38.37212845512524,0.46370510527136444
5379.307144155667,244760.12873552914,15.570607709183083,443,45,331,116.94145965555798,0.02197778369443683
68836.54487226269,138123.64156148792,17.050672079005032,443,8,213,7648.504985806965,0.4983654190452269
1975.5931290760288,2085.7212600446537,49.11677443136509,8080,58,478,33.48462930637337,0.9467451005093767
511.09452904341646,5439.503869476088,14.104611219517619,443,7,211,63.88681613042706,0.09394249894957507
1055.3613844019237,714.3222087155807,15.69215804526339,443,99,437,10.553613844019237,1.4753650474475146
77.19897213791036,6809.765447442555,12.760032762814788,443,87,345,0.8772610470217086,0.011334845214336165
386.8087184879736,69534.80620246241,6.2642183497550965,80,72,64,5.298749568328406,0.005562727170541899
593.523223385647,11839.037188442,1.1531994961071064,443,21,35,26.97832833571123,0.050128493174416054
499.6297894614927,43967.05425154163,10.507204226778644,443,97,12,5.098263157770334,0.011363472820587106
1378.1982484845994,2245.0846883876247,1.0804977250759624,80,47,431,28.71246351009582,0.6136003043918853
319.37632236493835,72908.67298244391,15.992053441520348,443,1,346,159.68816118246917,0.004380438277947587
5893.150368583245,9579.073535627034,7.342981944250138,80,12,311,453.3192591217881,0.6151466736311985
1096.9738227133003,22432.240777183983,15.254335860547048,443,75,248,14.433866088332898,0.048899480623815696
1081.4408142597579,19162.07315489942,2.884266884689729,80,48,112,22.070220699178734,0.05643357959958871
670.5900022322385,3270.4315205687726,53.95109910930473,80,94,325,7.058842128760405,0.20498365868763452
1384.0732011571954,3906.4077723486607,44.98491414009372,53,4,467,276.81464023143906,0.35421775299516745
3780.6355031211574,94060.33372604579,4.214334433962596,22,34,91,108.01815723203306,0.040193301044744716
298.6596636506496,40074.20887820855,8.414954390488557,80,87,294,3.393859814211927,0.007452479276110521
408.6361970270835,106411.99264107602,19.012094191645215,443,32,29,12.382915061426772,0.0038400968423600895
695.3469689136415,35846.00320686341,2.0115772601733166,80,3,12,173.83674222841037,0.01939763178810182
145.6481256982463,27295.740741705562,8.756702835699667,443,92,147,1.5661088784757666,0.005335733195271791
320.8947572755203,1654.0532537297029,5.783324446991887,443,68,137,4.650648656166961,0.19388787433417998
536.8231387395923,14683.063341061421,49.42403474393808,80,57,338,9.255571357579178,0.03655821459435278
4070.7550250376953,21140.026635785864,38.27998432475269,53,76,157,52.86694837711293,0.19255238145091033
1625.9409827915536,412363.61402074684,17.342048238007408,80,24,259,65.03763931166215,0.003942969225554716
1466.134855632745,61724.42188232278,14.693819413221608,80,33,87,43.12161340096309,0.02375252871382356
3929.8123013498316,220596.77634341762,53.39365315476041,53,3,158,982.4530753374579,0.0178143785784679
892.4248580076779,53976.6356539869,53.891167424479356,443,4,494,178.4849716015356,0.016533233573407944
1969.819660982621,7578.30743051893,69.68948775948444,443,30,186,63.542569709116805,0.25989441371000754
939.3304841618758,26256.95864755707,2.679289936199178,443,70,344,13.23000681918135,0.03577317249866517
1632.786794952894,31392.850955458714,3.5003533632582484,443,49,309,32.65573589905788,0.052009764500362696
457.5389481144568,5384.429520452587,22.58576226935949,443,30,357,14.75932090691796,0.08495867346825951
28.269239289408635,12374.818678790765,15.593041786772869,443,72,229,0.38724985327957034,0.0022842318575542354
896.5743800203343,16177.06066636388,0.3727705622745448,443,82,4,10.802100964100413,0.05541915057126838
9266.14027137568,244857.02526774278,1.2795743249278555,443,16,57,545.0670747868047,0.037842910238467836
4399.83845017235,971.5465778343349,43.79948728190815,443,53,438,81.4784898180065,4.524038797164762
4666.180924416493,134420.42013710213,40.63144296512924,53,6,28,666.5972749166419,0.03471307563673451
7003.715568457829,5403.526892301394,8.840639682364642,443,24,16,280.1486227383132,1.2958979958883057
1252.6121707601947,2812.646739217263,44.337437602363686,443,92,13,13.468948072690266,0.4451916984819006
1474.3515737627904,129302.9261306083,18.012042601848158,443,96,200,15.199500760441138,0.011402218152862319
434.20733778334153,66028.85377292373,32.78821765157352,443,89,184,4.824525975370461,0.006575924570067624
682.5874945322562,144607.4420109759,11.152443021621144,443,28,309,23.53749981145711,0.004720246515624912
2761.851935047672,73207.48298666204,2.4071894015600765,53,21,304,125.53872432034873,0.037725845726797234
6673.012297346828,483964.822661564,11.373581910737894,443,8,281,741.4458108163142,0.013788189134201007
889.6521881196904,50923.804005878075,12.223964513882441,53,36,322,24.044653732964605,0.017469918745627394
558.1993199010669,17418.42679086368,16.012162181518647,53,9,158,55.819931990106696,0.032044643408923025
1097.501968187552,36841.844831764654,2.231656972401754,8080,40,360,26.768340687501265,0.029788741157179124
2702.1691636634528,142230.41928821086,95.12419465733771,443,85,259,31.420571670505264,0.01899839836504695
125.74018771044179,6842.695501194561,5.597897981695165,8080,51,407,2.418080532893111,0.018373141775301655
35.01332034225856,8284.711656713398,4.42671381800897,80,1,157,17.50666017112928,0.004225746899349248
480.1961785718273,13857.196479857237,14.964866304630753,80,63,425,7.503065290184802,0.03465069782130655
175.72694846133953,937.4147326348185,15.409559150658085,443,68,94,2.546767369004921,0.1872593666213499
511.72619342567924,27095.355614077962,11.58996870930954,8080,74,267,6.82301591234239,0.018885425062838006
878.599815697954,1300.893928019123,29.558734388878044,443,26,21,32.540733914739036,0.6748628262171668
555.643769439147,23851.179962204165,14.540467095094932,80,40,127,13.552287059491391,0.02329530341962925
9688.562079897052,80654.88355773358,18.816559206925717,443,3,347,2422.140519974263,0.12012219880973676
1790.261803186575,10771.783001352616,25.72871883478144,443,9,408,179.0261803186575,0.1661837802693874
1721.0873312710094,272576.2867493998,0.5068710701882482,443,32,351,52.15416155366695,0.0063141259926522445
2788.643946741927,2463.278957323556,16.909385850174047,53,67,350,41.00946980502834,1.1316267334322663
198.69089453694883,131516.95037034358,43.11685941682136,8080,4,449,39.738178907389766,0.001510751148245938
5211.732854766706,60639.731019392515,0.3508340579401062,53,6,385,744.5332649666723,0.08594442657856527
978.825682706312,1678.9940739067974,10.38999954179577,80,73,438,13.227374090625839,0.5826363901570615
2998.060701717948,1284899.9952320277,52.13537141152593,443,26,456,111.0392852488129,0.002333300941351172
219.68927254141707,20017.898388190995,8.712953127306726,443,2,112,73.2297575138057,0.010974093992654971
106.62967509310728,5906.294743111047,12.276697531025878,443,66,234,1.5914876879568252,0.0180505086896936
3739.976051469006,2668.7599567166103,79.84449031220817,80,85,34,43.48809362173263,1.4008660374352888
1928.7247055140117,15834.920817878216,4.44597463925621,53,86,80,22.1692494886668,0.12179428829528796
283.41795146663526,18194.77404440836,1.3496343298191524,443,3,475,70.85448786665881,0.015576031598047393
297.5271192839111,25692.856956353717,39.23993974408707,53,35,452,8.264642202330863,0.011579698594466448
5932.210431729552,14091.199966362405,40.569697943329935,22,59,83,98.87017386215919,0.4209570149365985
184.17422059701607,56944.817574945475,12.776128406182067,80,38,29,4.722415912744002,0.0032342010079076896
12887.45233642626,12314.777598656057,14.439460617991651,8080,33,489,379.04271577724296,1.0464180790202469
284.0268846746553,1209.006013006074,36.13417749084547,53,15,131,17.751680292165958,0.23473179605862798
2857.172814247792,17605.343739860786,26.830970952412308,443,75,11,37.594379134839365,0.1622808719665713
669.8623787102929,631.9330910433472,6.161750488507714,443,74,392,8.931498382803905,1.0583462741789504
2710.209308834517,37446.028914875715,0.3407535094769077,443,14,62,180.6806205889678,0.07237448169774277
484.8448761701681,5069.764544481,13.067000461404348,443,66,359,7.2364906891069865,0.0956157344552453
859.0358372889148,28142.622818211374,39.16747562203635,443,45,33,18.67469211497641,0.030523285606750095
1166.051767098668,158120.46722572838,45.23551989565008,80,48,136,23.796974838748326,0.0073744051807592675
243.89036884889595,5307.504052387069,62.57439494596884,443,44,409,5.41978597441991,0.04594333289417497
3331.695185401614,108215.9869057725,42.33260914541559,80,37,88,87.67618908951616,0.030787173813133534
507.8467101111829,11497.85355996161,17.352085523459415,80,29,410,16.928223670372763,0.044164986314764274
778.2907172904266,305526.6241117213,11.76153571216086,443,99,410,7.782907172904267,0.0025473661164131974
246.77474033935553,12737.059324153919,29.819755012370575,443,84,17,2.9032322392865355,0.01937302489017468
23.488231578139942,6243.277237047663,26.927757230022568,443,85,91,0.27311897183883654,0.0037615612962830806
823.4133776941017,61750.520005281745,15.45001781646409,80,34,413,23.526096505545762,0.013334301368187751
40901.545656094146,11456.53290386163,1.8275606132014286,53,59,299,681.6924276015691,3.569838812534307
3557.831225367485,6234.325850215141,52.09580142669382,443,43,487,80.85980057653374,0.5705926700277784
1065.4040867922215,10756.22810013018,12.161513386270508,80,33,253,31.33541431741828,0.09904076374278319
739.2704017001338,20600.90326692782,9.030195023806785,443,19,73,36.96352008500669,0.03588359736097211
1134.2181514716249,164928.9735489832,19.861675081638754,443,8,206,126.02423905240276,0.006876968006878198
2491.595812577765,1210.5963662116528,22.407219389392694,80,31,261,77.86236914305516,2.0564569868828
186.5652002225211,22802.398081519746,4.731869878442806,443,11,178,15.547100018543425,0.008181464865699846
5834.142302187767,56238.417737782365,36.27259926649511,53,8,478,648.2380335764186,0.10373760143445289
3206.9383411069025,29441.863306108673,6.848034247920842,53,25,312,123.34378235026549,0.10892073599518227
3220.4571115182275,157125.12699755057,4.132709399492195,80,20,447,153.35510054848703,0.020496000080040357
2116.911801435097,19702.1295006193,10.430986784847375,53,38,313,54.279789780387105,0.10744038409576302
1129.3810141575423,16700.147600533426,26.228196963423763,443,7,220,141.17262676969278,0.06762295868347816
3008.785698588084,53556.600157401335,67.31168939906142,22,77,173,38.57417562292415,0.056178501085663156
2664.365443150714,25564.775410235463,33.139110491828745,80,39,165,66.60913607876785,0.10421610142456363
644.7991890974799,12263.552029128792,56.3846786665188,443,74,328,8.597322521299732,0.05257421449768867
463.8667529667354,47773.00735925811,3.0305512260416534,443,72,335,6.354339081736102,0.009709605256232347
1277.6585741822907,8276.765741781406,1.476737384403442,80,20,220,60.84088448487099,0.15434824009737363
11198.445211475639,8806.402317070659,16.315553208058333,53,81,292,136.5664050179956,1.271481057447622
170.944575916717,9976.713109883513,6.858187739011246,443,11,161,14.245381326393085,0.017132640920231146
121.35402514902094,167644.96862325567,35.21160927082815,80,16,390,7.1384720675894675,0.000723870822219025
1404.0851934703298,175.64685366410998,22.29409387699418,443,42,248,32.653144034193716,7.948543460276775
1183.6185024851538,39870.750032285265,70.6225890683859,443,96,371,12.20225260293973,0.029685642128242304
1422.2743106201451,23188.406694204823,5.881847645955894,80,90,460,15.629388028792803,0.06133293228996584
1581.1849240259473,1769.9282909202886,13.302241814497123,8080,52,71,29.833677811810325,0.8928565499420994
784.6177198201719,35052.07769383473,13.912624361576666,53,37,429,20.64783473210979,0.02238370412644746
10247.562566554656,44964.47388553968,5.467085344799854,80,52,92,193.35023710480482,0.22789846700248256
99.34950953881395,53340.90941741951,17.836518977285177,443,9,391,9.934950953881394,0.0018625038103036117
316.4782322727564,412.5089512059781,11.71407221817878,443,35,361,8.791062007576565,0.7653479600617192
939.2839782861017,171028.26560860118,11.837877775842463,53,67,321,13.812999680677967,0.005491948848307892
93.24372679347304,7283.705019453333,9.011445667436607,22,95,245,0.9712888207653442,0.012799931712330384
842.3691961282775,61688.42679711987,0.3414858412794951,443,7,24,105.29614951603469,0.013655001186809628
13255.995883822128,66943.9292428328,14.766876134983924,53,2,45,4418.665294607376,0.19801344229878814
1131.5342480478478,5913.270678206321,8.16681986108702,443,25,189,43.5205480018403,0.19132270225937975
1550.0637817425936,59319.29601075752,0.02641481557169608,443,76,403,20.13069846418953,0.026130412118332908
165.6294148761341,12354.308389037433,7.361759587272672,22,94,373,1.7434675250119378,0.013405526568895121
435.04866045211526,985.288243139812,6.532015728584012,443,94,416,4.579459583706476,0.4410968735337998
624.6587055805004,126958.16329456719,9.999301380949124,443,93,286,6.645305378515961,0.004920154554982253
680.9081043765445,6887.2871934123295,2.8278612002891945,443,41,321,16.21209772325106,0.098850132878858
7498.555586465946,6113.531095227156,14.172682720687629,80,75,416,98.66520508507824,1.2263500617928207
2531.4222833271256,12032.916292807931,23.581724699911845,443,52,441,47.76268459107784,0.2103573119284559
207.01951508496225,33135.3208632907,19.89507874282883,22,87,404,2.3524944896018436,0.0062475105772621855
1587.2483010044587,20213.26566160599,32.56782266362114,443,81,341,19.35668659761535,0.07852119525762453
2315.3881566980453,50116.24004094514,12.02990232425016,53,77,83,29.68446354741084,0.04619943466173323
6064.598124603741,2953.558371955104,14.641574692607575,80,97,222,61.883654332691236,2.0526242372360533
11740.633231240336,7233.081570650858,33.256978516232465,443,65,370,177.88838229152023,1.6229611342610306
239.21403910344225,18508.852155529,11.161879907659491,8080,77,476,3.0668466551723363,0.012923606147334225
324.9637810461185,379583.90274666646,24.186364640685017,443,38,352,8.332404642208168,0.0008561030185728913
166.27336510204844,18569.601455542368,11.404520463733228,80,67,414,2.4451965456183595,0.008953579963476326
771.9889306143491,112177.01520252001,10.816633198264533,443,80,343,9.530727538448755,0.006881820196414091
2207.3270032190226,23337.872593781452,28.559469834957383,443,42,219,51.33318612137262,0.09457727635940547
4822.278315270878,10662.754325449157,3.843484679208942,80,71,485,66.97608771209553,0.4522120604150137
978.5515464871968,15213.118043680932,8.267505380310801,53,54,443,17.791846299767215,0.06431865085295764
678.7336042245137,17109.179853012218,5.076495791261314,8080,67,218,9.981376532713437,0.039668408517928216
1376.964872688473,54473.44468622924,8.897947093250192,443,78,190,17.429935097322442,0.025277263139068952
313.3389924849328,173150.58031913024,5.237033298898175,53,64,67,4.820599884383582,0.001809622481685859
25192.66305615237,37779.47601294076,17.321728080526107,53,80,31,311.0205315574367,0.6668169836590533
98.34763121840624,130694.33016097585,32.006669935608315,53,4,322,19.669526243681247,0.0007524953729966683
1446.801979608088,5181.32137051016,30.89296294639711,80,31,250,45.21256186275275,0.2791802893276882
22820.38122106013,11825.981792682882,9.06689412266309,80,13,54,1630.0272300757238,1.9295185890265467
1107.8757996438958,7431.96966408586,89.76625093515507,80,27,10,39.56699284442485,0.14904887948041254
824.6354810130204,35301.01112617944,18.020869521588438,80,59,166,13.74392468355034,0.02335944765485282
641.5145504939554,12855.955194520842,10.196532517887933,443,65,339,9.719917431726598,0.04989630443507691
836.6555674355077,65818.70882527634,36.101670337444546,443,64,415,12.871624114392427,0.0127113228297086
8597.895233652067,5450.689713311491,26.17733617949751,80,25,285,330.68827821738716,1.5771064909762615
39.73399557601144,23495.08337086335,27.667998028186467,80,37,153,1.0456314625266168,0.0016910901680440979
10939.666072192007,61715.28230606071,4.366586907788648,443,75,32,143.94297463410535,0.17725737298854927
129.5496585476737,994.3068263434071,12.6344315167829,80,73,17,1.7506710614550498,0.1301605244923495
735.1109984781822,530962.6511830817,39.585138798416764,53,71,371,10.209874978863642,0.001384484600481076
576.0148084914769,14404.157694579317,14.025119669541827,80,14,301,38.400987232765125,0.039986706199560185
2651.3650635048084,1056.2076988947324,23.005654773148414,53,94,305,27.90910593162956,2.5078942068589765
99.76460610560015,27921.180789377457,17.73142200832958,8080,24,343,3.990584244224006,0.0035729517997947348
2193.5115784568206,23159.612542758976,36.948418990745665,53,67,146,32.257523212600304,0.09470870316608308
22844.471851017443,19480.289347252332,6.69717429428665,53,48,75,466.21371124525393,1.172636545960417
141.9165193907491,97419.98655891152,17.135700734636966,22,91,379,1.5425708629429251,0.00145673457438178
1457.6185479466806,67586.76488519645,2.6303180562968143,80,65,124,22.085129514343645,0.021566307902363236
406.2735630456556,34434.50133511992,23.437262751873188,8080,38,52,10.417270847324502,0.011798102170544186
2077.313620379174,43270.80559542321,26.332965990496902,53,90,404,22.827622201968946,0.04800616918557446
1128.5869766954218,18834.815525577975,0.8756382733460304,53,70,190,15.895591221062277,0.05991707527411618
418.95756436732665,315917.4656681883,22.527335944747403,443,59,141,6.9826260727887774,0.0013261572522555904
2279.7211852656446,2395.161578421101,10.71227841934414,443,12,88,175.3631680973573,0.9514054501983201
16424.38113945995,27159.373416554714,2.6499956665496476,443,54,427,298.62511162654454,0.6047185319421643
823.566510844447,24283.12507618125,10.891355752494032,443,51,84,15.837817516239365,0.033913781462616116
3228.0609575866524,74601.8518116993,4.319211458040863,53,38,243,82.77079378427314,0.04326994048075284
157.60478887002574,6211.881970599689,10.74200709246055,80,46,106,3.3532933802133136,0.02536742040422396
261.2154210164334,1610.807840471937,9.701176740407169,443,99,92,2.6121542101643342,0.16206362474322597
2227.4426592649525,27868.004681748585,26.818133820224496,443,10,355,202.49478720590477,0.07992544709440969
10159.596876179874,33585.36677125852,29.763490641202285,80,9,21,1015.9596876179874,0.3024916909105492
1869.4882759560526,205746.2956346639,18.680371633820904,80,87,6,21.24418495404605,0.009086332193039455
685.6813080213117,3276.257128717419,0.4589629658078519,80,94,455,7.217697979171702,0.20922414113098856
1095.468175200785,124497.46709669425,53.479434232207204,443,52,221,20.669210852845,0.008799049504360303
168.07131763311534,767674.8468940671,23.182109988535657,443,51,309,3.2321407237137567,0.00021893526846404455
2715.61299989497,12498.359425492468,0.6958758870375299,80,22,87,118.07013043021608,0.21726017369789943
4119.551567109297,3176.66337176626,34.16670929699268,22,73,180,55.66961577174726,1.2964090544365943
556.6098249998843,11962.576735840465,4.469526001328622,53,83,453,6.626307440474813,0.046525369234469274
541.8215904611176,22494.080193347243,17.312959485423207,53,72,342,7.422213567960515,0.024086226223872603
1634.050767629623,51312.09700940112,12.570962098248728,80,68,393,23.681895183038012,0.03184471144531087
569.5920460707626,9071.63603208777,10.888985052180724,443,5,352,94.93200767846044,0.06278131780623075
993.0699235797522,227020.99955121052,44.09351499240205,443,83,246,11.82226099499705,0.00437433343703653
25580.42485194942,4138.967036055713,11.502351650499794,8080,82,458,308.19788978252313,6.178895780851618
757.0743376005194,1621.6383944339634,1.5666725936789425,53,29,174,25.235811253350644,0.46656996419995045
640.6541552774357,115851.634257714,58.613400497319994,443,83,491,7.626835181874235,0.0055299058099300665
415.16967477310095,726.3764838370469,50.64883031586522,53,6,113,59.30995353901442,0.5707768727729599
3348.5676199562363,16216.83771683164,23.067665490619973,80,69,476,47.83668028508909,0.20647435733562275
835.6114565643444,2365551.3786472445,12.618195905066116,80,58,459,14.162906043463463,0.0003532415786295943
414.03083118667905,21632.123123581445,1.9491580950633836,443,43,71,9.409791617879069,0.01913874519279927
7958.183493084835,4100.435735331894,31.28433156772864,80,69,158,113.68833561549765,1.9403408968544642
9222.52838043946,20209.413795668304,1.569566784577317,80,72,299,126.33600521149945,0.4563255593715812
445.57458493907285,20410.37883897145,1.421350117392394,53,91,237,4.843202010207314,0.021829715104221045
66.69900751388516,28028.437829907765,15.417152041609274,80,37,187,1.7552370398390833,0.0023796056103100463
4970.47423847813,59479.94484215993,3.4901213137205906,443,58,243,84.24532607590051,0.0835641439736356
392.70365203902844,4634.730109251517,0.1552060146897712,22,37,166,10.334306632606012,0.08471236305480997
3590.1109946857796,276875.18358857866,11.002192386285133,443,82,34,43.25434933356361,0.012966485409306524
57.102292997622456,31814.3086959408,2.9518467279644294,80,26,255,2.1148997406526835,0.0017948055617925823
4183.46867286993,65525.26481399729,3.4993433017559687,80,42,302,97.28996913651,0.06384414989539103
178.25981235939034,8585.035430668247,1.6005846612186394,80,16,220,10.485871315258255,0.020761597573039185
3281.796216935902,151686.80876533,4.590622009881788,80,22,32,142.6867920406914,0.021635200901431933
1120.3647733500832,14979.252961671375,25.139328396837467,80,23,400,46.68186555625346,0.0747894428896935
262.1956211852427,33400.58755376981,33.102026657178534,443,47,423,5.462408774692556,0.007849795186027034
595.5262870306939,5433.511474023341,12.049085389229095,443,67,257,8.757739515157263,0.1095823037410586
3070.1376767882152,4937.441496834546,14.126829509200423,53,3,482,767.5344191970538,0.6216814917734915
1285.4211408078725,61840.1407738506,0.664002187860505,53,12,233,98.87854929291326,0.02078585751690095
2634.9499611222786,11322.982113918904,1.4367152027500152,53,23,441,109.78958171342828,0.23268757709211874
21261.66312593924,6119.68172688707,5.956472509228461,443,11,215,1771.8052604949369,3.47374101034212
104.96611485777876,8393.601655947483,15.700794653629123,80,52,242,1.980492733165637,0.012504001876421549
12404.553010340243,62845.185469518256,26.90697570756964,53,50,245,243.2265296145146,0.19737956914436305
1282.458100434614,8573.601841573432,18.577545286678337,443,57,20,22.11134655921748,0.1495647406293193
284.8104660162895,18462.881730112065,9.955814138735374,80,64,210,4.381699477173685,0.01542527569117834
149.0869304103156,22528.616520336935,2.5186144040590817,53,46,210,3.172062349155651,0.006617375412303999
825.7725842109347,1241.3771795597604,30.3529725549096,443,29,426,27.525752807031157,0.6646714039801901
4369.811568775747,2424.3297949081807,9.04440750707846,80,70,488,61.546641813742916,1.8017391193353898
905.6711938117234,36476.25696767879,26.64021594165835,53,46,469,19.269599868334538,0.024828379902968215
10580.123680486275,7291.437243185118,14.38895422164364,22,16,72,622.3602164991926,1.4508350675727164
124.36694939764847,107482.93469453466,26.838817905374874,443,98,162,1.2562318120974594,0.0011570747735565757
1076.926659954486,93921.12904858711,47.565484141204976,443,51,178,20.71012807604781,0.011466165331467073
167.57145098949755,64780.052265032704,50.77362234526018,443,11,11,13.964287582458129,0.002586735551993321
1892.1098798146559,337613.7200946351,15.318950683493975,53,11,363,157.675823317888,0.005604346514524864
4147.790596809836,19445.403717302037,14.328658620293304,80,63,499,64.80922807515368,0.2132934529750313
583.3908127152764,58297.98964761345,6.17616576777859,443,53,299,10.803533568801415,0.010006876898580323
22.058085302318666,9167.304139925904,54.91498888270649,8080,89,266,0.24508983669242962,0.002405906803010675
1477.9661818056911,872008.8651562994,12.246803013087568,80,58,8,25.05027426789307,0.0016948961713188645
2111.402774475738,431684.58733772545,2.7299440524551306,22,19,495,105.57013872378691,0.004891066175030534
2011.1100905224541,22422.51017498593,11.337513557502737,8080,32,456,60.94273001583194,0.08968756786196236
7000.055018086681,39335.368102367385,2.717614436782381,80,50,275,137.25598074679766,0.17795377041088337
219.95423028001667,169218.55767110508,13.96446822720968,53,72,193,3.0130716476714614,0.001299815655513764
3042.163315238057,17664.120004360066,16.477673188229506,80,55,311,54.3243449149653,0.17221300022231362
6560.1009380456635,8226.07193676741,8.242417014897313,53,76,436,85.1961160785151,0.7973797954443638
76.10535451759603,81714.32699665581,1.4869424753342262,53,41,259,1.812032250418953,0.0009313473654790689
1771.3154451300932,24776.697391592672,57.47154440734506,80,99,53,17.71315445130093,0.07148829922069831
514.7751757927492,28983.780936653915,29.687240773120198,53,70,300,7.2503545886302705,0.01776018859406899
970.4074068175144,6301.815121447297,36.512251124957665,53,21,96,44.10942758261429,0.15396412366839066
1847.363423964736,1674.8715880253926,9.141539410543375,443,26,304,68.42086755424948,1.1023299381436527
528.0321404033457,31389.025825922265,28.61169978964299,80,1,310,264.01607020167285,0.0168216535829445
397.99437867700937,85600.21400980906,13.286254177442965,80,81,400,4.853589983865968,0.004649401101150308
1154.2760457661286,15698.020120126606,4.489976595937984,443,99,414,11.542760457661286,0.07352535616451072
214.67625266389015,189974.3380903177,2.657452236958191,8080,27,497,7.667009023710363,0.0011300216902987122
215.1342617910975,7662.744680038351,8.46395418899857,53,50,92,4.218318858648971,0.02807168959470358
3038.3197398303328,4527.582074329219,2.959611020070818,443,66,412,45.34805581836318,0.6709207628262702
195.74424746008552,19913.527212557718,127.18084511910254,443,65,144,2.965821931213417,0.009829218909934902
2979.3747777527183,19459.8984430605,1.0087992816965798,80,10,489,270.85225252297437,0.15309543834627654
2194.8894050150384,69909.23920834113,11.637254499960504,80,95,307,22.863431302239984,0.03139582169750554
82.37565191762396,6888.135817520996,12.03301335789478,443,37,417,2.167780313621683,0.011957327319359806
396.8875620265991,171466.18518635514,7.151562135684334,443,69,409,5.669822314665701,0.0023146560760022453
6575.8827367287795,420994.6664259854,16.94236393021194,443,41,18,156.56863658878046,0.015619834742134752
251.70347377322645,20770.395520173995,3.249837989062849,8080,46,126,5.355393059004818,0.012117793122217627
546.4231122686314,143568.22407229987,30.64142616240726,443,77,154,7.005424516264505,0.0038059905651747395
2193.143846789194,4515.424105790212,8.082751341046283,443,45,6,47.67704014759117,0.48559298139816137
3551.359489408262,110506.79726659265,17.89756203630242,80,88,422,39.90291561132879,0.03213673222388865
751.9664216812213,105970.34956066961,25.150231028496254,8080,27,428,26.85594363147219,0.007095940787757104
447.5260319429483,80431.07780032404,43.97209176649926,53,65,451,6.780697453681035,0.005564024257261514
9260.884047240856,21518.22149754886,36.13187142402859,53,84,427,108.95157702636301,0.4303540464182551
14888.576137655735,262.07391653133357,18.745641741831403,443,8,390,1654.2862375173038,56.59464964814337
4761.352645942637,8411.955817761827,9.833313090758708,443,67,334,70.0198918520976,0.5659547903354306
1246.3533091489378,8613.844155707558,13.99154297437951,443,49,448,24.927066182978756,0.144675084844477
326.229596604714,5077.719857741292,29.283802927793083,80,96,338,3.363191717574371,0.06423461142623473
315.5551252472913,26459.34033797572,42.00032188237765,443,89,336,3.5061680583032366,0.01192558830373049
2401.3134990524322,11749.369184647372,2.191430237776583,22,89,88,26.68126110058258,0.2043606852957357
2054.108743373106,6393.786800309275,9.717986379205637,80,14,269,136.9405828915404,0.32121614175999763
8976.79227159781,4499.851960849482,29.9325978256171,80,62,65,142.48876621583824,1.9944651256433565
2909.3214049730354,7530.603937583849,11.30041908203257,53,43,166,66.12094102211444,0.38628178394446355
115.05146469694058,118450.30894026688,8.076162555161488,80,27,64,4.108980882033593,0.0009712975375811104
5313.050474448698,8171.946572629476,10.597542356658753,443,96,270,54.77371623142987,0.6500777201017888
245.40479191162015,10174.012361085644,18.46856017423987,443,27,145,8.764456853986434,0.02411837776730093
616.4906104479549,11102.81076664245,170.86500840809788,443,68,377,8.93464652823123,0.05552063371792927
1596.0710736454803,36625.14373124018,13.584586855395342,53,75,333,21.00093517954579,0.04357737154523628
21883.78508906323,43668.14783357604,4.6763683842143084,443,48,269,446.60785896047406,0.5011269093791972
116410.4787680461,228.83819714492267,3.554958443186389,53,67,329,1711.9188054124427,506.48882654889775
2724.6209287473866,101971.92616859084,0.8654529708521306,53,25,390,104.79311264413026,0.02671906192279701
833.1428132247632,189956.8179501925,16.365921121945203,53,64,6,12.817581741919435,0.004385935899954461
2444.897485284175,4558.369140711279,15.73035687437385,80,24,121,97.795899411367,0.5362359155027228
4152.57182775623,5123.292782480656,4.594149102990057,80,9,350,415.257182775623,0.8103697434997034
677.8991710828886,11210.65470852424,23.770482143476013,80,8,421,75.32213012032096,0.06046379314263761
16200.818325565442,7086.833967743193,27.026811817103372,443,95,313,168.75852422464,2.2857220413592554
1548.5993230056235,30819.11245983137,5.9977438669817085,53,59,309,25.809988716760394,0.05024638781003645
2313.7263298787134,1188.2204782569684,8.434931618338043,443,17,302,128.54035165992852,1.9455823139456234
2977.640174626999,4117.941114491789,93.06972118226504,53,43,334,67.67364033243179,0.7229139946066919
2063.9562216212416,221636.914190059,9.376549395074779,443,95,132,21.49954397522127,0.009312288599915975
3859.954792892522,5473.4808670494385,28.609244917539943,443,68,290,55.94137381003655,0.7050814290219464
434.4670989392503,142221.70433442664,12.056092804315577,53,4,450,86.89341978785006,0.003054836433974927
474.6356082383703,37534.181122029695,31.534074196800546,443,8,447,52.73728980426337,0.012645086397619723
210.55957938692322,1459.863807938781,29.30876348623252,53,42,189,4.896734404347051,0.1441336134434148
2120.1706207858165,57124.80946718098,22.037714321721072,80,49,209,42.40341241571633,0.037114058261246405
3527.711908726366,18462.5391381614,38.58988115029017,22,6,42,503.9588441037666,0.191063689487088
2179.0827257434144,11123.323684380659,56.00939456705995,443,73,78,29.447063861397492,0.1958845128538467
13517.476057354059,31806.808186165214,17.349217105678953,53,42,320,314.3599083105595,0.4249735152525686
1087.4665150785531,44889.097566287346,5.422239878383079,80,72,499,14.896801576418536,0.024225086913048838
2990.250623345172,63664.84038914152,10.170863332553202,443,32,145,90.61365525288399,0.046967896835540264
213.2464812801834,128975.69713873453,28.401632608310827,22,15,445,13.327905080011462,0.0016533721673055682
613.6044156259002,40627.63866056852,21.046991179662516,53,82,374,7.3928242846494,0.015102755983340987
3112.889384333995,2797.6886323690214,3.915391676038,80,87,286,35.3737430037954,1.1122671340895147
3919.240508238886,10824.115207725225,1.0519785301694797,443,69,171,55.98915011769837,0.3620506972010758
705.6007576815507,1820410.3540610769,22.974647128498624,443,27,93,25.200027060055383,0.000387605117990204
984.960089633767,65299.29968137229,5.782436141565243,80,97,263,10.050613159528234,0.015083546238528808
112.52657094996215,769834.5889575877,13.849757708017522,53,66,457,1.6795010589546588,0.00014616961408906953
641.9151942560305,178644.15106745425,27.46730783320983,80,59,430,10.698586570933843,0.0035932416324787404
4169.597324573488,31656.637060249446,16.54119717586699,443,28,23,143.77921808874095,0.1317090506988279
2598.806354472617,34617.36122366427,1.7395566371210385,443,24,292,103.95225417890468,0.07507017266594745
2323.891853084807,20850.43186964243,4.105587325391214,443,51,142,44.690227943938595,0.11144998902776349
1181.6423015105083,1625.0487206132746,4.952008549644206,53,21,148,53.711013705023106,0.7266955082777867
1108.3134649965507,22630.885757225846,5.964462119542995,8080,31,440,34.63479578114221,0.04897132642350368
407.2870790749258,135403.1398747996,16.666740319088518,80,75,116,5.359040514143761,0.0030079366808985356
3128.292571263225,8960.129937063148,14.022207246991096,53,50,81,61.339070024769114,0.34909577176474554
2062.0572254328613,40860.924681297016,4.542028426279813,80,92,416,22.172658337987755,0.050464025899805184
2293.9448857060142,79014.49288308808,1.3988988510208986,443,40,25,55.9498752611223,0.02903158357943995
498.17316426835197,5627.830728047183,3.761132324468383,80,68,115,7.219900931425391,0.08850384535212055
43.379441043382435,11193.020612994453,83.18574345166674,80,16,94,2.5517318260813195,0.0038752332645364167
5685.811088174115,4784.480666185291,12.642808392214835,443,76,305,73.84170244381967,1.188137929038279
534.7203051008197,6417.292571915502,40.40014621120637,443,86,185,6.146210403457697,0.0833119243333645
300.61679698017815,3192.6037151989503,37.776749815170156,53,99,283,3.0061679698017816,0.09413090157350684
3103.290775343468,5706.306855016862,14.329116880974036,53,63,155,48.488918364741686,0.5437399554950509
609.0991364666696,185198.50359051628,24.530347922783477,8080,56,174,10.685949762573152,0.0032888810426480023
5377.100546862458,5579.109508582425,4.282487195861502,443,80,351,66.38395736867233,0.9636191796222401
2766.972176787547,26627.207985097033,23.320487807049155,80,24,173,110.67888707150189,0.10391131758983309
3057.50341596134,10359.88970471287,6.359652771741423,443,99,154,30.575034159613402,0.29510046946745994
141.325597896158,129094.36216094576,35.683219828862136,443,28,14,4.873296479177862,0.001094737994692362
6754.17410100753,157431.14151281398,1.748755898414722,443,93,378,71.85291596816522,0.04290212936255957
1622.7472039022605,80507.4473835148,29.668326838802052,443,85,304,18.869153533747216,0.020156235235441147
630.2296590489987,34863.713156564714,2.1058082860467757,443,89,128,7.002551767211096,0.01807643321827623
1359.7861191250483,15574.818569174427,42.604465552492776,443,31,341,42.49331622265776,0.08730110158166292
76.37436862276282,3685.5975309857586,7.253990194491797,80,15,92,4.773398038922676,0.020716763351800185
2024.29995233477,406481.3476524003,21.249080865018584,80,42,271,47.07674307755279,0.004980043940471019
234.14550485424135,7047.938723228709,13.369180281356172,80,99,222,2.3414550485424135,0.0332171287122486
144.17020362742116,59603.496685320824,9.123691719903386,80,50,473,2.826866737792572,0.002418780656576316
111.77201548562046,107941.89574122736,20.737657303641555,53,86,307,1.2847358101795454,0.001035473568854153
5819.866268176204,9576.612954519198,58.947598599990066,80,5,310,969.9777113627007,0.6076531068662677
426.71012113120287,104507.98834664837,0.8429104702740322,53,48,395,8.70836981900414,0.004082999250895414
10944.491670379957,69308.29015006222,50.229823565707015,443,13,108,781.7494050271398,0.1579080040595414
490.92816097082965,294179.6026217228,18.785131543540025,80,32,331,14.87661093850999,0.0016687985427852907
84.6870810127264,10894.139906181677,32.933898378421304,53,67,28,1.2453982501871528,0.007772922765744082
205.45218697503284,3200.9533749274856,9.686106767564587,443,79,439,2.5681523371879105,0.0641646404297457
7000.3640232755815,10319.239730877745,12.76723286696918,80,91,197,76.09091329647372,0.6783140901592404
867.9661646607566,30130.110929136747,40.62838610124156,53,91,476,9.434414833269093,0.028806311413544144
481.8192555619196,24036.266925438762,10.71767169692885,80,30,200,15.542556631029663,0.02004467716968304
1394.1320842146674,12207.956076475542,15.29972053483574,80,6,154,199.16172631638105,0.1141892947670529
2327.788849267491,1256.6488469583153,0.40803256414860034,53,25,384,89.53034035644197,1.8509052466412714
5861.13308944918,44610.498121223936,3.4537147555256316,53,28,70,202.1080375672131,0.13138166921726271
9631.06263327914,424436.0894977025,20.526939994279672,80,62,160,152.87401005204984,0.022691378467129163
639.2828692550038,44195.43831445909,25.244535259747096,80,22,432,27.794907358913207,0.014464578903541626
150.04398296417992,54923.86753108572,17.474250573486565,53,68,352,2.174550477741738,0.0027318041846757265
589.8110658924289,51982.788855724015,3.0935839024348812,443,15,396,36.86319161827681,0.011346057662887802
1620.3877636698057,39957.43353398224,11.790358682486044,80,26,454,60.01436161740021,0.04055183400249571
258.3619763374976,89098.60442366236,8.773037951498656,443,63,461,4.0369058802734,0.0028996983545404374
260.9355984541904,39857.286742896344,13.6901460024133,22,18,103,13.733452550220548,0.006546583402777469
1836.6192975246347,13780.147459913556,40.8551014408443,80,73,488,24.819179696278848,0.13327041909006285
1019.4529844252207,6674.280151538346,29.909816819010288,53,63,236,15.928952881644074,0.15272062913948017
1151.931632973246,15161.87780178846,1.7545490601628146,443,62,189,18.28462909481343,0.07597051483441855
351.5166216677491,35284.33034084577,44.20179520032327,443,68,418,5.094443792286219,0.00996211791903897
776.1912365624996,13709.92851294474,12.76436181756647,53,48,343,15.84063748086734,0.05661113584172532
274.14311391755683,35295.40359595852,27.240789658014748,8080,50,361,5.375355174854056,0.007766885177756368
4168.441970033924,42562.34412188637,3.0173701704870295,80,63,109,65.13190578178006,0.09793502028639901
5181.625049038946,76862.17384570665,22.216907718868843,80,69,337,74.02321498627066,0.06741362332292469
68.76660307360446,150872.8115526689,5.392286110163721,22,6,301,9.823800439086352,0.00045578886332833557
271.98140764444753,24760.65369540213,11.538628235731817,443,58,368,4.609854366855043,0.010983975908481042
116.18759897822365,3097.452109226446,0.34013334243950416,443,51,255,2.234376903427378,0.037498594421467704
413.62679188854673,13125.915727905576,3.2883119037004183,443,12,316,31.81744552988821,0.03150982305837821
967.6234806263368,23531.4675974773,1.9319910624988275,53,95,193,10.079411256524342,0.04111865772759278
124.65278726532304,1402.9702365572675,5.482005755776117,53,47,71,2.5969330680275635,0.08878591868940841
275.1208017525762,176839.3160219657,2.107612317737186,22,9,269,27.51208017525762,0.0015557583697057118
243.24372929325813,27270.665203206896,23.547268346052842,443,7,334,30.405466161657266,0.008919284080410862
1496.524942082526,39027.79064042041,0.5893981093695115,80,29,209,49.8841647360842,0.03834412795083229
1216.8447359989332,170807.02573823222,19.233111665436102,443,78,478,15.403097924037128,0.007124048947581536
371.4423498417876,8559.403265970624,3.0329257546639594,443,51,176,7.143122112342069,0.043390753718151084
1429.7162946324938,52107.43356351235,58.067239921667436,443,84,239,16.820191701558752,0.02743733013754644
482.9822353290326,18679.908534804355,54.08935444992771,443,55,381,8.624682773732726,0.025854322579075294
729.6152456990673,16711.78936728556,5.110832499410066,80,96,433,7.521806656691415,0.04365610250119302
13496.398289329105,6916.820089045204,19.06019903504169,443,59,98,224.93997148881843,1.9509611576487058
8190.18346492143,267909.5816140627,0.5680989448992774,443,56,347,143.6874292091479,0.03057058596035508
156.1204999432816,12540.891947994478,53.702854755790874,53,22,442,6.787847823620939,0.012447922577442249
3807.0071207575193,62893.39129670291,14.804243617664417,443,18,89,200.36879582934313,0.06053015288434937
3703.7267881144894,1322.7774301615475,0.8837018558884231,80,58,252,62.77503030702525,2.797847057765975
195.90014534229505,129311.92585982403,8.386210085924118,443,40,492,4.778052325421831,0.0015149308859862313
3744.960938658951,106757.66522886277,1.5992592240608223,53,89,99,41.610677096210566,0.03507875384757509
11013.729144800045,25492.795592542818,9.982699179079614,443,31,329,344.1790357750014,0.4320160607242677
203.60519307907438,15671.300122424425,22.168788877130407,443,56,326,3.5720209312118314,0.012991404675038707
276.9247388807859,40134.837768825186,12.693411466607863,443,35,445,7.692353857799609,0.006899687518068512
5046.71189480291,682273.5740208556,9.681148041190415,80,26,154,186.91525536307074,0.007396892815543561
1647.876826110728,1564.223715762514,2.5375185442213537,53,68,486,23.882272842184463,1.0528059404645225
2507.933566734912,71185.26198358755,5.619135976227065,80,84,295,29.50510078511661,0.03523058377911643
1827.8283087517789,5611.503952252872,2.1103947386205686,443,34,442,52.22366596433654,0.32567073881847053
1970.5025316156057,21378.10198862089,32.95305072958873,80,76,283,25.59094196903384,0.09216956505770979
149.94848586328138,15186.76830360633,2.9060613655821994,80,16,296,8.820499168428316,0.00987297691575109
5276.279878620211,11585.650822301639,18.095810595867025,443,42,379,122.70418322372583,0.45537575607824354
6338.421163893535,21683.400793505305,8.393524596792709,443,5,31,1056.4035273155891,0.2923032655710715
777.3680226817145,4018.818697491027,5.123109579605346,53,61,131,12.538193914221202,0.19338385165652108
1027.3979012767236,103132.58311727313,20.40351559207908,53,44,216,22.83106447281608,0.009961817191093517
110.31487163821154,1493.3612536430305,12.213004241069061,53,35,15,3.0643019899503208,0.07382075209008551
2371.747096395772,49495.981787043755,10.221361972698222,443,91,438,25.779859743432304,0.04791700444685693
2586.565369770703,13496.64238402633,17.971570705828313,443,1,326,1293.2826848853515,0.19163090087730814
998.9587380087795,3803.2553851988455,13.51666386840548,443,98,267,10.090492303118985,0.2625898203089656
5922.595375362441,29839.104860583946,7.233296268887298,443,43,286,134.6044403491464,0.19847769982824853
664.3998510355236,2131.4832331221364,16.376987754350505,443,32,291,20.133328819258292,0.3115615826262727
2557.815591990095,23378.468602953995,22.142886254852392,22,63,368,39.965868624845236,0.10940435111801108
237.5797821631008,2606.294183441559,0.5411178096909699,80,33,486,6.987640651855905,0.09112120284390071
1058.5674107223156,43998.38142713028,12.542385216584256,22,95,43,11.026743861690788,0.02405868847214285
844.2668462313213,5505.285994367796,1.1882768994530322,80,77,445,10.823933926042582,0.15332782334497244
1537.5751600349101,11198.20721583673,4.125861774585162,443,66,168,22.948882985595674,0.13729321463582123
629.9935660724155,34232.27124921551,16.44274869628529,80,30,349,20.32237309911018,0.018402961302941577
900.3567795502671,6913.1925732244945,40.22652578341575,443,10,471,81.85061632275155,0.13021864375559009
3786.020540593587,20192.24705379356,42.87843720505893,80,23,426,157.75085585806613,0.1874894379545728
569.5540260474203,2273.905798822981,1.4502098099004654,53,97,255,5.811775775994085,0.25036378488379746
98.50766366843845,56744.46544526749,10.863708197902449,53,39,170,2.4626915917109615,0.0017359565719564274
15129.108105613339,310944.8077362331,17.493692081553846,443,45,375,328.8936544698552,0.04865512809372542
8709.599768923506,1451797.9355884178,3.181553725117202,443,29,259,290.3199922974502,0.005999177679100229
157.84380329962048,25254.312696989997,29.000213569413557,22,30,346,5.091735590310338,0.00624992472646885
3085.786070294728,71847.8675012733,27.269944705848935,53,34,78,88.16531629413508,0.04294829101154645
515.7065200961755,1523.9508584859775,46.73132199930941,443,52,339,9.730311699927839,0.33817910736362106
1628.2007064056522,209840.18359279505,0.1704444657732453,53,81,85,19.856106175678686,0.007759204740120218
1705.0269456963945,70568.75466863997,4.884387997974005,443,22,380,74.13160633462584,0.024160873928247905
771.5398318159597,10658.359923714854,35.110870808266114,443,5,149,128.58997196932663,0.07238144103750961
338.44158307849835,140895.13939267577,22.208438018396315,443,11,201,28.20346525654153,0.0024020642761209085
389.23700347535055,15037.25225545472,44.960016598498775,443,86,77,4.473988545693684,0.02588312769751321
277.4698078642608,11080.723161758324,1.177590566332565,80,32,361,8.408175995886692,0.025038507442757214
314.90364012250086,44936.35292553808,18.174586118741402,443,24,250,12.596145604900034,0.007007614370261223
991.5135013138275,4469.215863817073,16.83510514231734,443,11,53,82.62612510948563,0.2218043896580833
374.7878064437617,101970.32785871813,0.726525980582241,8080,11,300,31.23231720364681,0.0036754234186597277
3050.5527984408263,4518.861145457641,14.41127514890627,8080,17,302,169.4751554689348,0.6749217952207588
10207.410274531554,4559.270060599512,18.807586493058157,443,32,293,309.3154628645925,2.2383346027514968
459.3994706290625,5627.751805907145,4.246376369171784,443,83,294,5.469041317012649,0.08161657974454327
1570.433148103056,68820.02593982598,6.385645020856186,80,27,109,56.08689814653771,0.022819089466585
2320.476114690072,8732.761813351715,20.452331282544197,443,32,365,70.31745802091127,0.26569033645303336
2226.093214685304,2916.111481746133,12.63355281362732,80,61,88,35.9047292691178,0.7631155780693039
1228.9714780776155,8879.317723509565,39.04048812130229,80,25,166,47.26813377221598,0.1383927373256097
3340.9939367013235,20992.834495513063,8.38261415072732,443,64,494,51.3999067184819,0.1591416726380015
2260.57261359449,3746.36484632288,6.202907432122857,443,64,267,34.778040209146,0.6032432672822579
171.31541104314644,3914.638771878193,83.81614937840962,80,28,93,5.90742796700505,0.0437515871672127
4038.9260103194947,522794.89771499624,48.41291162200478,53,40,173,98.51039049559743,0.007725626822958216
4150.301478052735,6058.102397373454,0.5884267807798524,443,91,64,45.11197258752973,0.684969687894999
348.9996236140683,13567.55346830585,29.456977821809645,80,14,428,23.26664157427122,0.025721210770866636
1160.8488145252916,12697.29806216152,2.338200747672844,80,42,126,26.99648405872771,0.09141766942645622
3056.401398129691,11707.26406448573,0.5573995955915463,80,39,368,76.41003495324227,0.2610465036743207
801.1348385215728,55939.1689166531,6.395719051706793,80,2,230,267.04494617385757,0.01432128028993275
5483.325679283134,91328.15752920618,6.276301799552254,53,81,105,66.8698253571114,0.06003915756618712
38017.76167209979,13919.81095117743,34.220418364933444,443,1,209,19008.880836049895,2.7310019369873153
337.31626128089454,3447.0792943026468,24.803557101969478,53,32,62,10.221704887299834,0.09782729238224051
138.1628546127852,148993.85489674076,79.91834201333293,80,83,240,1.6447958882474427,0.0009272995011038297
1729.7426053836696,19091.306688120745,24.862098183053767,443,64,474,26.6114246982103,0.09059893252500063
3236.810653218831,295221.94910637295,10.834480452455505,443,78,61,40.97228674960545,0.010963953388503556
775.6492644689106,758.7111615516523,24.008094280440233,443,31,346,24.239039514653456,1.0209791611916113
9700.09535622245,29528.312620943707,150.4443095222581,443,58,12,164.4083958681771,0.32849038786438406
147.24403323922888,391566.05412783596,24.76727451878338,22,82,466,1.7740244968581793,0.0003760378501894026
3100.683762027017,12966.23301547778,28.682933206790263,80,78,137,39.24916154464579,0.2391168384439471
441.9553102179129,15705.399744849667,55.73051268867546,443,14,195,29.46368734786086,0.02813854972479201
14458.920797904202,34312.58712413297,2.4128959112711725,53,88,74,162.45978424611462,0.4213759624022272
21780.55829967212,9526.248539552033,24.400979623866878,80,69,363,311.15083285245885,2.2861331064526036
347.23963012062507,13792.663535529244,38.05015049535022,80,16,386,20.425860595330885,0.025173850966149578
480.90237942864104,13270.215392248789,61.74756758288075,80,69,136,6.87003399183773,0.03623649870904196
3981.372270640394,8594.423987073558,4.739000716827992,443,54,372,72.38858673891626,0.46319672847178683
613.5759321732119,139146.80770557604,14.020724658221088,80,13,43,43.826852298086564,0.004409526404264177
1024.4213269764132,43985.57632858103,22.823393740398256,80,80,402,12.647176876252015,0.02328940809859707
1139.2012419062823,32078.533533997146,5.686227977900208,443,79,436,14.240015523828529,0.035511777024406645
61.58943004905823,74076.71395928293,18.349471785998674,443,31,39,1.9246696890330697,0.0008314164511463066
1074.1053707869398,14816.048793744098,5.956770366183193,80,69,31,15.344362439813427,0.07249118132353304
389.71213020885654,6895.982485058862,8.113013122372054,443,21,142,17.714187736766206,0.056504729576028576
523.3841811567218,8920.109872813337,11.650682746568359,443,30,320,16.883360682474894,0.05866805684701973
9561.003844648814,22085.455786679708,15.066017462348542,22,23,359,398.3751601937006,0.43288990940841826
166.54068910621478,4497.074878686109,11.933694084456004,443,38,353,4.270274079646533,0.037024881443250106
3713.7884499345896,10400.492867579835,13.592599807535423,53,29,477,123.79294833115299,0.35704379142632575
721.6610757445543,10156.05173853603,7.093218220400347,443,77,44,9.252065073648131,0.07105025102969198
720.7985879268795,533297.3058577742,3.4624422909329478,80,32,188,21.84238145232968,0.0013515861198312336
3588.745021123481,343.5310807490613,0.9701536052989744,443,62,353,56.9642066844997,10.416317196466052
1826.3540604769553,16824.146378000452,4.362590911814974,53,91,483,19.851674570401688,0.10854907407313769
2580.9672114699442,293179.60578402656,17.44278053224902,443,98,2,26.07037587343378,0.008803335420390088
4685.7299617150375,26443.527390317726,30.846377704904754,53,45,483,101.86369481989212,0.17719091336193243
667.165022410088,68194.97836654882,3.708469594355677,8080,49,416,13.34330044820176,0.00978305522393301
437.74865482801556,25584.4358930555,2.298238773936496,80,33,292,12.874960436118105,0.017109290482982587
215.35206708203708,8094.984312419595,27.669196488289547,80,4,494,43.07041341640742,0.02659986219979176
317.94684191949,762.899341724731,7.281425461871036,80,18,311,16.734044311552104,0.4162156249560708
91458.59525387829,29976.934968446807,60.52359837565827,443,70,370,1288.1492289278633,3.0508637552967803
7094.104536334028,6881.487356472195,25.0575174401007,80,64,343,109.14006978975428,1.0307471948586773
144.51574314061497,6630.907096250664,7.912950589928581,53,28,447,4.983301487607413,0.02179097822741164
150.85408798171423,10420.383470599767,6.836929980897773,80,58,325,2.5568489488426143,0.014475437777267813
2259.2746571274224,301731.28332234046,14.83407966260125,443,91,367,24.557333229645895,0.007487679582213748
2492.1403438215157,812000.5637207573,1.6490466491393692,80,90,336,27.38615762441226,0.0030691324440337516
2498.2000036079944,30510.064943102472,2.5039304901833894,22,56,296,43.82807023873674,0.08187849254906959
748.1221820856737,10969.227858344082,3.868245796275679,443,20,24,35.624865813603506,0.06819568305654138
908.5215518374632,3767.475297798624,29.8085431306556,22,77,373,11.647712203044401,0.24108465096432533
1793.311673138169,44480.68114500885,14.4250639739586,8080,92,442,19.282921216539453,0.04031573508411318
1247.4284976125791,319450.75200766086,0.21246702565610381,443,34,104,35.64081421750226,0.0039049042297400333
39.29312003701946,15199.068460490129,22.387519033517282,80,87,412,0.446512727693403,0.002585062043579273
776.891385921046,621.108595651756,11.022197572483336,80,10,62,70.626489629186,1.2488034908232233
305.78747931036554,60178.74571378331,14.301818458681828,80,94,153,3.2188155716880584,0.005081235815862367
1426.2688653994894,96577.35449249101,4.81892779745914,53,22,263,62.0116897999778,0.014767997165559309
96556.97271124608,2041.074246014235,16.049521346791966,80,5,294,16092.828785207681,47.28377183136611
1903.0678068398313,28702.120254845373,77.41113453150152,80,44,455,42.29039570755181,0.06630177450894296
685.1963713901015,43340.33584789331,1.5256307667335456,443,9,375,68.51963713901014,0.015809304396957272
4370.804000460832,19738.751168647308,6.679195101563912,443,43,243,99.336454555928,0.22142143348812776
2262.0614687347734,6726.724624767496,5.5677769141872115,443,4,342,452.4122937469547,0.33622979460354296
2059.34188137056,101104.08758967844,5.714993767546581,443,42,342,47.891671659780464,0.02036833091652247
2725.1422016389947,12027.252325936048,9.519029092938494,53,65,347,41.29003335816659,0.22656177537636765
23976.161556773874,2373.736929749768,34.087039735829364,443,98,121,242.18345006842296,10.09634425456141
201.0728634328377,1018.1965686995203,48.80448449434766,80,41,353,4.787449129353279,0.19728565578807206
2231.5420221021045,145987.20793947234,4.518325020390521,53,64,173,34.33141572464776,0.015285768991885402
273.26125211225593,55547.620824391845,15.659246982324753,8080,55,416,4.8796652162902845,0.004919316592506015
2523.164052994226,25133.586059464797,20.261483396912237,80,90,103,27.727077505431055,0.10038613912418469
276.43348536668026,11379.719339015706,14.755673586357217,443,18,160,14.549130808772645,0.024289632063854094
586.3692904614393,9961.693624019767,11.385923639357362,443,16,257,34.49231120361407,0.05885650132286713
704.4132090475032,4386.974231589476,4.263258127797431,80,87,202,8.00469555735799,0.16053266766617733
4739.680839659999,11531.255914809008,13.397183633670807,53,46,45,100.8442731842553,0.4109933801914329
4348.914992302017,915.8651863050558,10.257047782404506,80,36,64,117.53824303518964,4.743243671218489
169.25795892093998,7302.006992264533,31.749943851936816,53,90,196,1.85997757055978,0.023176474991769943
1190.8244561372185,13816.153436468812,28.84496866791984,443,66,477,17.77349934533162,0.08618449969544176
378.2783188248754,54985.24034219232,2.8773769512733653,443,44,391,8.406184862775008,0.006879508700190454
166.04230976565597,20746.032549424508,1.8536917501963681,80,5,422,27.673718294275996,0.008003183557460691
791.9311247738171,72575.64460824348,47.752827988150926,80,29,70,26.397704159127237,0.010911652488876112
690.403229386038,166658.5950177817,15.336235621895417,80,4,181,138.0806458772076,0.004142595146186306
41775.892994228976,107716.18611279769,39.0105470586565,80,99,331,417.75892994228974,0.38782941238812824
2099.4690072350736,44612.29492882832,1.1982088501000556,443,86,247,24.13182766936866,0.047059268107956624
138.87493068873388,22421.91300410113,14.952726958763607,53,49,329,2.7774986137746778,0.006193438411116958
470.0499632040301,5058.463132439351,15.505657171008977,443,72,158,6.439040591836029,0.09290510690556252
5074.965181732546,66830.58253050144,39.42279978833222,53,85,406,59.01122304340169,0.07593663040099895
25151.282274678935,273654.34470992675,2.054169557964904,443,8,186,2794.5869194087704,0.09190860971978883
101.59812006165879,36796.538582525805,5.500465712373137,53,52,231,1.9169456615407319,0.0027610031533442047
65.3732675793321,390775.58494196594,10.435652456988937,8080,69,73,0.9339038225618871,0.00016729064662111384
18150.39791343065,2234.20879555248,40.174663179858754,80,21,55,825.0180869741205,8.120224808324624
1967.3077566348481,3900.090054820216,55.899407486297086,53,27,486,70.26099130838743,0.5042969347000918
298.1393224308614,79443.5719333429,98.46518355511893,443,38,243,7.644598011047728,0.003752796637648346
2445.350215766221,32742.699992662507,63.97827129379111,53,5,302,407.55836929437015,0.0746815483990568
21.039011219087623,158051.03479055205,0.1191895662440001,443,85,353,0.24463966533822817,0.00013311445972187687
1102.1997778478717,21521.173402116707,0.9776785418320609,443,61,410,17.777415771739864,0.051212289635184816
1793.1547168623015,5991.139257162801,3.194147574798391,80,8,448,199.23941298470015,0.2992511755661928
4387.018899853218,15988.262474931707,8.580676525776504,80,86,464,50.425504596013994,0.27437281154970566
239.64437930416253,2210.500067084478,35.42949574947698,443,18,393,12.612862068640133,0.10836281801252519
1247.0433918969145,4052.600246897447,44.634369357564,8080,4,215,249.4086783793829,0.30763847344132644
273.6535966933436,94718.63099892299,4.136410157605258,53,4,15,54.73071933866872,0.002889090612023765
1608.5294146388567,81567.08762856925,19.33401210132123,443,37,147,42.32972143786465,0.019720082466117162
286.2829096459193,37968.28280697582,49.865709501885114,53,15,490,17.892681852869956,0.007539855601205157
594.5761158113551,1666.3380587511544,12.462415009011371,53,38,144,15.245541431060387,0.35660201762364613
246.23267144623694,12866.65855997256,2.186111788157096,80,27,25,8.794023980222748,0.01913577907733682
2912.317289640446,3506.9435969157685,12.242910352053054,80,85,99,33.864154530702855,0.8302064184273072
3974.5891966179074,128643.44711821029,9.425525647724061,80,48,179,81.11406523710015,0.030895925052759496
771.2936307264825,9176.643634983362,17.238797146188016,53,46,333,16.41050278141452,0.08404048592456388
1161.3715919251702,4321.588983345188,11.548523055434234,53,46,174,24.7100338707483,0.26867499926546373
124.84998268629036,23033.253329365234,0.3499626016321087,80,48,263,2.5479588303324565,0.005420187965334447
699.5834090745516,8431.823300580692,102.31236233401884,80,59,290,11.65972348457586,0.08295957168062297
1017.0820532313497,203947.08772897537,15.685094536402612,53,4,58,203.41641064626995,0.004986965382009074
55892.7322092578,7315.741341451662,12.835046535009711,22,75,334,735.4306869639184,7.639019831493528
206.86149464938828,2700.4065403641303,61.85251758810236,53,19,279,10.343074732469415,0.07657547709257594
9860.24069078296,871.8607548593884,3.3887471364506987,443,57,407,170.00414984108554,11.296464683386269
4891.665708734241,21032.41811968849,4.195604851411533,80,19,145,244.58328543671206,0.2325663703777828
1670.6275390880057,9481.566547398987,33.00673455880685,443,91,397,18.15899499008702,0.17617883626097508
15335.577369698414,2582.835460744626,6.044576100539532,80,42,122,356.64133417903287,5.935198894313073
1916.3128132598465,131116.26030978863,32.11161783536805,53,92,27,20.605514121073618,0.014615259720438065
1965.9655811358296,59926.118321273476,6.336272316847982,443,5,66,327.6609301893049,0.03280594222128537
1012.6429968585278,21113.610979073736,0.6750167136092167,53,48,101,20.66618360935771,0.0479593489959222
6872.981803800139,170499.79378900043,14.555382200634508,443,25,414,264.345453992313,0.040310556045302925
5679.984885546521,59504.311440768324,4.380202965304423,53,67,388,83.52918949333119,0.09545340992291731
429.0116474341802,6410.65127503044,28.363652025564974,443,26,94,15.889320275340006,0.06691125718345363
151.58237523445882,4633.972423247821,20.499782531821467,443,74,67,2.021098336459451,0.03270405115554968
808.7817020777495,75129.78147100801,51.436150091927104,443,88,250,9.087434854806174,0.01076498455416503
330.2804537569108,39916.71488986014,30.556085474553313,80,62,142,5.24254688503033,0.008274032084958059
996.9624817167303,28413.556504223267,3.987953462531788,22,93,267,10.605983848050322,0.035086329134454426
7017.464167264011,6187.295127963643,32.20458817817585,443,7,40,877.1830209080014,1.1339898990197677
552.275776908745,54826.08429694805,20.529761010209175,443,44,215,12.272795042416556,0.010073046633623146
1028.4056075111932,7092.205728464382,22.109816337526706,53,87,489,11.686427358081742,0.14498460172729744
1196.354269030544,18901.943342369716,35.707146451888796,53,27,496,42.726938179662284,0.06328931147717053
3915.296434989162,192994.35515938688,17.058060696845445,443,42,480,91.05340546486424,0.020286998263536866
37.70022260291327,8174.285949181935,12.547320424580315,22,73,131,0.5094624676069361,0.004611486721964235
441.39914546341276,2080.817479326655,20.247281000619914,80,56,490,7.743844657252856,0.21202586194356451
1505.5680358311417,4542.25658268927,7.075224685710971,80,3,1,376.39200895778544,0.3313852098003141
6635.029777110697,97875.17683467385,4.032463961104138,443,13,9,473.9306983650498,0.06779003830848607
524.343145982943,32276.56506416777,19.17289455239559,443,70,368,7.385114732154127,0.01624481725745264
65.70473158521477,18154.684979323265,5.327503544916748,443,59,329,1.0950788597535797,0.003618961865665938
2778.224042607703,10263.603670858372,1.6657868149310229,443,38,380,71.23651391301802,0.27066062477357933
422.824169108022,45617.18832036708,0.01108676404577195,443,85,332,4.916560105907232,0.009268762848244114
184.1038519876886,6163.146511982045,18.74617141622342,53,83,385,2.1917125236629595,0.0298668845118821
429.86960367446176,34839.195971669025,8.993004515609247,443,89,144,4.776328929716242,0.012338323355701515
831.4839230058428,7354.871389719125,27.91162467261976,8080,68,350,12.050491637765838,0.1130367673594674
442.69586673064043,5730.229848539425,9.405718127662844,53,86,328,5.0884582382832235,0.07724273470613978
40.111012171350836,8465.622650696458,13.310774443683144,80,69,494,0.5730144595907263,0.004737545751853171
4211.605868228922,12542.63387830153,10.45408366727596,80,1,302,2105.802934114461,0.33575644100345775
7422.806965914339,20470.809961604875,21.029314695975707,443,50,138,145.54523462577137,0.3625867463519788
2914.002914741931,31356.71421497324,8.805453326279286,53,81,417,35.53662091148696,0.09292778468369678
199.03317002215925,87.13442689274659,66.3560582242708,80,73,358,2.6896374327318817,2.258290852272389
810.5902606058977,6558.545687487664,55.023430052119274,80,9,297,81.05902606058977,0.12357414662910253
1085.9582187585956,12242.209248845691,37.68116690201219,22,53,179,20.11033738441844,0.08869882043884707
2692.4089285686664,210574.13553431883,50.5897817616384,443,88,278,30.25178571425468,0.012785977421963319
2988.4517803821086,4358.991871293856,11.925480400909638,80,10,144,271.6774345801917,0.6854259981671172
364.5775557645183,28118.835328174315,15.375974730229276,80,84,339,4.289147714876686,0.012965138362643057
1240.1570882158048,207429.22260848802,27.103092887202788,53,81,459,15.123866929461034,0.005978671153222094
2177.4736484816844,3073.423005892286,23.824154181315905,53,77,190,27.91632882668826,0.7082544088137667
9737.439559925739,39773.76642099619,44.26926142732421,80,29,437,324.5813186641913,0.2448145001496619
3155.050590078985,6611.674632525807,25.198946191601067,443,36,331,85.27163756970229,0.47712170421333244
3581.672077332616,10332.498348662684,123.17125045104086,53,87,270,40.70081906059791,0.34660789177908374
1243.5679947609126,6603.359073477561,8.56973569461971,53,27,487,44.41314267003259,0.18829503074037207
9096.897659172784,7348.224786408608,35.794958942646524,53,18,187,478.7840873248834,1.2378037035955491
2027.6731720130006,1306507.6533908916,23.922395923550226,443,18,154,106.7196406322632,0.0015519783713260605
301.3788570937524,78173.32908832259,23.513308330815033,22,9,172,30.13788570937524,0.0038552151404235247
9000.67591520478,114990.72968706807,7.885625465045461,443,67,404,132.36288110595265,0.07827237610651397
3123.954383213217,46073.361957666166,30.798404200048893,80,7,468,390.49429790165215,0.06780244479746794
564.2142009456746,1979.530189289517,46.127048077654955,53,58,247,9.562952558401266,0.28488038404912036
534.1947906273421,39832.4408296737,4.932042838923859,443,79,389,6.6774348828417756,0.013410711691002013
1711.0514057464304,110127.53934907143,19.643100608884993,53,30,449,55.195206636981624,0.01553685734742161
2196.8442832939613,6123.5715319605215,9.95604360001441,80,73,11,29.687084909377855,0.3586935464513605
1474.2997325487888,93712.79397004863,91.21946689964395,53,61,47,23.779027944335304,0.01573193945194431
1749.2860463585534,63354.69624822868,13.033687955703435,80,91,266,19.013978764766886,0.027610556744650416
14043.796708620197,354356.9676462102,5.183710957608581,443,82,317,169.20236998337586,0.039631666255184855
5471.536371883385,11770.191628638624,9.62072936315746,80,95,111,56.99517054045193,0.46482433932784306
1459.6520828657353,4245.366902039934,21.21699063036326,443,17,476,81.09178238142974,0.3437413950651616
4500.59941918671,12804.575358764405,1.5827986851630307,53,53,301,83.34443368864278,0.3514562441043624
233.0409396325768,189729.8485741296,18.5067264137697,443,6,303,33.29156280465383,0.0012282712135845719
1991.992304472,1418.550959801787,53.53822941197077,80,39,418,49.7998076118,1.4032552270967034
16546.99055344982,989.7342045743633,37.99082997542428,443,25,374,636.4227135942239,16.701745510602105
790.7099058208343,25187.24308146516,1.4014448615069188,53,42,397,18.388602460949635,0.03139202298721185
307.52276193853316,11340.277646935514,100.38306560427826,443,42,492,7.151692138105423,0.02711535432885093
412.34759346275365,22283.27864790659,23.99476390596384,80,59,473,6.872459891045894,0.018503968648834412
213.9089471745139,90941.13034346268,3.5414469441875736,80,38,279,5.484844799346511,0.0023521435704952193
337.93620592699375,9615.637714858145,0.2498762564774304,22,31,292,10.560506435218555,0.03514078578678979
629.0670520893898,1326.754818626854,3.75752236797684,443,29,447,20.968901736312993,0.4737825412224543
133.1730581134365,472939.30301288154,36.42490927915989,80,9,252,13.31730581134365,0.0002815853444188478
1122.6278390473258,4935.24486584264,0.43753777066838206,53,1,76,561.3139195236629,0.2274254761581176
4244.6547339538765,4498.252724812279,5.309210954249366,443,80,175,52.40314486362811,0.94341327184082
281.00310800247837,115333.13210130933,28.319044420943445,80,87,109,3.1932171363918,0.0024364262589295395
10709.92205312705,12372.93021924519,17.643126714586888,8080,72,450,146.7112610017404,0.8655230685291803
2359.460175810153,20028.57378033584,30.532814838055838,443,47,340,49.15542032937819,0.1177988209677516
5145.464255158624,45441.687341008525,27.420274446656528,443,76,336,66.82421110595615,0.11322975282131342
408.8090469799502,111901.53979543493,1.0385306783394255,443,10,14,37.16445881635911,0.003653259771648432
3951.2522801488744,13357.174834259644,44.60741322376489,53,16,181,232.42660471463967,0.29579282567968174
213.1719569014662,215330.21420410197,5.150348280282366,80,47,322,4.441082435447212,0.0009899723906233626
4168.7489227569085,894.5315978304733,16.121500246682658,80,43,433,94.74429369902064,4.655055090022703
1419.0728427300153,68849.67993587723,20.672686086860203,80,24,272,56.76291370920061,0.02061087623319976
2514.6196285867914,6252.324933837347,3.69356369046298,53,8,452,279.40218095408795,0.4021252142168306
188.03123479618804,172543.89984170828,74.7876773642293,443,75,43,2.4740951946866847,0.0010897524932274836
286.4016615540195,27257.02917614526,13.394706041523705,443,26,461,10.607468946445167,0.010507056827302194
2686.091192045447,8027.608982258206,1.1874154457325525,80,7,102,335.76139900568086,0.33456495365277217
264.40393580471624,59531.54621568993,55.37577336091172,443,79,113,3.305049197558953,0.004441334238363754
2196.9151222232763,84101.73877284583,17.650729575268784,53,15,193,137.30719513895477,0.026121802384544843
141.07522945224497,57690.11867058782,24.02574148136592,443,48,9,2.879086315351938,0.0024453543752163045
3913.789319136555,4700.647953065684,14.896212550351146,53,3,149,978.4473297841388,0.8324292584655535
172.6411267105674,10657.022191583541,36.00445823991634,443,16,338,10.155360394739258,0.016198232993631705
2511.0340176556538,21892.310694651693,0.6738961959970656,53,79,491,31.38792522069567,0.11469412062329491
2803.0023806007216,20704.586422692322,6.2498358222180475,80,89,224,31.144470895563572,0.13537420884292203
385.6160835645991,67820.39318609038,12.684300279100533,443,97,110,3.9348579955571337,0.005685758806318443
2625.534702904705,1072.3932920284506,1.5939337043879451,8080,14,354,175.03564686031365,2.446013704765275
1620.7809743604532,36369.67426625482,24.47716221501157,8080,88,84,18.211022183825317,0.04456285199706167
488.69433670099346,14257.351798539548,10.006400495045948,80,75,43,6.4301886408025455,0.034274251582924846
241.57209870174862,6261.963514799496,6.367444421185357,443,3,66,60.393024675437154,0.03857153217177609
57.74642614149161,7231.9922709747225,0.0676913600456664,80,73,388,0.780357110020157,0.007983753331691264
1852.8403610396992,15965.629002644824,25.44719659820267,53,70,379,26.0963431132352,0.11604455522407277
104.87779791035261,99.32252103885467,35.892388163895305,443,31,109,3.277431184698519,1.0454063237678575
1265.2389785410057,7692.996463942143,10.0518764864483,443,80,102,15.62023430297538,0.16444496491134858
738.6525705869924,5921.101430552076,16.612262159453365,80,75,135,9.719112770881479,0.12472811876816048
3037.269388111692,48980.36654211308,5.167297727218988,22,17,86,168.73718822842733,0.062008669878581606
697.1020064468917,6579.473304680515,19.467681877313346,443,49,84,13.942040128937833,0.10593493418643027
669.0296108301972,15951.837410748878,0.2442343752567898,80,3,442,167.2574027075493,0.04193796962911507
3287.2481212234716,222663.0545174238,13.41378113841288,443,83,227,39.13390620504133,0.014763263555708941
1812.7259547095548,97882.91316421048,20.66803821907338,80,88,260,20.367707356287134,0.01851914064437246
1762.0513265354598,85255.4310045813,50.067549373335865,443,55,380,31.46520225956178,0.020667664664977294
2216.9804352752208,10406.556866322848,9.60385338114463,22,72,20,30.369595003770147,0.21301641333798588
109.57856879363113,49739.189323050494,28.979589338912653,53,40,35,2.672648019356857,0.0022030187316325806
3412.4405564305107,15508.651357879058,18.21049921566943,443,66,353,50.93194860344046,0.22002045550153237
2748.204837173543,16413.512114149114,52.34923564164574,53,87,243,31.22960042242663,0.16742531353122725
238.64457403971448,40722.17305616287,10.162507975122603,443,40,443,5.820599366822305,0.005860166488269239
760.4263702733551,8995.76884435726,7.686659648940105,80,30,469,24.529882912043714,0.08452216383777512
1033.8438917342628,206799.42820879823,43.63249752195451,8080,25,429,39.76322660516395,0.004999234772814065
896.2817560297286,17323.2496838137,1.0099648717114476,443,7,270,112.03521950371608,0.05173567527528408
1809.4712415718056,55689.16314184192,2.9325733265427223,443,92,223,19.456680016901135,0.0324917568828648
9386.710325496279,195516.6300307943,1.7199709197205213,8080,50,406,184.05314363718193,0.0480095340968375
5556.091050446156,103515.91643683861,37.04420158719936,80,81,304,67.7572079322702,0.05367326657026375
153.18880953883078,2661.4366393589603,0.21328166235492954,53,96,158,1.579266077719905,0.05753707234727446
2788.0702963435065,42930.759064757345,39.5604058868014,22,1,285,1394.0351481717532,0.06494190680931664
8049.779504588395,78911.25074729172,12.002894880823334,443,91,36,87.49760331074343,0.1020092498738501
1959.0457688265158,83934.71164051096,0.08066804190197273,80,44,497,43.53435041836702,0.023339836293006382
5633.412344406296,4146.657009932989,10.271427036995293,443,49,298,112.66824688812592,1.3582155734949046
22435.631557303954,8221.000076635179,4.135584629395862,80,7,29,2804.453944662994,2.7287316161745463
5092.704575229532,97913.26880579375,19.584636589961615,443,3,391,1273.176143807383,0.05201187362518697
1593.93788958532,7025.9059305714645,22.748650131717053,53,94,416,16.778293574582314,0.22683353176121038
5258.666261501262,14051.099318399902,13.370167306576413,443,1,397,2629.333130750631,0.37422638015485227
1362.8477858641716,234172.59648126113,0.8272662667968744,443,51,255,26.208611266618682,0.005819818315739232
1136.6658520383965,20502.479815549807,21.34976246051293,443,98,397,11.481473252913096,0.05543770434403778
647.34452339345,7404.467351940864,36.90811483889148,443,38,438,16.598577522908975,0.08741440514538093
11442.846320746088,5905.113590110542,25.482489605521707,53,43,142,260.06468910786566,1.937457880916225
321.2941314979082,36282.071289719745,35.434186740135935,443,55,134,5.73739520531979,0.008855207678875356
10922.187907036432,2981.7867706471375,4.475613173252235,53,57,144,188.31358460407642,3.6617394225155366
2321.099292962963,15199.169301979415,43.9443206856211,443,53,297,42.983320240054866,0.1527022000117263
134.4296128866439,36309.90334569182,7.7778671438852465,443,33,436,3.9538121437248206,0.0037021831048054486
1903.5463768004804,154619.8388778546,0.26990939667120734,80,80,368,23.50057255309235,0.012311059690370841
46.991194755102875,59953.354901824474,37.080143056895906,443,62,341,0.7458919802397281,0.0007837828433322512
2802.48562405329,7546.976685404853,56.8847087433156,443,11,245,233.5404686711075,0.3712896503075211
4137.500847352507,129007.90703954913,21.31660271591736,80,72,254,56.678093799349405,0.03207143554889671
450.99942588604324,14054.915112809076,5.2646452133935275,22,52,364,8.509423129925343,0.032086094876529955
1319.913580254955,3451.090223529413,5.800214681151159,443,1,400,659.9567901274775,0.38235199394802516
20562.743525549777,17016.486736398092,12.56940613370684,22,14,5,1370.849568369985,1.2083302219691971
513.566715295,190470.72776553693,45.62255506302162,80,94,408,5.405965424157895,0.002696288427262969
223.99833513964037,28222.084115222915,3.240913915635212,443,85,427,2.6046318039493066,0.007936706499727313
10122.289006658802,22444.094256554876,34.97097333966262,80,21,449,460.1040457572183,0.4509800177694814
20824.402721766313,256739.5605681365,6.886538727061051,80,34,266,594.982934907609,0.08111068494858924
1102.7292340750816,2573.3600319792445,33.066350850757054,53,90,491,12.117903671154743,0.42835082132131713
5000.006808486125,3202.225541979083,50.58248746589377,80,14,239,333.3337872324083,1.560928739784248
8202.660839978791,1951.259408404048,11.154636793419542,443,40,250,200.06489853606809,4.2016244381602865
360.06106828626355,38521.51824980476,9.084201070323822,80,35,443,10.001696341285099,0.009346768712039962
529.557232462458,28275.18066901575,32.41213292087237,443,42,291,12.315284475871117,0.01872803256780475
6948.713195795875,222816.6580161451,15.078458777062686,53,82,31,83.7194360939262,0.031185648649499673
13732.511711712545,31736.179420331948,23.068702309396304,443,20,120,653.9291291291688,0.43269477510389653
2551.205547758005,12013.235277625778,19.501144834569303,53,60,79,41.823041766524675,0.2123485589223593
293.03101883565563,22085.847755323648,3.318467198708343,443,9,395,29.303101883565564,0.013267217761530756
21603.09061682914,26279.938375913414,37.259571232510616,22,33,9,635.3850181420336,0.8220060603554574
494.49827035046206,1794.2781765805987,4.357526734852221,53,49,450,9.88996540700924,0.27544381522662686
663.3437472126991,1284008.6070279076,53.84810766078323,443,68,44,9.61367749583622,0.0005166189906850763
1832.6288622172815,48040.828743216145,5.768881692110161,443,4,372,366.5257724434563,0.038146525853807386
11285.123479120166,30182.345973884258,26.476232027781638,22,48,222,230.3086424310238,0.3738857676310794
3947.998279757933,55422.77982612459,6.699817705103147,443,16,144,232.23519292693723,0.07123293092141293
2043.252644266807,63838.802293432185,7.648220409295363,53,47,120,42.56776342222515,0.03200593627898839
2197.186143860433,17839.489169838063,7.4213273317236785,443,26,432,81.37726458742344,0.12315728133593416
1170.6003349181644,8545.31360801739,27.5579743892267,80,70,53,16.487328660819216,0.1369713760351611
2533.125695077401,54131.742456047046,16.27536510145252,53,37,65,66.66120250203687,0.046794704649116316
24.671775142331864,39283.751353475454,42.90350132897112,443,22,176,1.0726858757535593,0.0006280242153078868
702.8115647270319,6536.550451280811,7.34526517652557,443,7,70,87.85144559087898,0.10750380742214231
1574.956453608822,185081.8460026709,23.552624345334984,443,42,302,36.6268942699726,0.008509467449976936
195.09348902496671,34201.6119330213,27.963177309474784,80,30,121,6.293338355644088,0.005704052351528496
1957.6204855863737,65823.29245825399,3.2852822766931356,53,74,377,26.10160647448498,0.02974009157527829
806.9753870777969,177705.20977428497,10.236167374026632,22,79,203,10.08719233847246,0.004541064648797492
15263.407062893566,22761.669359436575,13.187189155466418,53,6,289,2180.4867232705096,0.6705455683547024
11608.926277096742,35434.03261048474,8.791425024740063,443,24,180,464.3570510838697,0.3276115590101593
545.2757588951013,74238.70009118512,7.775481511679134,443,66,81,8.138444162613451,0.007344800130191323
874.5797039802754,7425.74558635225,23.194008600212154,53,40,55,21.33121229220184,0.11776082724409542
981.4967000758312,23886.709473478822,4.863517240028962,443,15,179,61.34354375473945,0.041087936922773266
556.969669854947,26590.861416670556,24.715513626326782,443,53,98,10.314253145461983,0.020945117798552466
1469.294269976686,5249.626301969155,54.680963696527186,22,85,110,17.084817092752164,0.27983219248066715
351.6290893728074,712442.9964990871,16.657268453764075,443,82,424,4.236495052684426,0.0004935533053835733
201.15524992216945,2667.934441978112,18.90585697395858,443,5,153,33.52587498702824,0.07536912363163215
2790.753292962925,3142.7206238295234,1.4284743747309359,80,89,447,31.008369921810278,0.8877230603155088
2819.442294125042,158156.42652760132,39.972264003657735,80,36,406,76.2011430844606,0.017826809376118663
328.16822582267287,64209.04555155921,6.721984165694931,80,74,474,4.375576344302305,0.005110854898228677
4200.812114369572,4727.031874200381,19.092897020055936,22,46,125,89.3789811567994,0.8884906502623834
425.23136381692603,54771.95230458593,77.37177148090191,443,23,91,17.717973492371918,0.0077635282730838485
1603.1854849597235,199142.4481533696,18.102199432177006,443,88,294,18.01332005572723,0.008050405372739333
3753.7702688825884,21048.938569860387,25.798566594053355,53,45,393,81.60370149744757,0.17832689897999474
1042.712899476731,1086241.7386115002,11.787264396294628,443,10,37,94.79208177061192,0.0009599262323351302
2169.1949094245856,1658.8954755218415,1.2452934940598308,443,54,5,39.439907444083374,1.3068262076819201
505.4026984462365,62363.4833782781,31.95012255181466,80,70,338,7.118347865439951,0.00810401483454397
816.723108439862,126727.26091974709,0.7125195376232578,53,77,150,10.470809082562333,0.006444680156678441
805.2967585757692,83869.37872935589,24.123359498207183,80,85,366,9.363915797392666,0.009601682629506277
357.85664748514347,16211.342167404086,0.4637671405732269,80,32,396,10.844140832883136,0.022073099851336493
841.207832868402,14247.514892550827,39.65431805699757,80,43,316,19.118359837918227,0.05903828147789552
107.45504259809435,42882.44255236466,3.4308619331373933,80,15,172,6.715940162380897,0.002505746651913073
524.9323406251657,74879.22266177292,14.442108875456201,80,66,406,7.83481105410695,0.007010293532328781
715.2890737551762,54377.73980954389,18.183854870169995,443,15,262,44.705567109698514,0.013153836890306851
746.749935899513,104829.11594544527,12.233017945961393,80,81,484,9.106706535359915,0.007123429456933252
763.3783891257483,4777.606961231164,8.33345831234748,443,20,27,36.35135186313087,0.15974914767400558
999.5985018496319,15651.83640590435,12.615255664426364,80,50,495,19.599970624502586,0.06386053466147368
2251.073015120701,5377.485161736751,7.46235212941286,80,6,55,321.58185930295724,0.41853290423391504
4071.5360341216933,12342.8328291059,11.529423044410958,443,79,399,50.89420042652117,0.3298437438751839
413.7873356032071,100995.50983151713,8.891801836011691,22,17,320,22.988185311289286,0.004097045890927213
180.40398855960385,25899.420711543913,16.703655996939972,53,26,249,6.681629205911253,0.006965291821657442
229.73658767830315,1099414.9632831912,5.434184072697078,8080,22,273,9.988547290361007,0.000208962390351546
528.0524512217766,29439.99935060548,89.58230454700896,443,73,259,7.1358439354294125,0.017935955397890276
646.8523253725704,24089.656123984354,13.897772054401415,443,64,266,9.951574236501083,0.026850755830123377
345.50458049526185,25829.547799967746,4.317452906002856,443,76,191,4.48707247396444,0.01337581313299493
156.93394802783203,8461.544159515672,12.966029025961861,443,86,63,1.803838483078529,0.0185445351976531
553.254857477518,20196.105775914213,40.260365384771475,80,58,345,9.37720097419522,0.02739277912468502
1439.6278622391926,119572.96390846127,0.4409615083162427,443,87,446,16.35940752544537,0.012039643206453256
2677.2467109264035,26133.048077046027,22.760837504973352,443,37,341,70.45386081385273,0.10244286315819072
475.26161476193334,6699.648927829641,15.880037113133023,443,78,104,6.0159698071130805,0.07092769967219756
590.2246733994245,5499.283386027272,3.7159436607099487,443,88,393,6.6317379033643205,0.10730804796327598
273.13127399343506,11211.520699673085,34.0175202918635,80,72,408,3.741524301279932,0.02435948894180401
1046.1177860355822,24607.219429664045,9.205331686062639,443,90,288,11.495799846544859,0.0425109093742287
307.1563952686231,131976.58549416557,6.957193367089836,80,96,259,3.166560775965187,0.002327337586291892
2590.721584285139,2949.1345633892997,35.21977853640515,8080,28,161,89.33522704431515,0.8781706490393969
75.27892853396348,13633.16332405569,20.35125047709129,80,96,171,0.7760714281851905,0.005521345662710649
639.4161480562508,27349.814603251485,45.70651466180165,80,86,109,7.349610897198285,0.023378321901251033
1722.722226996393,1407.3184280855482,19.87876016656253,53,49,140,34.454444539927856,1.22324766376752
1444.8369755361662,6308.180584649577,27.004468831254236,443,73,93,19.524823993731975,0.2290054875036383
62289.64605194353,7943.960158324044,36.21222867312478,80,67,469,916.0242066462283,7.840145804467227
1853.2572338327013,6674.465727387941,1.1258974376152728,443,89,103,20.59174704258557,0.27762216293452036
243.2082579098539,29373.092628203816,29.926556347947436,80,76,226,3.158548804024077,0.008279685809812391
950.3246179820743,17312.093556050975,19.023155775323467,80,93,353,10.109836361511428,0.05489051479479432
76.37309693502657,9576.532429490553,1.4408316355969828,80,67,160,1.123133778456273,0.007974193509370241
971.7517552955,41854.05395102679,14.209037817244873,443,41,404,23.13694655465476,0.023217070904567805
314.3213639155972,292030.0761527585,1.721140170532345,53,46,195,6.687688593948876,0.001076328478655398
4328.972146863178,257528.2688784694,26.632124047184135,443,87,324,49.19286530526338,0.016809631641932176
480.91454255080055,1231.3203672343218,15.815275774034912,443,87,145,5.464937983531825,0.3902512328268256
920.4393646432743,52344.82071864298,61.39771335854458,80,55,242,16.436417225772754,0.017583817619186922
422.7002241665983,16864.482546032665,4.04563782658227,443,82,465,5.092773785139738,0.0250630376577059
14887.497232658769,27798.379713636667,18.629785563257663,53,11,403,1240.6247693882308,0.535533432256975
677.314592316313,12119.553871773029,4.754540871963545,80,26,132,25.085725641344926,0.05588148854267115
17134.26545388923,26275.256158474163,19.04172555813052,53,72,93,234.7159651217703,0.6520816873816091
3719.0652662421007,27642.537917007518,25.64947918655792,443,92,273,39.98994909937743,0.1345365154564376
2259.954797597104,9242.543191836097,25.624589494848664,53,82,192,27.228371055386795,0.24449009981292644
1906.643644321501,5741.344401980957,33.75598967081457,443,13,22,136.18883173725007,0.3320322695489597
1979.6907949447661,11236.87967667838,38.42145524540642,443,36,194,53.505156620128815,0.17616230569305316
60.854826299086895,31300.48578468078,1.6084096495512281,53,64,170,0.9362280969090292,0.001944151364497521
721.7471781296115,54094.863324001104,8.409559499278075,53,51,460,13.87975342556945,0.013342003136298755
3896.12191559425,79223.12092024794,23.238872078467764,80,76,429,50.59898591680844,0.049178480875999055
1019.0786612418265,10495.637413711582,13.806474899810627,8080,22,11,44.30776788007941,0.09708620209274077
133.2484232285913,33717.31730434852,4.231117637456602,80,60,181,2.1844003807965784,0.003951811178056823
1013.7314675057547,93316.65563859862,16.090943283635674,80,2,232,337.9104891685849,0.010863233335305188
14131.452620359354,126549.94643682813,10.465916178867642,443,56,444,247.92022140981322,0.1116661156494275
7117.683307522269,20165.948009085165,9.887181480732375,53,40,29,173.60203189078706,0.35293805013608254
999.2389966788327,15813.233197094152,33.188716443438445,8080,28,20,34.4565171268563,0.06318605424779253
4569.567843298362,29339.3926406369,10.471407680403368,443,77,5,58.584203119209775,0.15574324104202478
632.8538238238119,3926.245052146934,0.5362144463855821,80,97,409,6.457692079834816,0.1611444703400531
85.13111690134537,16474.775514432018,1.196344908085762,443,3,34,21.28277922533634,0.005167047634678831
274.0473818247332,67297.58276718506,38.79276302123791,80,63,140,4.281990341011456,0.004072112228169526
11433.845652771202,57694.70578721992,64.68020043166031,443,98,28,115.49339043203234,0.19817498541293335
727.0609976570823,14685.245973187943,23.321298567720135,443,23,98,30.294208235711764,0.049506252243387915
761.2212343625525,30533.426143713044,9.062719242931902,80,55,262,13.593236327902725,0.02492993419230464
699.4139048805281,6393.419195063669,55.80701174157741,443,32,246,21.194360753955397,0.10937880103645037
19076.35491116359,63274.5341030948,21.741764116985568,443,84,19,224.42770483721873,0.30148074104096056
12568.36690433231,19599.666814134944,37.2007939340365,53,28,12,433.3919622183555,0.6412213943287216
30582.106138198887,14560.575141625677,29.036063668106202,443,8,25,3398.0117931332097,2.100192172945423
863.8785436124664,12802.736880744906,9.532971264710724,80,3,13,215.9696359031166,0.0674708135334789
1708.6121864674376,20043.48013695078,13.028676181354374,80,94,465,17.98539143649934,0.0852410326829936
112.73457657155531,11250.67642624167,4.119145559272789,80,89,76,1.2526064063506146,0.010019358209469179
10050.74097050035,59113.497062003175,6.90662202726968,80,53,259,186.12483278704352,0.17002159317973173
190.24841643337703,12174.205363986839,30.11288198406387,443,94,24,2.0026149098250214,0.01562588972799709
1518.021840668061,240252.59884840617,44.88224710970668,8080,29,8,50.600728022268704,0.006318414575033665
211.46218930880718,198355.42083668124,25.780480128932094,443,94,368,2.2259177821979703,0.0010660718136415494
453.3660061669342,5783.03994366607,12.51626502899358,443,98,228,4.57945460774681,0.07838223985008987
312.3443775900149,24454.17908805228,1.8096409967631124,443,89,376,3.470493084333499,0.012772115733252291
440.62188718031825,8300.035476027264,1.1726760061877552,443,81,123,5.373437648540467,0.053080352258799465
488.48850758340683,13494.380995375424,9.378502288650925,22,59,90,8.141475126390114,0.03619671854768689
481.83262736325946,444027.24469931744,12.465771179515075,8080,24,301,19.27330509453038,0.0010851395899140201
3827.629142559204,13886.089662373142,18.78712526601738,443,38,456,98.14433698869753,0.27562500391497485
209.07767014285952,37810.384103576296,0.13021339752562583,80,28,224,7.209574832512397,0.005529489996190973
1526.621099523216,49611.69846301028,91.55672464514163,53,97,224,15.577766321665468,0.030770773346695063
6815.391085414285,4910.131199341915,9.049212499644163,80,62,257,108.18081087959183,1.3877436396583211
507.85981421705515,6108.012961480917,37.68995480628479,53,51,3,9.766534888789522,0.08313287554294897
373.5760744970652,3608.207688610148,15.31292550476859,53,7,321,46.69700931213315,0.10350639440229158
776.0469820501905,5831.583758565643,2.795346302058805,80,23,271,32.33529091875794,0.13305372270231008
6435.519277257854,306.41942581132065,31.946783221256204,8080,46,306,136.92594206931605,20.93400330923677
1467.2738679375439,49854.976564543475,24.745564806682694,8080,90,148,16.123888658654327,0.02943025027376634
494.31776436172686,479879.71699336846,14.991645424108961,22,78,387,6.25718689065477,0.0010300846582434317
2266.0986528972694,27494.220792097578,14.453707023238207,443,28,189,78.14133285852652,0.08241791073554756
209.8854226193184,2632.256418097231,1.8308968782649657,80,24,399,8.395416904772736,0.07970565311333405
3047.385429285358,8398.726999346754,21.333492300066347,443,7,187,380.92317866066975,0.36279577056758544
2024.1617871039052,11066.57665326752,48.43754538132138,443,79,438,25.302022338798814,0.1828911468624258
691.1019089551347,4786.8259707608695,1.9576579509971812,80,49,188,13.822038179102694,0.14434566193000253
311.7249730191123,80039.37320081529,6.11723181170227,443,3,124,77.93124325477808,0.003894596696057598
290.0283325262759,74264.62942595416,46.518706694978896,443,2,37,96.67611084209197,0.003905283436875007
2446.0408198533005,3892.5599666250637,6.691110967798567,80,7,149,305.75510248166256,0.6282273397149005
6928.999806723942,65357.113579035846,21.223074400131814,443,80,106,85.54320749041904,0.10601590877228861
421.59215082108994,217557.61595337978,15.306538133983942,80,21,103,19.163279582776816,0.0019378324732100343
2181.09005344203,382252.74611413485,18.14303266911929,53,9,407,218.10900534420298,0.005705869662794073
47.916478885812886,1619807.7618279373,10.749857831329043,443,12,377,3.685882991216376,2.958156543846549e-05
456.2648279633056,5693.104734424694,7.133255181793963,80,93,232,4.853881148545804,0.08012933538171116
1046.7146160458487,1523210.2002550096,0.9950149729833151,8080,24,355,41.86858464183395,0.0006871762864339576
280.19194173881664,12947.91975101365,27.27351712451355,80,33,146,8.240939462906372,0.021638248373335008
269.14235431304223,9057.077877440937,27.41578082145199,443,78,17,3.406865244468889,0.029712965372415145
402.75589760792377,35976.04438959866,22.21728517400522,53,43,159,9.153543127452814,0.011194802253527104
1699.839463737375,9199.532981428825,20.635927836135302,53,82,448,20.479993539004518,0.18475445576560426
827.9944673267725,40077.3337751446,5.586796179697082,80,5,304,137.9990778877954,0.020659403456544646
38.19303426925462,3040.8252409311185,0.4519672834139189,22,79,282,0.4774129283656827,0.012555959413882545
45.55633860239191,15396.124438691546,33.07985782647253,22,71,278,0.632726925033221,0.002958756278406964
441.2899900785923,151504.9158928141,13.511589435352803,443,89,125,4.903222111984359,0.0029126914779406487
2178.8007267841986,20219.607134854043,7.329834588750837,443,14,173,145.25338178561324,0.10775149886714445
17.79189000742002,27238.690328100154,2.1501877183228824,80,36,420,0.48086189209243296,0.0006531605092832538
518.2225254229627,44931.20885844052,1.2954982540800728,443,35,320,14.395070150637853,0.011533430885973783
498.01401302035913,127515.40298079808,8.580818586046902,443,50,163,9.764980647458023,0.0039054898144778444
8799.997068248575,1839.3415470909822,32.668164857272295,53,88,203,98.87637155335477,4.7817195031860695
615.5199036260221,52933.20304492684,50.19802849661926,443,79,475,7.693998795325276,0.011628018714168832
1947.8538916662105,14732.206449395127,45.41230527639521,443,11,482,162.32115763885088,0.13220841629801364
1355.4458369185531,28281.321356099565,50.5147815746676,80,24,338,54.21783347674213,0.047925551083741864
44.887092456432086,108004.1849230977,47.659714972490434,80,75,155,0.5906196375846328,0.000415601274035064
3471.39158242349,3672.8383073099285,14.982703307225666,80,44,324,77.14203516496644,0.944895036756619
1514.8849253356352,4822.430523010534,4.954249169148973,80,51,401,29.132402410300678,0.3140679477207693
2350.54609151852,1208.161498571393,31.994364325562813,443,17,454,130.5858939732511,1.9439471851325538
396074.08641891344,9664.9535666671,4.808667625373867,53,70,490,5578.508259421316,40.97620412586805
48.126385930644155,162048.10532223817,6.217847914865146,443,85,395,0.5596091387284204,0.00029698643404999853
14574.737119260515,18381.8531903856,5.312002251016783,443,8,261,1619.4152354733906,0.7928441231790524
712.534777087827,2950.744105023041,14.471402153264386,443,79,186,8.906684713597837,0.24139449482605643
1687.483013470581,10630.493368898244,7.767072213384028,443,96,377,17.396732097634857,0.1587249274318512
1024.266096851455,2364.2294757238064,3.3484078442379555,443,74,466,13.656881291352732,0.4330514680982527
580.3582004546834,4073.349232992842,12.072471007894974,443,28,57,20.01235173981667,0.14244193790633336
466.49654201367366,39467.3238960009,41.41474885550625,53,79,217,5.831206775170921,0.011819517424730091
1797.6995583180062,3786.472063257137,16.90513213427393,80,12,458,138.2845814090774,0.47464364840014867
112.64479435135017,116885.65845910367,42.12977785540629,80,43,489,2.560108962530686,0.0009637095955716996
3380.8037338280947,19797.670609055524,4.359940973119918,443,82,208,40.73257510636259,0.17075912825590328
587.4013944349791,25044.062586326134,3.653805463370961,22,37,202,15.45793143249945,0.023453780257498058
201.32006231485173,14507.783080694975,17.140499514348413,443,88,74,2.2620231720769857,0.013875737282386086
558.3470447251901,70211.80637237613,12.44739703435048,53,63,484,8.724172573831096,0.007952210908135143
7228.044622786554,71306.29073875802,21.58635119760834,443,93,85,76.89409173177185,0.10136473490862635
491.27171682104677,36409.37326909656,31.658528468522455,443,63,120,7.676120575328856,0.0134926306080475
1877.4700422409633,51389.21779234939,27.830745275091115,53,10,14,170.6790947491785,0.03653360742363827
366.34136370125367,16024.362431304553,57.03650863131326,53,78,328,4.6372324519146035,0.02286009850146219
3418.2458013532428,49677.35678412703,10.158477064780222,80,80,129,42.20056544880546,0.06880754563213377
3066.4064214131026,13268.96775972428,4.623180346290984,443,37,400,80.6949058266606,0.23107866401303265
17551.82566439024,22100.321463142413,16.010756886954603,80,11,282,1462.6521386991865,0.7941527701708151
842.7362865776628,14589.164519310389,2.347382630831894,443,90,49,9.26083831404025,0.05776057462972975
2989.8610900757126,11094.138569429857,6.817469611317399,53,19,426,149.49305450378563,0.2694748759888045
1270.4180637116915,7834.813126722655,4.661051055823363,443,52,454,23.97015214550361,0.1621297041119007
7660.30954731309,44424.00057159849,10.102296456078712,443,18,359,403.17418670068895,0.1724324017726728
373.06453418778426,157299.80812145985,2.3580337914594662,53,94,242,3.9269950967135183,0.0023716631760704143
3352.6554059235227,127599.65645169155,0.647194360620406,443,32,322,101.59561836131887,0.026274593714122524
818.8935139682271,3344.7659368623417,21.388488849883952,443,23,53,34.12056308200946,0.2447551709896913
995.9705952797083,152330.01187862735,18.844942991950784,53,12,265,76.61312271382371,0.006538199825477867
1258.440741269507,13667.31161946627,24.6446293169913,443,58,69,21.32950408931368,0.09206994808907111
1600.9629879387562,54235.96469976179,21.59893793624912,443,77,40,20.525166512035337,0.029517931115820493
921.1809012997185,5657.158435475771,2.4274196185189427,80,21,184,41.8718591499872,0.16280578068016935
1513.3329888813105,27254.389530612534,6.880220317379132,80,21,133,68.78786313096866,0.055524173931969484
11698.045860230795,35262.83214028972,2.774361775307237,443,93,56,124.44729638543399,0.33172928607681057
4808.66380083356,2375.8078645407986,37.02667411903404,443,93,367,51.15599788120809,2.023160505555883
4038.917093032734,54852.37416851913,27.479701077449263,8080,91,456,43.90127275035581,0.07363115130574241
553.7374796352304,165860.52639938812,4.501082579073204,8080,29,255,18.457915987841016,0.003338552898047327
288.916800076999,16950.084219148142,8.350022236155933,53,79,5,3.611460000962487,0.017044148701157134
4596.042275985609,169439.6671196527,67.99296699915831,443,47,69,95.75088074970019,0.027124788600720363
4080.8892161837507,16571.833562010328,18.03589407048427,8080,12,52,313.91455509105776,0.24623967898515045
9986.665315105514,78777.03478015316,32.30465312166919,443,58,465,169.2655138153477,0.12676966800422765
443.20351264563766,790.0885683981182,6.146570384604885,443,41,329,10.552464586800896,0.5602451234292061
777.1839117038728,829158.5488524906,4.715786466671561,53,19,98,38.85919558519364,0.0009373152763897502
93.76332201157349,207562.414846533,30.64184713119706,80,12,161,7.2125632316595,0.00045173337546455214
608.6804034677965,14372.353489235715,23.159123640353947,80,23,406,25.361683477824855,0.04234783510498372
4889.551037438658,1143.5199503284698,22.849899823333875,53,5,469,814.925172906443,4.272141377732549
544.7118455933712,33929.58248305979,16.08759056033556,443,26,491,20.17451279975449,0.016053713368030874
2866.1349471049266,2525.291244437164,16.582927985062163,443,63,271,44.78335854851448,1.1345227726280929
824.0616466471987,42928.03149503283,26.613220370898123,443,52,65,15.548332955607522,0.01919590584619986
1783.0587052949995,40837.19465250153,6.294282872832682,22,10,327,162.09624593590905,0.043661545777606475
196.06827007205516,5366.307027217413,8.70102380941609,443,86,407,2.253658276690289,0.0365301014228924
1246.1501210216443,118355.78988036202,41.05782607012288,443,39,243,31.153753025541107,0.010528759036818113
12.345554560370697,73744.52647865543,7.388407922194272,80,23,367,0.5143981066821124,0.0001674075045615674
828.5322507278904,95199.97954660478,15.806803776165498,80,11,262,69.0443542273242,0.008702980312532287
95.0392661812162,22321.07448852291,24.256199009766437,8080,92,212,1.021927593346411,0.004257635921342413
6694.166636143722,2635.1987883512984,189.91432429682345,443,95,442,69.73090245983043,2.5393254354427164
3519.6295766441954,95493.01747175095,11.428906235684941,443,72,154,48.214103789646515,0.03685706884921218
2208.3622864576673,14682.959773530056,11.175573450159678,443,48,234,45.068618090972805,0.15039283139678422
10737.626428864249,2738.9496465442,36.97782234950774,53,92,140,115.45834869746504,3.918913780918285
264.1785548778056,167386.20880419645,32.74678224492493,443,16,333,15.539914992812093,0.0015782481634354284
15078.79599016329,513554.419712391,26.26652054814379,443,46,495,320.82544659921894,0.02936157503431264
4439.456981090256,20704.94431504426,12.44369812235092,443,47,115,92.488687106047,0.21440495123251596
769.0585228698629,561676.719918469,7.829442961207659,80,95,369,8.011026279894406,0.0013692167155597637
6023.538888248174,25259.866046892017,18.76717307209635,22,48,333,122.92936506628926,0.2384533799065564
208.62945406623538,12448.011169997482,41.78552175479961,22,80,130,2.575672272422659,0.016758716914724848
318.3746257213935,8555.351894880512,43.04496924115911,22,69,416,4.54820893887705,0.03720915521390434
440.14992835834573,256689.7951276885,2.2969597067583,22,99,178,4.401499283583457,0.0017147086561456056
495.9789259925168,6834.811553174461,11.184577189498174,53,25,95,19.076112538173724,0.07255596824669497
224.7893037849277,66363.5981804185,12.49937918095722,443,77,317,2.8819141510888167,0.0033871869934903624
6867.9751284458025,9520.991270441855,75.98761211457604,53,93,395,73.06356519623195,0.7212750918776156
743.7599979901003,11042.865652687726,22.6639513922764,443,91,101,8.08434780424022,0.0673459838592923
1860.7919441879642,103298.12882490332,10.459530195802811,80,81,196,22.692584685219074,0.018013626691296598
466.1339086104254,12455.838285451164,0.5280681660482578,443,37,290,12.26668180553751,0.037419921325850536
71.45694133320805,12001.740151352815,16.665901312591124,8080,63,208,1.1165147083313758,0.005953385679615352
1644.3263038587197,120476.14503040315,2.020199319391634,443,29,95,54.81087679529066,0.013648450114283202
62.27857940345663,241855.55332219505,35.96963514698616,53,58,473,1.0555691424314684,0.00025750213731232135
989.3507608434356,57932.55134179216,27.928401921194382,80,98,103,9.993442028721573,0.017077336671569396
140.8263317840985,8248.98413474114,12.34258945883708,443,94,8,1.4823824398326158,0.01706989122452624
21610.055091421735,10240.310813908703,11.214705570584442,443,31,136,675.3142216069292,2.1100868320560258
4302.89823707558,24831.614427269895,45.526452912351296,80,86,98,49.458600426156096,0.17327608615991555
1285.1499548565162,35646.10249325835,6.806426509075982,80,89,399,14.279443942850179,0.03605201727404257
7299.491859908487,5005.042257598701,5.7275241654540245,80,68,261,105.78973710012299,1.4581362849721344
308.13131323916946,65157.12303147695,56.00246535281801,53,99,147,3.0813131323916947,0.004728977737592528
2478.029750590765,25041.005858106037,33.135395667718626,80,41,458,59.00070834739917,0.09895492256618225
1479.879064994707,1679.8126058565772,34.36559997543333,80,50,393,29.017236568523668,0.8804545252922646
1629.502645858596,5467.683294219103,4.343075872546796,80,44,185,36.2111699079688,0.2979698326251822
7394.784623874209,10340.329245939076,3.093256018833008,443,9,438,739.4784623874209,0.7150709979355949
3290.3135861936184,19746.143130723158,0.5274862884223126,443,59,413,54.83855976989364,0.16662225844073902
1691.0171558551976,374713.9422746719,5.411033028601315,443,90,232,18.582606108298876,0.004512809512185547
91.62176436155698,31484.698950892845,29.761270376554968,443,91,101,0.995888743060402,0.0029099485612327134
259.80479409318264,6240.66586716544,5.489747959699312,80,27,147,9.278742646185094,0.04162427140803824
912.270548014836,30667.11560228142,26.120353020470457,53,82,205,10.991211421865493,0.02974654719075637
1261.502262292698,12989.133195239026,5.804593372883783,53,94,46,13.278971182028402,0.09711234237036517
201.2794846185982,35851.38072740878,10.060208110930818,80,59,104,3.3546580769766363,0.005614117682977802
40843.99194116113,52619.99873496995,81.68268519803152,443,95,336,425.4582493870951,0.7761918801061779
10663.597132586641,135110.19325903695,5.615763965624271,80,3,446,2665.8992831466603,0.07892460184362558
2705.8665213398813,21238.487365258887,9.443980821537982,80,93,222,28.785814056807247,0.1273979204303126
1221.7692497701846,257413.95589991004,7.164585324446177,53,7,444,152.72115622127308,0.004746302504059795
797.6632733265053,85994.10219914536,2.322250826610806,443,82,118,9.610400883451872,0.009275682602007916
262.9916571908028,7622.355203750212,13.462740207058454,80,16,5,15.47009748181193,0.03449815076981162
1231.7864312130603,606089.8362023799,9.518523887892641,443,49,417,24.635728624261205,0.00203234623861192
1614.2549698113123,35971.84290596929,23.741467208355562,8080,32,211,48.91681726700946,0.04487426734747852
170.26552610300257,6293.755586176219,34.03046611379613,53,89,55,1.8918391789222508,0.02704879065946883
1810.3303580540505,262858.0881761328,15.716204779481135,53,44,19,40.22956351231223,0.006887075393189413
868.7986773252958,497159.5987613271,0.6545225535030259,443,96,401,8.956687395106142,0.0017475211822696789
62.695436580748904,20961.906733782504,19.295042704149953,443,19,88,3.134771829037445,0.00299077973188293
301.6967831909006,10347.752335284144,1.1396781582538797,443,3,247,75.42419579772515,0.029152961962599422
589.6868892637233,17007.973862768224,19.160821664468386,80,60,117,9.666998184651202,0.03466916311480246
18611.43556328628,64350.34609146466,23.10555443443311,443,35,476,516.9843212023966,0.2892159479746273
2527.1050733596717,149759.35466074297,4.40713943914375,443,29,170,84.23683577865572,0.016874326179878548
147.9356891193834,51830.34130745842,34.22345005221738,80,75,485,1.9465222252550447,0.0028541744316791543
2273.451485985996,25657.335976944894,48.40151803121942,53,70,150,32.020443464591494,0.08860479058457996
107.66709540026808,208358.9631193579,33.542236380665095,80,83,295,1.2817511357174771,0.0005167360071886342
5563.799854208274,13776.8550168242,7.280011079579143,443,45,208,120.95217074365813,0.40382191911689397
540.942518247806,103401.94047367657,17.668873654690216,80,27,381,19.319375651707357,0.0052314036309781195
952.9340672957624,14298.441187986218,49.258633367305094,443,69,483,13.613343818510891,0.0666413501596396
8011.99418751706,42046.62653174687,7.732809949548429,80,90,283,88.04389217051714,0.1905456942133899
159.05573050430476,18576.565626943964,34.29906016360126,80,35,332,4.418214736230688,0.008561710059235013
134.87153358875068,20256.311966615594,0.19040611802932025,443,19,174,6.743576679437534,0.006657918573353727
456.962353701842,12505.454946365091,0.07306736429543698,443,17,127,25.38679742788011,0.036538120167670274
5206.006200216756,165591.80728139612,28.5183132301526,443,35,156,144.61128333935434,0.03143860102190342
112.27833100288422,7336.454324484738,28.66332422728992,80,77,180,1.4394657820882593,0.015302082444072836
15.670290625820634,7256.4907353894205,31.115780738118207,443,78,449,0.19835810918760297,0.002159188512554099
557.3880702842303,530454.9686848971,53.192870177021106,443,30,423,17.980260331749363,0.001050771606295812
2508.928879639406,95489.47843860129,2.509140123811331,443,48,378,51.20263019672257,0.026274126181623475
6636.849285146679,615.435072074572,5.278919904461804,53,57,402,114.42843595080481,10.766501754695424
547.4427866013222,9434.343661786641,46.81091544422428,443,17,87,30.4134881445179,0.05802043955414979
591.6173687372591,1453.916158326627,3.901722311490335,443,15,406,36.97608554607869,0.4066333069100753
6190.995033980423,5292.065804536025,22.92850246891551,22,82,324,74.59030161422196,1.1696425592659163
66.37944534199272,198.78582734279723,15.120163525682546,53,14,496,4.425296356132848,0.3322530242753271
612.297843937264,17935.111977391203,1.737180721369374,8080,14,267,40.819856262484265,0.03413771305113821
1459.1886410003365,3972.247249176342,6.716831245125025,443,45,82,31.72149219565949,0.3672534200590783
2151.3010592378046,24097.367597530374,14.6948985363294,443,97,64,21.95205162487556,0.0892716508921655
510.4486067789832,1924.301091943766,38.258229221313826,80,38,119,13.088425814845724,0.26512663858910457
1154.775830023318,24943.48088236061,24.588444187899544,443,63,496,18.043372344114342,0.046293840928953264
26.245878570705823,11820.91362508577,19.45104068886031,8080,75,455,0.34534050750928713,0.002220104071392706
408.5553420992957,209594.38622295004,13.704885417208402,443,11,341,34.04627850827464,0.001949257326040129
2165.1892907499882,182962.28041333932,7.095933716953681,53,48,313,44.18753654591813,0.011834010003857203
251.2777619564001,71540.4572638521,2.539513682197611,443,26,163,9.306583776162967,0.003512337762839557
1198.0809320769833,13495.064824144949,10.52135847881668,443,67,293,17.618837236426227,0.08877261243837338
2143.7432263819533,432817.133322667,0.5786609359191763,22,25,178,82.45166255315205,0.004952988475609425
656.0101088865247,2144.0397952596118,4.741195924358164,53,81,377,8.00012327910396,0.3058265447271707
1416.1478129679167,2682.9227447413696,11.32970472878341,8080,61,30,22.841093757547043,0.5276410491854082
258.7600416337879,19425.178223843624,10.846504203629564,53,86,401,2.974253352112505,0.01332017232891371
804.3890783793435,647618.5621632277,0.90612883858667,443,93,161,8.557330621056845,0.001242070384181204
2738.9344979289904,16260.459458694622,17.786168682794642,443,26,400,101.44201844181445,0.16843103811721807
1387.7783546344415,16732.90024972226,15.956125772042808,22,34,399,39.650810132412616,0.08293215173536576
454.9570849239089,2532.936209302199,1.6264637966065423,443,90,397,4.999528405757241,0.1795455952102267
1535.0597839110362,91025.44646615245,57.3513735975436,80,9,487,153.5059783911036,0.016863887842549555
3203.229139111285,92020.2905797951,2.0934989909254793,443,40,3,78.12753997832402,0.0348096524068378
50.6575398865375,71941.80462676134,38.59756811229366,443,75,24,0.6665465774544408,0.0007041362947878998
6239.224017332255,8571.251132522611,0.006195597836848406,80,7,407,779.9030021665319,0.7278396212239991
662.2332875547893,7630.738033417865,42.78911315557146,53,30,59,21.362364114670623,0.08677358743906056
2076.076098367505,3166.292501101722,0.3983352131508565,80,66,237,30.986210423395598,0.6554734359536909
6606.903627287449,24979.449670728754,28.360822532075712,443,30,240,213.12592346088545,0.26448297426083545
140.1186346528532,4356.34641173355,8.978649824842448,53,68,311,2.0307048500413507,0.03215687287922276
378.3571142644721,3766.4012243065986,26.804771984182448,443,58,321,6.412832445160544,0.1004292061656135
711.3588087650897,11666.350187315638,10.274770757845207,53,55,160,12.702835870805174,0.06097004009860403
338.4477484210552,10575.187531407539,1.4709486051888128,443,14,481,22.563183228070347,0.03200092163797068
14800.331582958877,9828.407606334607,29.177877035375893,8080,77,60,189.7478408071651,1.505719589186711
303.3362297003253,44341.08244528692,1.4783714856574042,80,89,240,3.3704025522258365,0.006840820569818922
476.6010800268947,24799.324731787612,51.05183392704561,80,77,414,6.11027025675506,0.019217533850111858
1490.0777032388262,14296.441715969371,1.0463824240266781,53,77,322,19.10356029793367,0.1042198830280595
180.6887090038567,28984.584320208603,13.052595314813761,53,37,402,4.754966026417281,0.006233743884813853
605.7570101847912,4977.631419704287,25.677241592418344,80,44,59,13.46126689299536,0.12167139101467589
1765.4835394495285,25794.53523466891,9.992652158537338,8080,6,53,252.2119342070755,0.06844143854308316
665.6136475485562,27609.18370427056,4.898416140236153,443,26,64,24.65235731661319,0.024107541430287677
953.2905262951884,2310.986366733413,28.466716998316947,8080,14,121,63.55270175301256,0.4123253233720772
495.7153304044186,98080.18442838373,30.676843538511168,443,8,119,55.07948115604651,0.005054132791048998
113.10250554412895,5871.406205617361,51.19992869729846,443,24,286,4.524100221765158,0.019259993533134442
1776.4811719493994,25221.818157446567,9.43739091350566,443,86,18,20.41932381551034,0.07043151010565908
15250.98861993191,126325.55338591334,14.114589513579084,443,39,5,381.2747154982977,0.1207267055987973
1127.3245462379778,88301.74394034523,9.023745617249265,443,49,325,22.546490924759556,0.012766585679371023
1537.474133610713,23190.548510366083,5.943387279014565,443,85,392,17.87760620477573,0.06629458713908205
3099.7729091445526,12787.859147313455,27.80869533865812,80,63,393,48.433951705383635,0.2423807216451922
163.36782525615746,91241.75058986279,8.29976150989593,80,26,160,6.050660194672498,0.0017904745768844443
14097.771118862536,60599.53305792378,11.177551679233027,80,10,376,1281.6155562602305,0.23263444077938178
1485.4799454865752,8711.96345603328,10.339344148957096,53,77,142,19.04461468572532,0.17049078111970695
12680.052249853878,6685.254301978883,24.941867218032336,443,58,397,214.91613982803182,1.8964358334532765
365.2019567443596,983.8438815032465,49.970935360065184,53,14,18,24.34679711629064,0.3708221816709898
16765.74144745401,27751.571897503083,21.97761017115961,8080,73,68,226.56407361424337,0.604114873006146
3507.7610696979905,19456.82879863015,12.757375397718036,443,71,114,48.71890374580542,0.18027505052079296
2513.82337163072,121089.72297247975,30.21042258851552,8080,39,22,62.845584290768,0.02075983452672948
1557.8106445521141,37744.03165111613,20.487060331735073,443,31,20,48.68158264225357,0.041271939018391296
755.3695297501203,162973.64690018658,1.2504986139570586,80,50,399,14.811167250002358,0.004634889807202616
6639.536844549629,7738.426552487874,2.011076977985256,443,16,263,390.5609908558605,0.8578848574272366
1353.622762220846,121446.06047135912,0.7730899064287189,443,72,461,18.542777564669123,0.011145784483932166
57.36276759085396,9962.919512218696,12.206155175948588,53,51,98,1.1031301459779608,0.005757048470786053
205.2482675140152,70713.66344494975,34.95716005888676,443,15,105,12.82801671962595,0.0029024852486754424
829.838722534754,2469.725799728305,7.51084111470282,80,89,286,9.220430250386155,0.3358684005428719
1745.8528853551259,31341.643297665996,9.695367735040442,53,38,5,44.76545859884938,0.05570215851849148
1007.3891537237014,1122.1122075721926,48.04305028101205,443,79,129,12.592364421546268,0.8969621618674707
6825.740993871946,14754.357931116216,36.26825787061591,80,89,444,75.84156659857717,0.46259406418584864
58.75329308370972,42639.27222571626,21.875367530473845,443,71,159,0.8160179594959683,0.0013778826920405008
1360.1930330954806,10082.405692827862,6.206838427325905,22,90,251,14.947176187862423,0.13489420881507927
71.73875817808563,4556.652613090656,2.489541174876951,53,72,499,0.9827227147682963,0.015740286561559114
3427.438414512774,78368.52853062146,0.3237832572637009,443,82,276,41.29443872906957,0.04373432479147256
951.7590731467976,18860.136906032152,2.263612991635665,443,21,83,43.26177605212717,0.0504613840559318
2057.845741481166,10568.61489849358,6.923079496657386,80,16,320,121.04974949889211,0.19469448615147344
300.1179485180909,23455.11518705735,16.049870964962942,443,67,118,4.413499242913101,0.012794870170303837
7474.088099854749,1149690.9360039113,1.3227978183043734,53,65,448,113.24375908870832,0.006500948528727718
5232.199358438945,124275.26640977648,2.928923544964164,443,13,29,373.72852560278176,0.04210135619287756
2631.5188145659586,125977.73982642866,3.995394752015023,80,64,493,40.484904839476286,0.02088859452151704
903.0014233890532,42332.884675018446,19.992473632512663,22,61,358,14.564539086920213,0.02133046448066509
2617.005300510017,28274.84753825761,19.131309553461023,53,32,138,79.30319092454597,0.0925526740434278
379.80620964433507,605.3922333228244,16.004215195358434,443,12,157,29.215862280333468,0.6263375234262574
3957.364247319021,7954.789509773157,5.767017246062373,80,95,31,41.22254424290647,0.4974194254960696
13019.73212567331,10712.198096976079,9.27628656989735,80,41,331,309.9936220398407,1.2152983644863504
5463.887654310975,1323.0062707884451,2.0337834068617786,80,66,471,81.55056200464142,4.126783818823783
367.0860522219524,3881.1093809594795,5.1355735565307885,443,8,286,40.78733913577249,0.09455840013740817
1885.8350062003847,1128.6136426906835,45.597933939864404,80,59,153,31.43058343667308,1.66945133710356
157.6358591724187,20795.964791368962,77.93455792099222,53,25,336,6.062917660477642,0.007579753139642753
2587.8571751785717,75218.23417472906,20.863149689230227,8080,5,58,431.3095291964286,0.034404194666049895
2155.774035585349,115862.77294368445,49.735758451069536,443,45,313,46.86465294750759,0.018606109406027735
66.37201393156472,41034.83803743358,20.58593580709561,443,2,87,22.124004643854907,0.0016174158273804242
191.96714433541,5192.162147748112,0.6751999119485197,53,42,123,4.464352193846745,0.036965366933257006
717.1547555407783,1214.2747478744075,114.65960205858606,22,38,191,18.388583475404573,0.5901173843981596
698.3429952612803,1579.2367677075172,2.0839416694082384,53,3,353,174.58574881532007,0.44192301402680384
178.7136129385096,3283.0433904392276,22.954483582756787,80,46,371,3.8024172965640344,0.05441877335080137
1965.4334673125818,5806.367579984584,5.829416897877594,80,22,293,85.45362901359051,0.33843793082541523
1599.1226489258877,17333.169432139126,9.950986664013849,53,33,314,47.03301908605552,0.0922526259585861
819.4196141465482,4811.449518069822,20.76544928975348,443,32,28,24.830897398380248,0.17027079683013507
352.94518082570863,36624.17573372867,11.471309910923148,80,17,155,19.608065601428258,0.009636682248071132
5287.287797162552,15546.48342609747,5.768208324090911,443,82,454,63.70226261641629,0.34007354452537913
13135.984735191785,22377.663330979907,8.142715664529316,53,56,230,230.4558725472243,0.5869870126249669
530.9446477219685,121829.25923422932,8.357276619338995,80,3,37,132.73616193049213,0.004358068767638269
437.79450090710543,3750.5298364329,64.0422938687224,53,70,6,6.166119731085992,0.11669759271417054
2291.155370955599,41276.84085033738,32.050538560255454,80,49,473,45.823107419111984,0.055505698063586406
640.9528712197522,21569.599187884964,12.270045679294277,53,55,461,11.445586986067003,0.029714189468586512
889.7176800755801,13356.662173262717,4.4583945358298465,443,77,318,11.406636924045898,0.06660729014815767
3325.8472331248163,83107.02228453268,33.321870140810766,443,31,225,103.93272603515051,0.04001836575701782
62.54997697072934,82332.50217376072,3.4200959892301737,53,81,33,0.7628045972040164,0.0007597147615404572
7922.431832836857,5325.510241660699,4.726151794799252,53,21,89,360.1105378562208,1.4873587909157577
1222.9494309822664,16760.146653608812,9.114548950885276,22,16,334,71.93820182248626,0.07296335127041893
591.5583246205462,33584.41919191402,42.46338772391187,443,17,40,32.86435136780812,0.01761354596291503
959.2471601836819,14625.032260826789,2.8263564211226027,443,96,169,9.889145981275071,0.06558492030356407
1036.540528621192,52972.701745118015,2.6075091077088213,443,1,375,518.270264310596,0.019567077521002545
81.71176915798756,33583.4285665526,13.623383613791155,443,72,298,1.1193393035340762,0.0024330254420158854
10325.866544956329,344153.0879711425,6.470621862742728,53,65,486,156.45252340842922,0.030003614386304073
1166.7629084987084,2218.4882980786406,16.820323242866113,80,66,393,17.414371768637437,0.5256900473450336
2131.333663091944,18330.947218886013,12.016344551126501,80,37,18,56.087727976103785,0.11626335367670014
4570.256713125739,5637.783285408233,11.41714344630856,443,24,15,182.81026852502956,0.8105040541196938
237.04649744889892,54511.18468416746,2.3750619562487936,80,91,132,2.576592363574988,0.004348504812681756
2231.00592135027,1947.3839075065885,3.0408841058971485,22,84,290,26.247128486473766,1.1450545822898743
734.0215322331967,37029.45904859198,34.416170993427514,443,62,318,11.651135432272964,0.019822101888340122
3905.5588476362245,8560.615347801473,43.41057482921417,443,21,294,177.52540216528294,0.4561707912560132
45.112477421373086,7322.86702839677,5.3493169639135205,53,37,209,1.1871704584571865,0.006159652714400581
945.164087170585,2515.5649630165562,2.4085919786565446,443,35,327,26.254557976960697,0.37557706677980435
443.9753382129132,10964.149366613468,1.097925482076591,443,38,480,11.383983031100339,0.0404896753677358
2097.2755535211973,112055.63807287169,18.745058925470005,80,53,279,38.83843617631847,0.018716209852354445
2219.564492456212,21209.765146089238,25.130124188780385,443,15,382,138.72278077851325,0.1046433015107636
379.388656210527,56473.15247744991,9.330114734720874,80,42,276,8.822992004895978,0.006717916773731428
376.80929239208757,267523.5109744967,22.7684376349588,443,94,495,3.9664136041272378,0.001408503807817479
928.9007958544868,32716.452903122183,24.962591474500687,443,4,440,185.78015917089735,0.028391598777722793
285.7269570068084,9526.194909152156,54.77295580556632,443,39,309,7.14317392517021,0.02999066983843577
3877.6149623185647,44394.831002219595,1.3414722424904517,443,79,386,48.47018702898206,0.08734187140510336
630.2957787751311,9735.709344443298,4.271086585115933,80,23,277,26.262324115630463,0.06473396262309489
14.00644626325901,10335.770016552022,1.4197397596902728,22,15,76,0.8754028914536881,0.0013550118887070935
625.0095409046284,2253.3218868856493,40.498147957539096,80,90,298,6.868236713237674,0.2772494666979792
230.94608124071988,88378.69710650506,31.46088151821907,53,12,313,17.765083172363067,0.00261311238668775
94.92492127784884,12344.873276096736,17.09648555451734,443,82,378,1.143673750335528,0.007688797637477472
171.37601193528778,28944.844050858464,1.7474305105505867,443,70,433,2.413746646975884,0.005920574008281689
1292.2145200489067,4656.675716940394,6.385170960913512,443,82,347,15.568849639143455,0.27743763168161406
8046.24854367331,42358.37530733707,7.0684575545317765,8080,54,498,146.29542806678745,0.18995201145659057
1754.214944584966,7024.000052556535,16.45342124060315,80,88,112,19.710280276235572,0.2497103105282644
441.5295362926368,17808.60270293882,5.969303878965561,443,38,266,11.321270161349661,0.024791655583635146
2172.9832951258945,82185.90109920148,1.5151683520756016,8080,28,72,74.93045845261705,0.026439533138049014
550.7960165280152,72123.77132779719,26.243213066477477,53,79,317,6.88495020660019,0.007636710749829943
386.87414996553736,21310.4936759896,7.107236462199308,443,19,21,19.343707498276867,0.018153309939106032
194.11601536169042,1552.7820172595061,12.043260600770447,8080,69,188,2.7730859337384346,0.12493130516728716
79.22221800715207,1961491.7822329686,2.7316725759741827,53,64,121,1.2188033539561856,4.0388737967705025e-05
611.0106809777805,302183.11552687467,32.44522597407731,80,4,342,122.2021361955561,0.002021981466207943
1390.0294804827108,65121.64343177772,16.67265403160671,443,81,141,16.95157903027696,0.021344795100937532
948.6733120961263,7116.663803097655,46.37136820977676,443,10,304,86.24302837237512,0.13328436666020352
587.6018590396222,18575.74093179679,13.682621484136146,443,12,424,45.20014300304786,0.03163105203420565
265.4378983904892,9748.506330021997,56.749175280321225,53,69,447,3.791969977006988,0.0272257783528092
2730.8529834500605,146647.04272096505,44.488089321051476,443,7,204,341.35662293125756,0.018621816785145903
152.06409659413268,32655.03506956194,17.182139588790672,80,44,209,3.3792021465362816,0.004656538868549559
3512.3544349116232,6793.72188474021,54.32974530982559,53,23,496,146.34810145465096,0.5169239439806615
243.87955383909218,10871.14544526501,7.804302074483223,80,2,9,81.29318461303073,0.022431594119751732
354.72652623493457,118395.052454235,9.102841432541327,8080,94,185,3.733963434051943,0.0029961009584508836
121.48881659716633,242837.25616302597,0.9308907270274278,8080,37,435,3.1970741209780615,0.0005002869750292004
516.924474486409,218053.85340458967,17.793020164847462,22,69,369,7.384635349805843,0.002370616688486553
4736.097141817448,68565.72803711501,25.597214264373154,53,20,376,225.52843532464036,0.06907281822247387
2376.6379280105084,15079.065901861743,29.701901255582463,80,90,296,26.116900307807786,0.15760129587478097
4758.240176480058,170.3285573338054,3.246056375759376,443,44,332,105.73867058844573,27.772603998581584
2399.9755262804642,34397.52990555586,11.74546253895619,80,70,201,33.8024722011333,0.06976971204495672
209.45213845591485,21966.126950350008,3.892657713371629,80,93,64,2.2282142388927113,0.009534798926109797
667.6847717026195,27172.837839007003,21.701724525071263,443,74,350,8.902463622701594,0.024570867599135505
340.25703126820616,23881.180967874316,3.4382315211497665,80,51,326,6.5434044474655035,0.0142473181878117
8069.625518681161,3012.7445624995967,46.90227167921144,8080,80,320,99.62500640347113,2.677607657627169
182.147542249502,50823.43445046739,5.2437863826231235,22,98,25,1.8398741641363838,0.0035838577294356284
4190.379300858871,56858.69711594809,6.889345696351716,443,31,412,130.94935315183972,0.0736968276899869
4185.706580714226,61298.34805868497,38.063609203925694,443,41,394,99.65968049319586,0.06828305215753742
17058.95052715685,91113.88671270017,12.267047985425183,443,58,489,289.1347546975737,0.1872246253342382
593.163519791564,54506.62142904465,0.4857707736860831,53,5,156,98.86058663192733,0.010882212509744443
3192.2562666018425,11907.882832476878,13.647557612086471,443,33,221,93.88989019417184,0.2680567364300702
33606.599985720764,19806.089662848644,1.7666450238571665,80,43,292,763.7863633118355,1.696695504375653
434.2139932562955,25252.673262459684,84.45909018647177,443,19,139,21.710699662814775,0.01719409246898617
109.66602693945967,25888.371593885553,17.740055367656375,443,32,21,3.3232129375593837,0.00423594781131575
65.36486940900045,98452.20529390142,5.928607688039959,8080,87,486,0.7427826069204596,0.0006639181448067024
3194.1236565610607,57843.89118391482,16.589314424258827,80,3,154,798.5309141402652,0.05521876852366289
65.05770777274317,496835.94465782866,1.599641430176938,80,1,402,32.528853886371586,0.00013094378039368303
627.3605533625638,603018.689742599,32.17789162818447,53,41,68,14.937156032441996,0.001040364956624144
2113.223488915472,24821.72046195438,51.893016222369255,53,92,492,22.72283321414486,0.08513263049287428
1447.7462346083437,69.75692349210607,41.500129933930545,53,48,41,29.54584152261926,20.460842037173368
2075.9357529264003,140821.5407366339,8.36364059859256,443,39,15,51.898393823160006,0.01474150190777208
1530.6301367782353,9793.12111860091,7.883623821985131,443,5,279,255.10502279637254,0.15628049911199035
7467.374322135176,6619.49337968102,0.7143594117977464,443,77,169,95.73556823250226,1.1279181012480612
262.83472928609143,12116.604789702667,21.076623497448214,80,11,134,21.902894107174287,0.02169032031061484
397.22675634922433,11271.53082628607,15.310262583461455,443,22,491,17.270728536922796,0.035238471508362915
344.12701954856647,55182.69656829082,12.299528958556241,80,87,199,3.9105343130518917,0.0062360269599319625
3809.631399086186,2123.553898421013,47.6392669851396,443,64,238,58.60971383209517,1.7931441522465197
4232.710650779154,4373.937365100381,3.6755459433882995,22,12,444,325.59312698301187,0.9674905713037646
2157.786008569196,36854.677802937076,0.19426576614113153,443,53,112,39.959000158688816,0.0585469088401147
6472.000269212969,56073.35625452662,1.5228628799125872,22,55,463,115.57143337880302,0.11541818224066576
187.34253869047475,57659.6249927818,5.0558616774872505,80,53,52,3.469306272045829,0.0032490549437146593
13370.902468431392,6764.513214846777,0.6770424220193698,443,21,137,607.7682940196087,1.976332325992539
10773.642625106082,5077.638275643371,13.97701673625306,443,19,255,538.6821312553041,2.121364436757658
3305.7974062219614,10301.530437223673,7.540190377829643,53,69,115,47.2256772317423,0.32087237464282686
15878.136247662731,31565.155856529327,3.9808029300416843,443,88,158,178.40602525463743,0.5030113999256075
91.38352298148892,204478.07866127414,27.732614349519935,53,94,300,0.9619318208577782,0.0004469089140061538
499.3602582109099,1021.3128855780924,4.57446493386731,80,72,446,6.8405514823412314,0.48846127761417596
363.9603048124717,15818.048300069217,23.26974379110288,22,66,427,5.432243355410026,0.02300772447928357
3236.4068149021964,2983.8877354932797,8.593052820270046,80,59,412,53.94011358170327,1.0842641672643514
226.96342714370533,1847.5874463642888,14.341739718780413,53,49,478,4.539268542874106,0.12277667880417877
3416.058650141459,93942.19901423794,54.32176031456996,443,98,264,34.50564293072181,0.036363022400628754
8568.125126850287,49858.130517967606,0.7613415810701671,53,59,355,142.8020854475048,0.17184666154101133
3111.326215495511,43223.96102912909,13.873526709852989,443,23,307,129.63859231231297,0.07197985010093598
1678.4508526821671,87687.86151453253,38.540997004249256,80,3,99,419.6127131705418,0.019140981234019104
249.1836036119389,10725.953613453115,17.733388552608734,22,56,121,4.371642168630507,0.023229671031617723
307.8841422902856,11510.83132577168,6.483339630476222,80,58,90,5.218375293055688,0.026745018544618658
7146.859853885811,584549.0212588817,10.139365961264694,80,88,30,80.30179611107653,0.01222625882126289
3529.8953579862305,15216.618296850096,22.805294353609106,53,62,483,56.03008504740048,0.2319610920137802
1034.2902492343512,66349.94226363409,44.29366287782738,80,18,230,54.436328907071115,0.015588177257902024
585.8921225105242,22238.322346188623,0.8386683581705988,80,61,139,9.449872943718132,0.026344872986246118
52.52494451271757,1376.9307471151876,1.484534209387918,443,37,254,1.3822353819136202,0.038118711424854186
220.0206426050032,1025.62400766085,7.862378445929004,53,54,404,4.000375320090967,0.21431472570597435
19285.882503088596,9242.093147444484,5.299625512493148,80,95,494,200.89460940717288,2.086518246158833
160.66422746213465,107382.43256343495,6.1558150367919335,443,78,31,2.033724398254869,0.0014961733260596317
1457.1237419066144,71857.29985995778,5.001817792573768,53,65,162,22.077632453130523,0.020277737502088885
4969.954478498028,86778.63643515913,4.358768650967953,53,14,396,331.3302985665352,0.0572709760337787
166.93691690942873,5011.200226702173,2.799590558897351,22,5,432,27.822819484904787,0.03330611495129087
1446.7366490441525,248651.78308563502,54.348116110761076,53,95,156,15.070173427543255,0.005818300648361946
4477.738085442293,5180.516546691672,3.1141252735572253,443,95,323,46.64310505669055,0.864175197568609
1117.3878716227753,30310.10996345804,4.573269531310626,443,94,117,11.761977596029213,0.03686397076747955
81032.41862321262,21687.071208730555,5.654307843220728,80,62,191,1286.228867035121,3.7362667174660023
89.75655955690758,16969.77788621202,54.06569342510277,53,1,176,44.87827977845379,0.005288888945381264
5367.367236920648,164043.71192884987,28.188323117106414,8080,63,426,83.86511307688512,0.032718928722607066
846.2352497192519,7649.030752324715,31.1843497472753,53,67,436,12.444636025283117,0.11061854221463036
3490.7791144868893,2909.0798762350746,2.213229922074119,80,20,5,166.22757688032806,1.1995475254799866
2125.9216979854637,22697.117869552967,36.195602405666406,443,43,333,48.31640222694236,0.09366070394925362
365.1344727897238,12091.522891388837,10.491496980315645,443,85,12,4.2457496836014395,0.03019506153258874
1546.105687463712,3492311.4398140376,6.098545767256357,443,94,59,16.274796710144336,0.00044271688576238635
67.56890033006991,60764.51208058426,17.148651434672175,53,42,321,1.5713697751179048,0.0011119613415001477
2710.4535211692364,11920.19306447195,34.53999635521451,443,94,308,28.53108969651828,0.2273642836342485
1715.1189211694714,4518.035914589585,30.160396756627424,80,69,299,24.50169887384959,0.3795320403699949
2858.322670622617,1312.3403961613044,44.14504055651042,22,74,250,38.110968941634894,2.1763761161821127
5362.456694740114,4732.322479258411,52.65853528416393,443,88,339,60.252322412810265,1.1329159841186802
1903.462281554256,26171.14266248195,5.4393786970551545,80,39,93,47.5865570388564,0.07272856128370757
1369.4084396525193,187398.56238622146,11.028018744056903,443,62,319,21.736641899246337,0.007307426027122916
292.48035294819397,118484.0597441232,0.2947318268539494,22,48,111,5.9689867948611015,0.0024684998562673286
376.7827850886262,31058.948660613256,42.29253228163909,53,6,306,53.82611215551803,0.012130824464833063
6503.540047129771,13565.003748732226,3.358249003017812,443,74,368,86.71386729506361,0.479399841514679
9456.930222193889,32965.55589581699,39.534062190955474,80,42,295,219.92860981846252,0.28686436800011145
767.2666127014572,10117.713754914363,7.991270793018574,80,58,426,13.004518859346733,0.07582649645848696
1174.9773160234065,289973.8407680233,9.18154567461771,80,43,473,26.704029909622875,0.004051997452300959
282.3305189147007,16584.349494430342,0.7983700242793458,443,10,336,25.666410810427337,0.017022886313581294
6368.60206157952,19350.880719270303,7.916597223873151,443,89,17,70.76224512866133,0.32909473523355093
2975.3746283205132,793.3514885551948,43.850177180914834,443,78,220,37.662969978740676,3.7456650754595673
20167.469302758887,16429.729222433318,0.5175880539376729,53,39,487,504.18673256897216,1.2274238732644742
293.6872378450678,77244.130164499,10.42854826134925,80,13,299,20.97765984607627,0.003802016220564842
622.029893250544,4440.028766923841,0.6380633365024098,80,75,305,8.18460385855979,0.14006436929283936
1551.7969853653087,7143.224030177913,9.27004578012762,443,39,5,38.79492463413272,0.21721001172560714
2892.088853177446,72335.22724342183,3.7903228964480826,80,11,129,241.0074044314538,0.03998119563859959
793.535711249105,2404.3002039817493,5.812886264984154,80,16,323,46.67857124994735,0.3299112975317929
296.058883214671,107656.56776756055,42.008952356547205,443,33,112,8.707614212196207,0.0027500053117852407
4113.83636138601,9914.80292930118,11.455766037971376,53,60,24,67.43994035059033,0.41487677707164095
3234.7374479726204,12297.4557363807,6.3985410820730095,53,96,29,33.34780874198578,0.2630198064951989
277.4356041540117,4081.3471319953633,17.7997141520544,53,59,399,4.623926735900195,0.06795982683089645
8376.322055918865,38834.697468298364,3.0655169814928107,443,74,132,111.6842940789182,0.21568614965024044
6344.211261764063,881877.0952976771,6.005665568637654,53,51,44,122.00406272623198,0.007193977598029103
1341.367300025777,71128.67638710601,15.804088286020326,80,15,321,83.83545625161106,0.018858054305290396
1235.7048235074105,6024.393606617941,5.423659795486149,8080,80,497,15.25561510502976,0.20508283843070174
2517.6637235878643,120986.09229199399,22.73424341755719,80,43,376,57.21963008154237,0.020809358055416827
301.10089099473646,13697.665298127118,13.525459178775376,80,27,207,10.753603249812016,0.021980308624366708
1147.1630021355738,173117.7836455753,29.56723427394469,80,56,382,20.125666704132875,0.006626450220931262
43.44191172615107,73866.49367552265,59.22450525013783,8080,60,216,0.7121624873139519,0.0005881059389530411
4083.3927093093853,266.4769242808012,2.461550545804093,8080,96,244,42.096832054735934,15.266336414959593
105.3997396865581,4884.784996784064,8.149292415574967,53,70,31,1.4845033758670156,0.02157273391193731
10458.07558960351,90814.82609575686,7.699991155363129,443,47,404,217.87657478340645,0.11515697251464123
668.3552603581614,27652.900672173226,3.278231371562251,443,8,266,74.26169559535127,0.0241685709470525
798.3120228489523,4742.71994626344,33.24655881145219,8080,63,11,12.47362535701488,0.16828818562060588
427.6902167482832,8515.265107262985,28.532221669465084,443,89,82,4.752113519425369,0.050220397247090535
711.9030163317148,1262.2423610462997,13.249468190287562,22,7,482,88.98787704146434,0.5635522036658668
9207.715176290854,19291.8897951804,15.433887179667307,443,81,156,112.28920946696164,0.4772595123925424
26.266306999705996,606848.583910587,1.227811234023268,443,94,166,0.27648744210216836,4.328306007963921e-05
7446.117831645695,73673.62070585304,16.216435296664905,53,2,208,2482.039277215232,0.10106760998980131
1820.8072426479828,588672.6300695733,31.341128996216355,80,17,24,101.15595792488793,0.003093067447972466
179.37301642845725,82751.35226567741,17.05822515518632,22,4,295,35.87460328569145,0.0021675881291274724
218.55362558155346,102869.76143486718,6.166033935258428,443,26,375,8.094578725242721,0.0021245456195046358
13556.06788977517,425541.61790182674,22.025212187575033,22,78,179,171.5957960731034,0.03185595829770115
265.53314693071644,38789.11282773756,8.972309660482942,443,72,332,3.6374403689139236,0.006845382175347586
194.41095320885825,16633.25057718658,15.743588054574257,53,69,50,2.7772993315551178,0.011687388758919356
6038.8677427537605,103671.8887411113,13.371642284169372,443,5,490,1006.4779571256267,0.05824924737878032
1822.2537067637643,195001.07603967268,9.598655237666367,443,5,7,303.70895112729403,0.009344791315929536
268.57001278119367,10722.000552656966,25.379329408552657,443,91,100,2.919239269360801,0.02504616235561481
1517.6789847674843,7462.504617715083,43.061953153209124,8080,69,81,21.681128353821205,0.20334669334365796
235.4199579905405,27126.97905261433,0.10452302090679041,443,3,241,58.854989497635124,0.00867812370150931
5717.186527999779,76668.6601148699,54.24614074082776,80,38,324,146.5945263589687,0.0745690866430611
5388.683833283299,72921.33767131445,14.328935855931713,22,94,181,56.72298771877156,0.07389620252674718
2435.7482996704134,2601.253178757424,24.128307724252288,80,1,293,1217.8741498352067,0.9360151116554629
1886.52462363811,387475.9652129468,38.70676385736368,443,8,481,209.6138470709011,0.004868740062009434
15394.75563621858,8419.052792069593,12.588568368444887,80,13,83,1099.6254025870414,1.8283443128430377
1096.1173041145585,14800.29666771421,36.03305372606962,53,84,54,12.895497695465394,0.07405549180738323
186.26843120786174,5687.456756731574,3.911049682074773,80,70,90,2.623499031096644,0.03274498500624733
2152.124707637764,1261097.9065273947,3.467256950200195,80,50,439,42.19852367917184,0.0017065471205299262
25061.061209610365,31669.394028827144,21.428000603862316,22,8,203,2784.562356623374,0.7913087910052269
239.33416617675408,6145.880991773498,40.82642953446574,53,30,31,7.72045697344368,0.03893587113481782
637.6603979156465,80489.76600431064,44.59155893008262,80,40,193,15.55269263208894,0.007922155913903179
2048.1025479605323,69821.94718867821,20.641915285109654,53,79,488,25.601281849506655,0.029332800038160408
1011.452531301117,16620.7877438565,14.909419281089342,22,74,100,13.48603375068156,0.0608510075382809
251.27416388966427,77723.277186029,8.051179331518568,80,33,349,7.390416584990126,0.003232891613623536
5900.467029749684,6387.268931523696,78.24087571221243,53,73,89,79.73604094256329,0.9236409883486756
35598.58194445679,10515.678233477061,7.70430122621128,443,52,443,671.671357442581,3.384964449243881
1471.734900845963,1079.9553947963993,27.26610160510169,443,33,123,43.28632061311656,1.3615130725381763
282.561878459587,3023.206716455529,15.184961894575453,443,73,374,3.8184037629673915,0.09343338764578861
107.399895859106,331520.9249065606,18.75602580588676,443,78,47,1.3594923526469114,0.00032396016006898073
1614.7960967957183,258368.70725000234,10.000369656658883,80,96,433,16.647382441192974,0.006249943594328641
5743.453795962149,24310.97012603085,66.94732771846479,53,37,146,151.14352094637235,0.23623975211340967
2236.6883142277584,266838.0424586148,16.957802599516953,80,70,3,31.50265231306702,0.008382162870992372
1092.6860813252408,17324.695880129275,55.544028635728836,443,69,18,15.609801161789155,0.06306737050477927
453.0907888619486,15288.933517266203,0.1524075527827098,80,4,314,90.61815777238972,0.029633273967495967
213.09851082368186,23974.977773907343,17.0040019049091,53,60,327,3.4934182102242928,0.008888000849566745
3835.775805716352,18262.729213266826,25.259379744254534,443,80,476,47.355256860695704,0.21002150004118728
4318.4742331335565,15949.86293341442,27.336123599425996,443,74,81,57.579656441780756,0.2707360881452418
107.92163047462668,122405.8155658221,47.07270134639622,443,31,153,3.372550952332084,0.000881663573844005
11905.532264805739,27589.856910987866,0.08822649209393892,53,95,402,124.01596109172645,0.43150280918112566
2594.3903393749615,64133.53330811718,0.006604275480881378,443,14,308,172.95935595833078,0.04045231493165949
8949.849251495183,103473.4966535915,12.783161971720613,53,77,488,114.74165707045107,0.08649328618101128
146.46820545207453,39429.86067869531,0.5946266655939965,80,60,299,2.401118122165156,0.003714557656896696
141.35348894796746,5138.8932339923595,73.40708513189257,80,68,67,2.048601289100978,0.02750125002852882
877.0342413591546,2894.8864503300406,5.022250604338203,443,26,89,32.48274967996869,0.30285519007805023
2331.2890649685437,27533.836684988266,12.798374911171155,22,24,135,93.25156259874174,0.08466689276713744
16228.775880267638,17036.536842111676,1.261727626989348,80,56,367,284.71536632048486,0.9525306404711611
3162.5007516849773,25111.649560929203,14.764916813639495,80,9,202,316.25007516849774,0.12593258007332145
762.0240255493715,21502.38076254932,9.559300751110216,80,35,428,21.167334043038096,0.03543740558584752
235.2023455382128,1061677.2111175784,0.913760222931715,443,79,428,2.94002931922766,0.0002215382618530208
6939.610021667859,2994.883514700694,8.163102460010078,443,24,179,277.58440086671436,2.3163817910861484
257.9954273652178,1113.2963690154354,9.933064573035113,53,31,339,8.062357105163056,0.23153214399610414
12615.769173664583,36263.43637691617,91.94699942452318,80,83,79,150.18772825791171,0.34788267608910217
715.8159104483207,12523.550217025617,4.660995928747589,80,66,85,10.683819558930159,0.05715302330579945
11918.810065622189,35387.070935348405,15.739472309451074,443,66,21,177.89268754659983,0.33680304550640927
3036.3060338201544,52882.329885980675,87.34756763981261,443,41,378,72.29300080524177,0.057415182447220985
892.9287280134397,151169.50604158398,31.406190988219905,443,36,165,24.1332088652281,0.005906765488817064
503.15860689787473,2296.54539228276,100.31547209894649,80,34,28,14.375960197082135,0.21899833125732243
657.6271859030393,9555.98704941709,69.02770868435562,22,39,237,16.440679647575983,0.06881114126267963
2084.89763804074,41904.22299581571,13.44884203913113,443,83,288,24.820209976675475,0.049752691645356936
1231.1878872700902,69961.15185878746,23.839293814867823,53,23,185,51.29949530292043,0.0175979133654313
450.0158875901146,591356.4976436207,2.3406367137307917,443,80,425,5.55575169864339,0.0007609878785392772
855.38604745407,92369.8547098768,11.637441514089762,80,44,310,19.008578832312665,0.009260345702556409
1233.8140997041353,20227.879521798324,33.111578711568434,53,70,155,17.377663376114583,0.06099270591703295
45.0106378445125,5792.657061593167,14.077503241577157,53,58,123,0.7628921668561441,0.007768951003830259
2180.3750280063705,9448.064842264803,24.26020591523645,443,59,87,36.339583800106176,0.2307503508975568
252.24937030685882,9053.853666527177,27.388849501541767,443,26,202,9.3425692706244,0.02785791792962287
194.41623369305745,58856.08128952318,5.846366498750263,80,22,40,8.452879725785106,0.0033031918918423227
87.26796821736289,32386.474741605787,41.7010447153669,443,88,169,0.9805389687344145,0.002694497453525026
74.37807839530097,3024.574331599329,12.31714723654852,443,40,70,1.8140994730561213,0.024583127116888405
143.57086489584532,11454.612844458905,4.719133387145366,53,85,280,1.6694286615795968,0.0125327965291085
378.5955797871487,82151.57784652006,40.111317224357876,80,94,402,3.9852166293384075,0.004608444308277854
20535.05503180366,37327.796122481785,10.819470999787953,80,11,330,1711.2545859836382,0.5501129734916936
498.289127646052,51687.276310066634,27.75089792463931,80,9,440,49.8289127646052,0.009640273640717381
1431.7104958823772,39119.74341030244,15.88292540917407,80,12,399,110.13157660633671,0.036597221092310235
1999.6392729697318,252621.1215305336,9.621186447954619,443,26,493,74.06071381369377,0.007915535111710484
1334.881468595749,31384.34861061161,33.201619422105956,80,38,491,34.22772996399357,0.042531994312289274
976.3633567785556,12344.498820637795,17.564006012506887,53,3,354,244.0908391946389,0.07908658620957323
182.55643436187515,5576.783404178773,9.904364520529715,80,97,328,1.8628207587946444,0.032729208205737645
9666.20753138112,32029.549812268735,2.32164174433504,53,15,498,604.13797071132,0.3017808806915531
16494.709390254447,566.1980778446135,45.160900624412925,443,47,419,343.63977896363434,29.08103894310666
87.88348989829923,16706.72308365557,0.7222782602792939,8080,5,27,14.647248316383205,0.005260051860942787
236.0295746931214,16175.292620510032,39.782855907606,8080,54,345,4.291446812602207,0.014591079688670931
720.7443420741496,2844.92993708655,8.924539741306532,53,24,131,28.829773682965982,0.25325442228278944
258.06030750732117,5473.104266416118,20.39632328552063,53,11,277,21.5050256256101,0.04714201537784603
2342.4398361694593,74197.54150289326,51.07220596268472,443,33,377,68.89528929910175,0.03156989057632783
367.81926742071454,31134.36971896354,3.2905746148341066,53,87,295,4.17976440250812,0.011813550657684588
28214.296645684408,25659.842509445683,16.738063651037187,8080,74,288,376.1906219424588,1.0995078059225376
6540.8531794457085,34874.852889691334,28.91518641355832,80,57,254,112.77333068009843,0.18754675907521864
1508.484895991894,25309.65903570115,28.341986606150904,443,52,434,28.461979169658377,0.05959879961498231
5117.797219951263,142101.0700457728,14.915434143386308,80,64,85,78.73534184540405,0.03601493784223382
5760.909476986627,26506.4604427694,19.602694413447605,443,43,9,130.92976084060516,0.21733162591809374
470.63308039870066,2471.746659418863,28.337297816248324,443,92,50,5.060570756975276,0.1903280623617574
322.36167618955994,254026.77334392705,36.78049828488848,443,81,1,3.931239953531219,0.0012690016998775796
1233.0112096116811,38388.39199168711,28.69399212517573,443,44,4,27.4002491024818,0.032118539670507915
3993.6232748159955,9100.816409472382,8.73926854424319,8080,90,4,43.88597005292303,0.4387721192288364
1350.9868413510053,3360.675997849574,114.43730610634184,443,89,497,15.010964903900058,0.4018789562751486
102.97696029105867,39889.61652082878,11.400994937333389,53,36,90,2.783161088947532,0.0025814832978901074
328.9031511661082,18476.260901215268,0.49537871661645355,443,12,162,25.30024239739294,0.01780042793812994
981.4594559478414,233566.0485001578,9.00768944493186,443,56,155,17.218586946453357,0.004202045888965276
978.9705824521347,13110.11146486664,2.7343396147943606,443,3,15,244.7426456130337,0.07466724579952248
21137.695987340965,6272.490824817782,2.589481054930893,80,50,365,414.464627202764,3.36936748256979
137.14216470962475,84431.37281681676,6.6127668613654595,443,29,32,4.571405490320825,0.0016242841475883473
2341.1179782831996,88249.45852434497,1.0970554717899403,443,88,425,26.30469638520449,0.026528111212446262
10236.035469979222,28366.865958005677,23.327901392814837,443,83,455,121.85756511880027,0.3608320585387748
33096.228693916695,60750.80253160711,1.537380806127839,443,77,445,424.3106242809833,0.544777723701249
597.8882509841497,20815.835931731363,4.545279457976797,443,16,63,35.169897116714694,0.028721379797819382
2291.9177215319305,31281.98499339266,1.9500453323105247,443,40,445,55.90043223248611,0.07326403544981436
2577.6683675587365,126435.34172217653,1.3050204240407024,443,27,364,92.05958455566916,0.020387084381346204
1470.3012596746603,56273.415051425676,6.232711356545927,80,70,108,20.708468446121977,0.026127348606485624
945.5173123037047,17087.258409556973,16.96792108778169,80,42,14,21.988774704737317,0.05533140298106119
2108.9871430928497,167467.3722757584,66.86926465833082,80,57,23,36.361847294704305,0.012593345922178839
24.57257226074756,634.4236448408086,41.67809443326496,80,10,111,2.2338702055225053,0.038671164443217526
3050.632530332306,478355.74311729515,41.73881991968627,80,38,321,78.2213469315976,0.006377316875376998
1325.1313366299764,1704.5584075441768,3.873322135934965,80,8,160,147.23681518110848,0.7769486701648787
785.4742337736608,8598.652318766293,6.1551704078089315,80,18,41,41.340749145982144,0.09133790584295912
23630.494425076293,20715.214250053392,1.5893793097995892,443,96,282,243.6133445884154,1.1406762905541676
398.4567545698631,17681.585219483597,30.143795295820226,80,17,304,22.136486364992393,0.022533851788302008
599.0745311903411,99669.65634623966,1.447463741120878,443,58,457,10.153805613395612,0.006010540646077954
21749.14995679972,4506.3602740245815,16.269975429575982,22,66,144,324.6141784596973,4.825252173015249
314.790721778816,32570.108391652404,5.6970701276901545,53,44,415,6.995349372862578,0.009664722428036659
480.49992657232355,9252.80337973771,5.579617664107178,443,84,450,5.652940312615571,0.05192458785372883
879.5952556026706,34293.512283367876,93.60877254242973,22,74,288,11.727936741368941,0.025648280061100502
3870.3558132058006,19987.085326856577,28.275762036421703,443,9,394,387.03558132058004,0.19363314444157775
1497.7267851536703,25321.35725842015,36.27266224678025,80,48,153,30.56585275823817,0.05914642029053786
157.75796308186023,9653.856495158301,16.9718325882981,8080,39,82,3.9439490770465055,0.01633975224395851
493.61070270565466,10248.678760627674,40.96107271489111,53,89,365,5.484563363396163,0.0481586510400475
440.9662536493039,33891.135552277134,20.740404910839164,443,89,226,4.899625040547821,0.01301087247716016
976.6891486419913,90723.64154417285,58.43986345571306,443,88,477,10.974035377999902,0.01076542306498342
2077.1779318916233,8978.436156100213,6.607298892339038,443,6,429,296.73970455594616,0.23132609840769175
2053.515812904863,5984.024914354014,18.09315050469037,80,30,152,66.24244557757623,0.34310898321907934
76.39997499848012,55281.31513050317,23.432135486253326,80,74,259,1.0186663333130683,0.0013819966623706908
5409.497485738857,20978.30653050813,9.982464132929195,443,95,318,56.348932143113096,0.2578492038272266
1601.7519356772889,76553.65916926987,42.35666024702887,22,18,79,84.30273345669941,0.02092298434946537
8749.904555863546,5660.70759372942,78.04458552301877,80,43,195,198.86146717871696,1.5454532773035532
2135.161337954155,1526.6660917618665,13.615263255589028,53,33,439,62.79886288100456,1.397662322590181
5721.489408631467,9902.018232956856,9.906942549906862,80,53,223,105.95350756724939,0.5777520826519914
2207.9460366497156,6977.6752818300065,12.770828852665932,443,56,266,38.735895379819574,0.31638469300877536
8261.311526049238,19571.259164314662,38.31066896988045,443,19,230,413.06557630246186,0.42209289467777766
2400.3646781609914,8473.781775344574,20.739157386530074,443,87,439,27.276871342738538,0.2832361636902911
946.8371651818101,66938.2229164914,0.9161122703773608,80,69,150,13.526245216883002,0.014144728963510923
33145.16327250078,14296.565411218231,15.625142944105692,443,26,398,1227.5986397222512,2.3182382677888818
4161.18714284022,27603.883495365437,0.34903037031068235,443,29,457,138.706238094674,0.1507409782598372
2593.118881320002,27901.94943697231,30.149847815029446,80,24,466,103.72475525280008,0.09293350465252377
161.6677616262795,29508.47055644041,7.95923478467314,80,6,136,23.09539451803993,0.005478504309898427
158.7830132772689,21243.50189299707,12.773463321060813,443,54,123,2.8869638777685256,0.007474075602102459
1701.17288280454,47377.420603644176,32.057003775032314,443,39,358,42.5293220701135,0.0359060699181199
1364.1431705649075,6677.622561810586,0.9512435320986075,80,4,399,272.8286341129815,0.20425516757980794
436.5121249196321,179714.882868759,3.452372511225685,443,58,110,7.39851059185817,0.002428901207571083
1354.887967952998,15447.368202678581,10.148640319614692,22,48,143,27.65077485618363,0.08770427725292533
11883.906776124371,3079.973565041265,5.225351573129968,80,60,436,194.81814387089133,3.8571920612909265
3112.2577668273602,29205.43308454308,8.246816609342645,443,26,70,115.26880617879112,0.1065606935916615
198.04360532679098,6143.987721236042,126.12063363386036,80,79,54,2.4755450665848873,0.032228478609059814
927.7263049598047,59754.62076384499,34.90680656843545,80,77,332,11.893926986664162,0.015525339593177208
327.8480630717018,605862.513599832,43.06638046263647,80,40,426,7.99629422126102,0.0005411252793945979
613.0522233578386,6769.224857423252,55.30976256564669,443,86,403,7.046577279975156,0.09055123519060876
589.6779270865042,36263.19158346634,8.338689015036199,53,77,40,7.559973424185951,0.016260611400347652
535.6771385298623,1582.469082880397,7.050157274271158,80,56,197,9.39784453561162,0.33829339917104223
166.8836631876137,43514.86331691947,5.33309391123768,443,39,27,4.172091579690343,0.0038350075229399714
905.5277996382463,5833.831690785789,35.45289584185046,443,81,330,11.043021946807881,0.15519347388687008
472.9967629112266,8627.8280011473,22.76069665035226,80,39,299,11.824919072780665,0.054815875672610044
13.542419780516768,4222.025487581603,5.388252462361961,443,48,180,0.2763759138880973,0.003206805125931669
23848.05726852689,66053.9320161779,9.463977105691924,53,25,46,917.2329718664188,0.36103371149766866
5614.762008509857,99803.30083083724,14.133232368956744,53,34,142,160.4217716717102,0.056257715967837574
623.6248044507531,22812.817362017726,15.021461378845554,53,21,320,28.34658202048878,0.027335399181770154
1128.0306172151768,6023.1155761710015,43.915503703562294,443,25,445,43.38579296981449,0.1872524859378887
189.14586294596785,239015.7083710699,9.578986714913654,53,89,98,2.1016206993996427,0.0007913499614107383
13954.876788302634,7146.548617939552,47.83357939228889,80,22,126,606.7337734044623,1.9524004010658207
18881.408546988016,860.0164784985787,11.645271079478174,53,23,58,786.7253561245006,21.92920695305738
1387.1972066585286,43808.516361255184,27.437786259641832,22,25,177,53.353738717635714,0.03166428944843033
5091.338116632033,4199.992378125226,53.25799590936701,80,78,207,64.44731793205105,1.2119370040143087
1426.4300999992108,97043.36216729936,47.62730781555503,443,78,285,18.056077215179883,0.01469874259712399
147.65992735943166,12435.287236303066,1.1727803187769272,443,26,154,5.468886198497469,0.011873312714134972
591.2653766899225,54478.96053112979,4.605989252100391,53,30,27,19.073076667416856,0.010852896568309262
1336.6101516237702,180277.12329925585,12.959860010857822,80,90,451,14.688023644217255,0.007414156122565358
554.5618940239407,3592.8883167635404,11.296989343817973,8080,38,323,14.219535744203608,0.15430693587143768
789.9898393905804,9424.748274289965,20.482623335227025,443,86,163,9.080342981500925,0.08381189656267261
956.1364793958209,19662.988494294234,57.902921031556914,80,34,250,27.31818512559488,0.04862373061666795
971.3455286113668,221090.407056304,2.3847879164381895,80,89,188,10.792728095681854,0.0043934114923064385
1186.0547425029683,8204.400396941868,12.024442298965965,53,77,445,15.205830032089338,0.1445456266759399
223.42871182111028,9029.429409307188,4.274041203087276,80,93,483,2.3769011895862797,0.024741759410779968
374.0822811559197,45125.86495068568,44.90663559275628,80,73,370,5.055165961566482,0.008289569451915486
159.67230183502897,9266.461879520857,66.80967784623627,443,15,454,9.979518864689311,0.017229345414181977
4753.912891398021,27688.953564316944,13.028656271039086,443,95,334,49.51992595206272,0.17168367149319524
46.59669366592878,2148.862408029412,2.196527181468174,443,44,90,1.035482081465084,0.021674267847047863
6188.113261748216,610171.2374182317,30.76977467607128,443,91,131,67.26210067117627,0.010141584428572886
8773.789550834877,2917.365186534462,23.889781711890357,53,95,417,91.39364115452997,3.0064056381009983
696.9607661138567,13593.82526531659,8.759894920563283,8080,10,298,63.360069646714244,0.051266621858830214
22.09374127655421,20979.025801351207,43.67959883516177,80,37,13,0.5814142441198475,0.0010530845617516482
637.8059969255404,388105.3884869648,74.45442548888424,53,7,29,79.72574961569255,0.0016433792790992983
995.9765947552515,3019.152158095406,16.32229586966584,22,32,265,30.18110893197732,0.32977695911299476
240.83274059220943,431730.22941525106,16.681680178706376,443,11,32,20.069395049350785,0.0005578302522113123
506.3217867155917,68580.61760930625,7.062582046405525,443,48,150,10.3330976880733,0.00738276238393779
10886.652736518008,41177.32363624085,17.56574383655613,80,92,86,117.06078211309686,0.26437824018014944
2973.1900415849777,5029.367297883568,11.583599715900215,443,68,58,43.08971074760837,0.5910483003568926
274.0070479309131,51881.2049076265,7.196197824473019,443,48,57,5.5919805700186345,0.005281330051773397
99.84322897622963,7441.07097983692,1.390971871521038,53,45,482,2.1705049777441223,0.013416054381467014
671.4731456551955,147265.42941060677,5.82598171152557,8080,95,394,6.994511933908286,0.004559580539452076
796.1716720329018,5132.801838088135,4.40930905441576,80,93,25,8.46991140460534,0.1550842235720968
2308.3742804310045,18587.82839843948,15.619555368032165,80,33,190,67.89336118914719,0.12418073000366128
491.2852572779828,9576.719383249516,18.409490523151643,80,4,447,98.25705145559655,0.05129459713939752
2361.9654354192185,5007.617621645211,18.759059683638785,53,47,76,49.20761323790038,0.4715803069517152
19984.875872449684,66968.63974983168,9.826375871121375,80,90,371,219.61402057637017,0.29841695351959713
3726.5998690960287,49177.334779052064,10.93699313609432,443,53,387,69.0111086869635,0.07577726829993044
1020.3155681853016,135065.5234217128,35.94409692525687,443,31,339,31.884861505790674,0.007554170658554756
833.2004866166384,1525.667560253276,12.934159879942515,443,31,225,26.03751520676995,0.5457641914382523
642.2581326963843,108690.10661997872,88.08271644851517,80,27,431,22.937790453442297,0.005909021930763282
6444.36489784439,944275.6060093907,11.582704218071157,53,89,183,71.60405442049321,0.006824658004690949
427.9600418556198,11187.343416946613,20.972510792002645,443,48,154,8.73387840521673,0.03825052788488803
1173.6033291220442,378027.76268581674,1.0335094322307556,22,36,269,31.719008895190385,0.00310453448246592
1184.1693683678848,14842.620607163399,21.188211768842855,443,49,391,23.683387367357696,0.07977631601527294
516.6283260170412,2811.2525030945803,38.13349566066931,80,31,418,16.144635188032538,0.18370623741948758
139.9523039055871,13926.535616616824,57.1047471394175,80,44,278,3.110051197901935,0.010048604990721487
1780.1657473262871,106117.89282380337,118.44333468602683,8080,59,340,29.669429122104784,0.016775200908682876
1000.7390361875575,6265.008828472149,6.630691019774103,53,23,363,41.69745984114823,0.15970916473023378
2322.4099664719406,8950.744672959298,17.1307446027812,80,99,23,23.224099664719407,0.25943657368683537
492.551754485711,53653.884421052644,11.982865636192116,53,68,432,7.138431224430594,0.009179998425128425
6844.713956828958,22127.803530859266,16.593890013941163,443,92,14,73.59907480461244,0.30931242835988865
294.37054420049805,52941.05631965938,3.4265156230213973,443,42,94,6.845826609313908,0.005560240093870082
14300.652234711453,31468.562517189337,38.77962435620553,80,42,343,332.5733077839873,0.454428059713259
79.72197229026251,45226.477482547096,48.06335047019288,53,13,367,5.694426592161608,0.0017626888946222251
2105.177565751984,11516.639956760393,11.944440638224478,80,1,52,1052.588782875992,0.18277855304170443
2237.5706471368576,31182.004016525345,6.582025504573873,80,76,339,29.059359053725423,0.07175609655667117
332.5081589826973,5480.439028682321,3.03584923079119,443,53,423,6.157558499679579,0.06066074205018179
2072.6658476337957,152154.30262395463,23.02538233613836,80,40,41,50.5528255520438,0.013622041505555026
7474.690589104465,8506.517597005051,7.4860694806191574,443,90,164,82.139457023126,0.8785983107147286
39.439653372610664,119763.13921787638,48.05663412015946,80,46,6,0.8391415611193759,0.0003293110411027258
2331.1505226590216,15515.418625842174,22.234708927945228,443,87,407,26.490346848397973,0.15023766623417556
26.051979909245368,29821.906388445463,20.751396975188655,22,22,138,1.132694778662842,0.0008735560367563271
257.62442176251244,10483.45074945727,16.392452938729157,443,52,99,4.860838146462499,0.0245720474938421
12628.981204339561,4798.251469041889,0.9371437993706099,443,28,341,435.48211049446763,2.6314481093154263
458.2097047295266,1608.1816641768469,53.74215144344688,443,53,224,8.485364902398642,0.2847470331846697
188.51546639943587,4523.375391258309,19.773868201186996,443,63,316,2.9455541624911854,0.04166662800873523
814.922817679823,13549.93081209172,102.5276020849219,53,17,30,45.273489871101276,0.06013777422231791
24388.31753913455,30267.165838396977,15.415965881013554,80,64,225,375.2048852174546,0.8057415064178257
70.27925263746243,100264.70020947803,24.76513630026471,53,6,326,10.039893233923205,0.0007009301534885106
226.56573703302828,11286.513657588526,1.1570225348993244,53,14,261,15.104382468868552,0.02007224477471259
10364.559495819733,5866.766173458358,19.979113737301077,53,17,247,575.808860878874,1.766355234586835
17792.87749205392,2529.8816981301075,28.933597215746477,80,38,79,456.2276280013826,7.030307858798711
939.0353862773264,45256.22129483075,30.14794456319831,80,69,185,13.414791232533235,0.020748851993363154
170.95851867206346,175394.28452166624,29.403230648095228,443,13,299,12.211322762290248,0.0009747041896724726
25432.044509169613,147192.33353163625,5.130972472373486,53,53,180,470.9637872068447,0.17277986644485843
11988.025884364584,63888.785374763094,74.09893903984502,443,9,473,1198.8025884364583,0.1876360331161785
3036.377529207185,57400.88359908154,106.70842822824554,80,44,77,67.47505620460412,0.05289682740055186
324.2116283846999,281091.54257859645,1.5721187682545004,80,26,262,12.007838088322218,0.0011533981848488454
1018.8766631398781,36247.37312447038,55.11743987160139,443,77,229,13.06252132230613,0.028108203908662033
862.1763899416919,58057.80981244143,6.834296540814151,53,19,2,43.108819497084596,0.014850052777984023
1801.323509809297,13613.595033280084,23.377524607872857,80,48,17,36.76170428182239,0.13230826957438446
9667.278942722478,2855.307847343237,8.253145821318764,80,81,344,117.89364564295705,3.384536772433122
4101.571868192573,7896.908630288456,68.6874260561646,443,80,12,50.6366897307725,0.5193237931954615
217.8781332137673,21725.92315971297,2.140657338572127,443,30,428,7.028326877863462,0.010028025211492746
8645.071554199632,24129.201313424586,13.773018754779688,53,32,182,261.97186527877676,0.35826769291767313
1754.0772427524196,396102.6929635622,11.173996868786304,53,78,334,22.203509401929363,0.00442832842488489
3073.581256549968,24882.39368393292,7.891199286797584,443,79,7,38.4197657068746,0.12351937583716982
9895.261537026172,129090.0066530033,20.742856432263622,80,76,246,128.509890091249,0.07665337650998912
206.9815431429994,11468.783413088238,2.8095260480891064,443,75,474,2.723441357144729,0.018045810952873925
1039.2573306953598,13800.859769636205,25.22232446912119,8080,69,416,14.846533295647996,0.07529835457259923
494.1396516877361,3000.3629514976046,78.84152611720636,22,11,157,41.17830430731134,0.16463841916925537
104.39803588941817,7233.714755788083,32.649905488550914,53,98,174,1.054525615044628,0.014430152316080637
1844.6871328562572,48555.9532419509,39.32465054345415,443,83,487,21.960561105431633,0.03799017462369396
47445.39868052862,22277.673567002737,8.914393497263983,53,26,329,1757.2369881677266,2.129633011491343
69.39975819198695,90617.98024994083,7.857492236404392,53,26,334,2.570361414518035,0.000765841306099141
1044.7982498607767,28908.210165239798,14.556774871426354,443,17,181,58.044347214487594,0.03614067087578317
2866.406411058798,12982.004426213298,0.9361016250256536,80,95,465,29.85840011519581,0.2207814398700649
1318.9843696352282,552630.7277401724,58.13909843704907,8080,83,497,15.702194876609859,0.0023867329786308746
925.47574223439,19132.517377031254,3.104679364490802,443,44,281,20.566127605208667,0.0483693470467366
156.20596967596305,126058.51142812602,46.66357467855698,80,84,309,1.8377172903054475,0.0012391446540313247
1554.9211476335229,12066.474579378166,1.7456585753191032,80,23,478,64.78838115139679,0.12885224140357357
352.4307096199289,63856.8551516661,34.58977471540293,443,25,237,13.555027293074188,0.00551898758238725
41.06340939199373,88612.08162276285,3.296609059705707,443,92,157,0.44154203647305085,0.0004634012116496059
6580.646888245243,30113.77405491487,0.7775530132215908,80,37,251,173.17491811171692,0.21851888631956218
4617.361558757453,644.3716242467003,25.42287888486502,53,76,221,59.96573452931757,7.154577897884796
1184.9921928989731,22637.85290083219,6.577452146783581,53,65,338,17.954427165135957,0.05234329663652762
1546.2872783749838,139481.89287505427,25.069995492311325,53,2,223,515.4290927916612,0.011085856096776786
5494.357959045993,48592.34317035856,16.19745178529564,80,74,211,73.25810612061323,0.11306812004648191
1535.3436100516938,42991.52631626333,2.303894045839156,443,98,337,15.508521313653473,0.03571187230909247
4255.750184900812,1663.3927137070602,53.80324496580186,80,32,134,128.96212681517613,2.556938725970559
701.8900014726196,7474.98501808573,12.04106936104499,443,89,332,7.798777794140218,0.09388595613482685
7847.698694504283,40824.45004557699,26.51883761969057,443,74,422,104.63598259339044,0.1922256505621669
1774.3307506056374,40764.82740475217,13.903808211293438,53,55,259,31.68447768938638,0.043524953706662636
1467.1513101716969,136216.4127485736,18.545086003121583,443,50,495,28.767672748464644,0.010770659055753208
163.1888904405467,17724.441952767247,7.212901786840087,80,65,35,2.4725589460688893,0.00920647794708837
1686.5390040536427,40486.99660305886,4.471880655401181,443,32,183,51.107242547080084,0.0416552841719569
314.84096041587077,22574.16439307562,15.642637122270147,443,37,303,8.2852884319966,0.013946341870823342
420.97603589903997,5011.977843158289,11.604191897698747,22,76,161,5.467221245442078,0.08397723849380025
322.7688903999501,747.1851431540977,9.889638696662873,22,82,93,3.8887818120475917,0.43140243207619
221.54984591328335,42045.78986176678,22.329448416394428,80,94,387,2.3321036411924565,0.00526912629101179
26559.880505104305,28593.10296396386,23.456372304658146,80,13,197,1897.1343217931646,0.9288586719638238
8078.880524615329,8714.446431157205,0.9401562479657233,80,54,315,146.88873681118778,0.9269611819004256
19546.494760821777,1941.5471131163977,8.272299391174586,53,3,206,4886.623690205444,10.062301515798834
175.15257840618457,56647.84763303116,10.612559728940937,80,85,484,2.0366578884440067,0.0030919001131464417
1220.3349202731752,14781.325739796896,2.0382661968593156,80,42,476,28.379881866818028,0.08255364830635523
157.54932158967534,50782.7537874123,5.381154852052753,443,78,489,1.9942952099958904,0.003102356754666034
386.2395157693759,360797.73723078484,1.0604599412798312,80,40,352,9.420475994375021,0.0010705123824264326
276.66559119697723,887.0077144595828,111.67789240449312,80,74,18,3.68887454929303,0.3115576438041964
7040.088426547535,7712.50862823163,26.67838047275163,443,66,234,105.07594666488859,0.9126959942432216
605.2584051827803,16089.731943568251,1.8302514401318382,80,60,488,9.922268937422627,0.037615343248863994
5445.631466985611,195289.67756537363,0.40914417747713416,443,11,382,453.8026222488009,0.027884748698066675
2714.00676869177,1892.0108252573943,25.4085066865923,8080,1,333,1357.003384345885,1.4336984936801638
34733.43782955359,401832.87146060035,11.567539469278955,80,26,66,1286.4236233167996,0.08643730729642883
119.20368460751898,27005.176594979996,30.91018301804676,443,42,244,2.7721787118027668,0.004413941536236455
7250.675092207258,19072.427933451912,51.40302712128075,22,62,409,115.09008082868664,0.38014535811314065
6122.105214182189,16365.166404034044,18.290864643649346,53,61,276,98.7436324868095,0.3740708155498878
254.66061648527977,11448.402180955907,4.143150796992028,443,77,199,3.264879698529228,0.022242263173256636
4967.639242386111,106104.01217326421,30.48301372302694,443,92,459,53.41547572458184,0.046818139319132285
1815.6838353718783,4434.716054368387,62.385924157530695,80,85,453,21.112602736882305,0.4093327465322661
779.6036192518826,36979.58462539494,17.36102805725285,53,62,413,12.374660623045756,0.021081430354579114
318.65109863753173,12378.637720345025,22.91391737630206,8080,74,18,4.24868131516709,0.025739937293467973
372.9095223622743,7021.975215898076,8.233930513603108,443,12,72,28.685347874021097,0.05309851037465006
23735.287496520723,1065508.559201242,9.610057305817227,443,27,155,847.6888391614544,0.022275996767512678
1097.7569366980158,41298.27878324567,26.534450409893708,80,67,378,16.143484363206113,0.026580535279065332
3544.6510591828214,55265.17912778699,52.55830028214258,443,28,170,122.22934686837316,0.06413779847140952
334.83937107290063,121378.03021438717,19.83043831165015,443,66,322,4.9976025533268755,0.0027586261851119307
340.4337638972079,2612.2705953422023,31.19847530191742,443,28,355,11.739095306800271,0.13027114930385875
5557.908869402865,305113.11743965186,3.766028429955515,80,95,282,57.89488405627984,0.0182158364746992
144.84086872037406,511.0994717698121,4.764105491111305,443,21,151,6.5836758509260935,0.2828373718484908
588.2660715240311,6952.456886527747,15.18722205953333,443,7,261,73.53325894050388,0.08460052044958971
1154.0596281899777,11064.00682524049,3.8851507749279204,80,95,80,12.021454460312269,0.10429813974966934
1296.0272497852993,52711.29550155906,20.156888384936185,80,14,106,86.40181665235329,0.02458681105524928
838.2866215361817,30579.263634184255,6.896429081777774,80,39,11,20.957165538404542,0.027412668234785918
1985.7057502994548,17150.41908866574,31.35945388855029,53,73,403,26.833861490533174,0.11577501197039018
3100.391378789731,21633.62255204289,33.01669588240052,443,87,208,35.23172021351967,0.14330693180949305
3300.919411478216,5079.486560598189,12.464493174835898,53,62,480,52.39554621393993,0.6497250552887119
249.95834575454123,2331.2302424639884,3.988800140096788,80,12,396,19.227565058041634,0.10717567296891821
716.0624280020386,65497.51182544972,20.812998423020325,22,93,130,7.617685404277006,0.010932499198001771
6582.33149966802,62352.5076237766,98.63745715002588,53,38,171,168.77773076071847,0.10556473485636035
4196.351689237686,237219.59747413534,19.488510570783227,443,58,406,71.12460490233366,0.01768965989428984
139.8696367562901,6734.3350588836065,0.7286057670982969,80,56,410,2.453853276426142,0.020766544727690763
1857.9329852936746,62269.238292169604,0.34890526691331114,80,39,33,46.448324632341865,0.029836612742291484
56.41088441339961,14392.174602249015,7.723898641730366,8080,86,24,0.648400970268961,0.003919280212482456
1176.6213562606047,131362.04307162532,4.3577429801935645,443,4,197,235.32427125212092,0.008957019636177697
18894.96049693323,102022.0418018127,33.538410692363,443,48,405,385.611438712923,0.18520287342185002
264.5845669712751,30236.77261298178,37.26154372613811,80,7,46,33.073070871409385,0.00875013415696111
313.7245688688146,13236.12039466772,5.9848061464299604,53,60,274,5.143025719160895,0.023700363788727915
3449.7073224671162,93097.09575795713,7.8799653947761445,80,40,231,84.13920298700283,0.03705454224795214
108.39670882867365,58125.32794189555,5.390215964915422,443,8,133,12.044078758741517,0.001864847009379804
424.48108870048895,7889.905186682744,47.80266989138717,443,58,264,7.194594723737101,0.053793712971849365
2682.9218076452407,3005.8088829963353,13.969198750771792,443,57,85,46.2572725456076,0.8922821210278135
423.5075021037457,14288.362146251762,21.35024169888141,443,35,367,11.764097280659604,0.02963795708787714
769.7340142896768,213869.37769107503,10.739357026382113,443,73,313,10.40181100391455,0.0035990679148728056
3348.536171102375,122974.3084441636,19.939942009266517,53,13,5,239.18115507874109,0.027229337445595945
2063.8307562629916,4152.678370343567,9.750496715447378,53,39,269,51.59576890657479,0.49686821468853504
1636.3568133357785,3821.3684718403456,8.30056694101701,53,84,339,19.251256627479748,0.4281002277490862
659.3909336138802,149048.31207986688,20.12868963834454,80,21,221,29.972315164267282,0.004423978376099789
1910.445371975503,4009.998486476479,17.883838290599485,53,47,194,39.800945249489644,0.4763016935600397
910.8707224134479,47284.744000336614,6.949432895141109,80,83,421,10.84369907635057,0.01926311495504784
2179.189755459929,8741.99039754992,3.235053881904,80,2,346,726.3965851533097,0.24924993124441855
520.4021938469332,249089.45968908927,9.195575833163147,22,44,413,11.564493196598516,0.002089209656991644
833.9275586303158,6935.183561783666,10.729626670393564,53,30,69,26.900888988074705,0.12022858841640405
248.40570360586398,122399.09990411109,19.81405449684454,443,87,288,2.8227920864302725,0.0020294567063300303
1040.5332332235314,29064.94189781794,49.19150752891349,53,55,358,18.580950593277347,0.0357990543324401
324.89391204239587,32154.004586077892,0.7371140286748001,8080,40,176,7.924241757131607,0.010103992091578327
206.21727062773473,1146.5779940890877,5.585312143868544,443,77,386,2.643811161894035,0.17969782593419603
1616.4565565281246,808.8633335295522,4.306383392609,443,97,325,16.494454658450252,1.995962145221802
1508.85997886986,15821.911935272945,13.954931177811304,53,96,239,15.555257514122268,0.09535918451939689
3548.6076789422987,31899.93002270499,11.231883118820754,80,92,481,38.15707181658386,0.11123837695066045
574.3917447269996,4073.2775874431845,26.115506020509937,80,24,179,22.975669789079983,0.14098002220007289
2022.4790092336577,4302.535952699822,5.5524148243589835,53,42,256,47.03439556357343,0.46995750272862397
2505.381653023989,51134.20595627098,18.05260750449155,443,28,419,86.39247079393066,0.04899523931059363
2137.005249393607,51240.305630859824,43.05870716192452,80,94,211,22.494792098880072,0.04170473845433411
317.8308985563882,17914.906478194396,48.310090982634826,443,93,399,3.3811797718764702,0.01774015168829012
1372.028009831858,70990.58785256986,63.77886841404003,443,98,227,13.858868786180384,0.019326628003886678
1893.5533912801861,3784.604073934221,29.67912746935104,8080,51,72,36.414488293849736,0.5001984767287866
1108.505178154293,12914.391961127176,47.286636963353175,443,22,367,48.195877311056215,0.08582822584794007
47.9559802708081,260880.1560616739,5.345327877500169,443,89,65,0.5328442252312011,0.00018382309015631246
1395.1182196871296,24403.532976286173,4.402485885988904,8080,78,166,17.659724299837084,0.05716635598160238
30296.775269842547,26621.349133960535,0.13018445761081673,22,74,214,403.9570035979006,1.1380203571590444
639.0234149781762,700058.9879335199,24.541032153798955,443,74,17,8.520312199709016,0.0009128123675007978
367.9269279934368,2699.945188489303,55.44127730042683,22,8,336,40.88076977704853,0.13622154553948068
1919.8893623147233,72739.91499769948,4.138892924047611,443,14,173,127.99262415431488,0.02639352780172537
1752.0946880032143,267260.5808573944,20.263940344027866,80,45,129,38.08901495659161,0.006555729717613615
6562.341459952446,13530.65472019233,27.444654556127656,80,38,3,168.2651656398063,0.48496223083197126
166.20097787636303,79973.14583827143,52.51491233978824,443,32,383,5.036393268980698,0.002078183844719826
3284.8306558603663,5049.127596530804,20.817826689315847,443,62,384,52.14016914064074,0.6504450814503949
2658.807762935665,7862.826344869203,70.32794473748478,443,96,248,27.410389308615102,0.3381061135296329
886.0560359418625,39239.91015589092,8.45242292923491,443,67,70,13.030235822674449,0.02257990531875689
1822.6212239734327,72973.38099049176,8.613459481846185,80,84,52,21.44260263498156,0.02497617930066323
5136.803215215037,118350.37323710624,15.661985253468696,80,61,437,82.85166476153286,0.04340298785485081
4058.1117980477525,231988.45359183996,9.67400015330584,443,13,378,289.8651284319823,0.01749265639112869
197.44716545909614,19907.068769114925,0.02853491210336434,80,87,259,2.2437177893079108,0.009917946725471064
3752.7240933285857,131981.57820271337,26.318360148214207,443,83,239,44.67528682534031,0.02843348072474186
995.2232585598513,13181.145744622892,27.863724428781246,443,80,94,12.286706895800632,0.07549781938693943
1223.3045787842607,85232.40384940286,27.485308371197824,443,99,47,12.233045787842606,0.014352407900377792
1223.8972169943931,30068.494156032706,8.463031918434213,443,47,75,25.49785868738319,0.04070228819425777
875.3602507793798,42981.14716983514,14.775006452744066,443,54,91,15.915640923261451,0.020365670596226227
6552.233387233258,41575.31210352935,8.924914512710103,53,71,86,91.00324148935081,0.157595348305966
967.2171785197918,1984.1432449284898,0.32332749030327296,8080,52,6,18.249380726788523,0.4872279020623691
204.52307543401741,4079.8569752943145,16.531237486574316,53,72,230,2.8016859648495536,0.05011767789761048
607.7145101678484,25688.845764528607,2.6423202625709403,443,25,489,23.373635006455707,0.023655825563848012
1433.7405469907083,1752.9956098221207,1.668530548771361,80,23,430,59.739189457946175,0.8174139883600445
6931.435242536016,76635.57356658277,28.170723221267387,443,74,351,92.41913656714688,0.09044552646281742
2709.8322929086066,81416.558235639,0.19103349538703823,22,30,317,87.4139449325357,0.033283143730076015
306.1873231708422,35981.34286386044,63.88778350325953,80,97,43,3.124360440518798,0.008509377066671424
45605.558044622194,4098.182988244759,14.482661013010354,80,11,312,3800.463170385183,11.12552383619014
1631.3496649091717,174592.22801376498,81.51017828852632,80,35,198,45.31526846969921,0.009343716726404506
7428.551063098499,467809.27490306494,1.194948548324318,53,27,370,265.3053951106607,0.0158794097984226
873.4303150022184,27463.55799880406,17.51879531096912,443,67,404,12.844563455914978,0.03180208889727087
2440.6968384870133,47372.779362760775,8.594962448166665,80,47,303,50.847850801812776,0.051519994210248256
3863.0131114743053,29810.262195662384,37.09174816514413,53,50,182,75.74535512694716,0.1295823399264317
6817.799655560421,48803.32786632468,8.963989076209296,443,8,169,757.5332950622691,0.13969662023077978
5356.427164761842,18410.23179870001,6.035284011315618,443,55,203,95.65048508503288,0.29093257981467874
4057.3912633813584,20913.572732929006,38.97572341085035,443,77,194,52.01783671001741,0.19399828603685448
683.5979163680908,85697.2830239966,9.388974597521782,80,42,31,15.897625962048622,0.007976798277004859
465.15976957889495,742988.795009051,0.33953221007340656,443,67,102,6.840584846748455,0.0006260648163723815
1806.0750074634907,2696.9941347262916,9.89540739920072,443,20,64,86.00357178397574,0.6694139858264425
4445.697744462944,18850.24656940319,21.256541845945044,443,45,346,96.64560314049878,0.23583043848562266
785.1846780965143,3749.243150839191,5.870235009215872,53,35,91,21.810685502680954,0.20936900529258048
5419.495172938995,239914.37020919446,11.312240323553265,443,77,442,69.48070734537173,0.022589195382577868
9690.730782862838,9121.531950772076,1.1677392334236125,80,20,250,461.4633706125161,1.0622852115133095
277.41612115585923,2528.0380569363842,17.739143542403536,443,24,183,11.09664484623437,0.10969234741050692
312.50452351059045,57370.212308229085,28.235929782141373,53,57,302,5.388009026044663,0.00544706153029585
888.4136100561891,301482.3256731013,10.665261470843976,80,55,366,15.864528751003377,0.0029468084447877457
1739.6148241694787,59599.16261322985,10.902566938743938,80,9,351,173.96148241694786,0.029188088553693387
499.2712220975007,29947.370876163382,1.8485018822557173,443,94,280,5.255486548394744,0.016671064485009518
8335.7103649397,40688.931623542485,4.511451593127288,443,89,205,92.61900405488555,0.20485928661813732
2071.649217093842,183920.88921879887,3.3606893755857294,80,16,89,121.86171865257893,0.011263744766286884
1163.4797431977709,5935.467624815619,13.143549102195243,53,55,293,20.77642398567448,0.19598856032402054
127.24771699852693,18624.42823287558,15.068797639767826,443,72,425,1.743119410938725,0.006831935105466359
152.3645912470719,11169.752980107716,59.49512876696737,22,58,409,2.5824506991029135,0.013639599006297487
1671.5621300784794,3820.750082736388,1.5210295906427784,80,64,285,25.716340462745837,0.437381328943842
44.75067644821055,13459.45498435456,18.319214384438776,53,92,159,0.48119006933559727,0.003324603551679749
5008.822389561381,116027.39940606455,14.952005123552246,80,76,363,65.04964142287508,0.04316893463325308
865.0343641134177,51529.164255456504,14.523041911619696,443,88,487,9.719487237229412,0.016786951421794073
142150.1900991632,57899.599715594006,41.29646422181664,443,49,130,2843.003801983264,2.455072845486932
34957.01266120967,27438.801876123744,4.60181430886545,443,29,248,1165.2337553736556,1.273952808370198
835.3296155576389,48290.28468126867,0.8325562642107975,53,79,140,10.441620194470486,0.017297730244100307
934.9513503306157,6628.371893802243,22.311395611276772,80,82,389,11.264474100368863,0.14103166413166468
4882.302791274249,13845.771679558953,8.467209510188392,443,7,189,610.2878489092811,0.35259502389872294
14111.691467502193,29378.146348682836,0.35492914400579273,80,77,91,180.91912137823323,0.4803302076928749
93.9681987487143,33398.751175905956,5.790315247090556,53,83,56,1.1186690327227893,0.002813440083844141
75.22147800671773,35606.4393956345,7.40176935051274,80,69,226,1.0745925429531105,0.002112521407982511
431.3620633656901,17898.945455188386,19.18596772169887,53,90,334,4.7402424545680235,0.024098512727068547
2628.3363927986106,12504.763094928867,3.788997114306198,53,2,327,876.1121309328702,0.2101700130449785
2310.710624269338,2512168.606064692,10.656460987833174,53,33,165,67.9620771843923,0.0009198067752634986
5457.014817355151,85834.89542673121,13.173966091360478,80,48,36,111.36764933377859,0.06357497396894067
181.354505102446,40934.20145265509,12.295497949593749,443,37,330,4.772486976380158,0.004430282462691611
33.980410796995635,15524.694872921047,72.94766254022862,80,89,29,0.37756011996661815,0.002188656358064988
3971.985175682216,11194.431650449667,0.9314415125488764,53,89,80,44.133168618691286,0.3547862467207935
316.6210365859781,18102.387405453836,60.30571870947138,53,30,422,10.213581825354133,0.017489601779752707
53.104846932680786,34174.78141014969,17.442473039624694,443,41,469,1.2644011174447807,0.001553873671397882
1363.2074469965748,1312.050794277792,31.766028891178042,53,4,358,272.641489399315,1.038198562414617
3603.8699469602197,2092.083225083021,11.256159180493253,80,83,169,42.90321365428833,1.7217996416827976
913.1629131098505,8473.309273475,12.096788530694408,443,91,33,9.92568383815055,0.10775661869789137
551.8230430659153,30052.741141910214,42.29333438875868,80,39,93,13.795576076647881,0.01836120968967797
863.4678388458083,15384.107565359547,45.25469469523486,8080,24,112,34.53871355383233,0.05612361403243977
628.9966032194559,202234.2259703736,5.454263521254088,53,50,379,12.333266729793253,0.0031102227626338477
145.17346417735655,2383.689602718166,4.443926965668884,53,37,209,3.8203543204567514,0.06087729992695148
375.39506741227996,7136.528949450241,13.712914692613456,22,53,397,6.951760507634814,0.052594542182724774
2396.872058952529,215375.3527105404,46.10718417147837,443,25,390,92.18738688278958,0.011128761485592878
1776.7085673087242,26813.988439178953,7.782637296538688,22,93,194,18.901154971369408,0.06625803965340532
1411.0504541664968,83055.46147783172,21.111895963811193,443,31,264,44.095326692703026,0.01698905093065053
246.47911832573755,477763.1635323462,24.630421805065872,53,99,247,2.4647911832573755,0.0005159012272988326
835.2618402201044,7779.858062778929,30.16243110793471,53,92,118,8.981310109893595,0.10734829417024364
41.86300202712717,18977.863373661407,16.598795779840035,80,38,448,1.0734103083878763,0.002205769713544808
1433.2716766936653,14637.758217990435,10.298519651146025,443,58,480,24.29274028294348,0.0979093756007414
9351.448795976657,1173.9277928700392,68.23464687975763,80,53,228,173.17497770327142,7.959168940189533
120.15731011885747,13827.363834325673,18.900531252090314,8080,50,9,2.3560256886050484,0.00868919212413222
455.36918703617357,82585.82057820058,26.08066717272441,80,4,407,91.07383740723472,0.005513823923091812
1796.6159884997824,49557.27313391589,8.461877078250929,443,92,199,19.31845148924497,0.036252594670621065
7181.502856581146,55749.55761210574,22.170172788351252,53,52,479,135.50005389775748,0.12881490632878884
559.8467443941383,12540.723765152938,5.962667609748417,80,31,277,17.495210762316823,0.04463873984768085
388.24031098199305,8232.575177401186,5.6233181112106765,443,87,129,4.411821715704466,0.04715330857093549
57.203511500815914,147839.64828498097,25.08583685923083,443,78,302,0.724095082288809,0.0003869268172481842
1280.693739351944,10446.520970337577,14.737582107427682,80,92,62,13.770900423139183,0.12258350502363842
23461.45311067212,34239.08333673562,22.99452948229394,53,14,2,1564.096874044808,0.6852043226629859
1662.4333690285498,28141.539028475316,6.278836995185202,80,1,360,831.2166845142749,0.0590719041855626
1060.590949431214,197318.71131478695,18.262083340218553,80,43,331,24.10433975980032,0.0053749873358533255
1777.7849640407987,94572.17102102819,11.737353135701458,443,96,357,18.327680041657718,0.018797984088378628
1078.5383178960244,3156.162181644876,18.174403561659062,443,59,466,17.975638631600408,0.34161638073787765
323.91412734667665,3709.5663049666236,6.8746027342916705,22,61,172,5.224421408817365,0.08729506515302392
3770.3377810220663,52489.305711874345,25.13699361021908,53,41,245,89.76994716719206,0.07182922122263695
1538.6216846316156,20000.119528259613,32.790661884453705,443,18,88,80.98008866482188,0.07692677814647798
1125.992195947202,11128.251389545985,6.019844519767594,443,60,384,18.458888458150852,0.1011741182344823
253.9026584413662,101057.18522975518,7.151237024084428,443,69,83,3.6271808348766603,0.002512440312124347
7748.556894924172,29178.54836194029,21.6442069619294,80,79,5,96.85696118655216,0.2655475266036274
2972.189358577666,23829.654711553605,23.78727899054736,443,59,349,49.53648930962777,0.1247212632029235
478.48207240316265,70950.87116807245,24.354653059827566,53,42,39,11.127490055887504,0.006743755513786566
4928.240370587491,12548.250187957367,22.958057361364933,443,80,384,60.84247371095668,0.39271193870345955
519.9037729448967,231602.65265224213,9.978195241201982,80,36,322,14.051453322835044,0.0022447995400380985
339.3373554042782,6754.259116810777,10.045699794100818,443,40,465,8.27652086351898,0.050233062793967644
350.8803646031033,59005.95202109615,5.882525801679696,80,30,301,11.318721438809785,0.0059464241514738244
76.96857105148581,189235.8231871188,3.4118213732797504,53,87,75,0.8746428528577933,0.00040673146882929176
2224.5581055468715,2790.725190892574,23.59063727434883,443,11,101,185.37984212890595,0.7968399299487041
70.33592429820003,13160.790036174194,1.9564198766191074,443,25,141,2.705227857623078,0.005343948209543459
173.7007955225131,122187.38516414988,55.54552560563618,443,45,93,3.776104250489415,0.0014215818900393895
48.745748646129506,124974.72821900851,35.05304105809673,22,51,119,0.9374182431947982,0.0003900417252276942
963.811234703718,17030.42278795624,38.969071209730124,80,43,288,21.904800788720863,0.05659017726841216
875.2585335167786,7317.2756556114755,47.432019569599966,53,66,109,13.063560201742964,0.11959901139357215
671.7966430521785,92401.98439136053,10.505421532192678,443,99,488,6.717966430521785,0.007270291619661042
229.55288943264864,130004.41025131661,37.50726423287767,53,47,43,4.78235186318018,0.0017657179727281686
188.98154595542934,3839.145048723426,3.440961411736497,53,24,136,7.559261838217173,0.0492120853659557
2200.752871934069,3619.638820684044,0.4375882564708469,80,77,330,28.21478040941114,0.607835517688639
480.18531506032906,30880.649068498198,30.732244745938374,53,37,217,12.636455659482344,0.015549212219698374
1762.5862722877546,56615.662591596396,1.5548345125535101,443,56,443,30.92256618048692,0.031131935222006094
290.652085905547,14064.319991002381,89.35111064501349,80,94,395,3.059495641111021,0.020664448877912328
1438.8423047017454,61019.00975734372,22.466078445674896,80,75,156,18.93213558818086,0.02357984389749432
7745.8853282855525,7591.580549443552,28.00378582125328,443,87,481,88.0214241850631,1.0201913931427748
2641.8869657873133,923.3049790109901,5.642056144831557,443,46,39,56.21036097419815,2.858241625631123
590.7419402213125,11662.669647988341,22.408901614983844,53,28,282,20.370411731769394,0.05064803428509303
1612.915121993474,24217.922077628795,0.8836346686978512,53,93,328,17.158671510568873,0.06659731249902885
764.3319911765561,14563.010422345771,36.38167438140617,443,52,358,14.421358324085965,0.052480873675003044
1109.6725791364197,3874.202462637158,3.717535615155296,53,15,26,69.35453619602623,0.28635215574808026
672.8910448257715,1445.9568136325076,23.90409822003761,443,45,32,14.628066191864598,0.46503878933090925
857.0507981014846,10186.991003437306,5.084443064070578,80,58,46,14.526284713584484,0.08412363122546201
1507.3976457473732,84667.20854709433,1.4181763167206034,22,67,156,22.167612437461372,0.017803584977340407
247.1417233011256,144972.03766560927,13.136061191648551,80,73,244,3.3397530175827783,0.0017047426699520207
238.93266110070292,130819.01423478407,3.709399202916627,443,72,391,3.2730501520644233,0.0018264228336796228
136.6176528816598,6477.796578096308,26.14552269892785,53,97,35,1.3940576824659163,0.021086887238216508
99.4438678976369,3902.7648410846346,5.424782524149157,443,98,450,1.0044835141175446,0.02547383665405601
176.63332288347152,46395.22959469562,8.38537552472019,80,73,278,2.386936795722588,0.003807062005393335
1392.970449805393,57105.17473655239,16.760650059392134,80,81,242,16.987444509821866,0.024392641535378196
287.3838351005143,40145.04934554017,6.708567404951554,443,41,406,6.84247226429796,0.007158458672408319
2369.4702746644166,1073.7420707558529,9.495921613074094,8080,65,378,35.90106476764267,2.2046873748954456
1155.2483518966492,6000.950322039038,33.815320780802224,443,40,259,28.17678907064998,0.1924788260333647
57.23946911031525,21067.077957409827,3.9497560918029735,443,5,46,9.539911518385875,0.0027168813987696314
2929.137752658758,45744.52044999367,1.715550177240239,443,94,434,30.833028975355347,0.06403113843377779
3700.4065404272615,69630.71412665388,7.960589971933482,80,75,237,48.68955974246396,0.053142545560440346
246.9549639328394,27347.496921467875,11.046038834164552,80,28,8,8.515688411477221,0.009029928212946358
2059.6416994348892,36176.886875987686,15.646532251261462,80,38,260,52.81132562653562,0.05693095637384872
303.4608611567042,25016.682656028202,9.317800312954812,443,81,271,3.7007422092281,0.01212985492417632
1269.6614449345511,61600.73377162683,31.20454723020128,80,87,44,14.427970965165354,0.020610806988671886
164.55623889629385,35217.50282098893,0.8022675727159624,80,18,238,8.660854678752308,0.004672437091738733
74.46582692801398,24309.110823576048,11.304493605032235,53,37,167,1.9596270244214207,0.0030631627913352295
617.558756116113,14727.132227961105,9.63362017347741,53,27,376,22.05566986128975,0.041930554842771466
910.8758239754379,24882.925828901643,20.858547009597096,22,25,76,35.033685537516845,0.036604988707910936
603.9433846860952,45564.63144118214,67.79105996660681,443,69,157,8.627762638372788,0.0132543622371543
185.6668915847,32899.5113265596,14.282326349737733,80,83,201,2.2103201379130955,0.005643282857881199
601.9361682040468,38996.98551034565,86.66754399551061,53,27,234,21.49772029300167,0.015435057999197447
1642.4464200804443,165063.04850150098,7.197870787378885,80,77,232,21.057005385646722,0.00995035826996276
1025.2179004827747,32785.63968821617,0.6270918044551332,443,54,446,18.640325463323176,0.031269380157041456
1441.9498597255035,8320.704612986894,3.622361644635144,53,7,212,180.24373246568794,0.17327578023800427
401.34732490724133,82901.64457555857,10.05466526748107,53,90,418,4.410410163815839,0.004841188444132781
6358.684988073422,2837.567623274301,7.605713037645906,8080,78,154,80.48968339333445,2.240103401425628
187.8680763879933,4349.777306616739,2.0418534615998842,53,27,368,6.709574156714047,0.04318034759036741
2278.6545671216772,36452.70321923192,11.335933950431292,443,59,213,37.97757611869462,0.06250817793237327
6456.461165258663,47791.114003029,8.25329239999361,80,72,87,88.44467349669401,0.13509469710524755
2256.030516002555,3403.0356984845193,2.616283932831895,22,31,18,70.50095362507984,0.6627517205553815
809.3355961446642,12403.993776909007,7.022866307533311,80,99,191,8.093355961446642,0.06524272488158628
496.4855751568781,8873.940719496726,43.50778423530709,22,91,308,5.396582338661719,0.05594241030435102
5188.144908741988,10614.598140056693,7.192123730696274,443,68,54,75.19050592379692,0.48872845790621466
129.7406700209418,90707.62168758582,25.032152350351957,80,4,216,25.948134004188358,0.001430301415755034
255.90687516951488,63561.18061700442,18.937425720903747,53,18,42,13.468782903658678,0.004026087095902018
604.053851312362,21403.649636259157,11.143715540391383,80,63,349,9.438341426755656,0.028220683897068034
7019.734222553248,9711.413374344558,5.463112199951972,53,87,230,79.76970707446873,0.7227590045843755
1938.4645198629723,2908.8860746627647,9.209454240614392,80,96,230,19.984170307865693,0.6661650903592942
256.70597459710694,185401.20066523209,17.9350183445099,53,76,182,3.333843825936454,0.001384589684890651
688.515920888659,53539.27900057615,8.638847598660481,443,52,436,12.990866431861491,0.012859774617185874
436.38081186874984,7631.1691552043985,4.83879276298772,443,84,141,5.133891904338234,0.05717651207601714
378.1596691724338,64821.92970338662,2.47643650000904,443,63,288,5.908744830819278,0.005833733077211985
4761.577680702031,19824.31649802187,42.366464714283524,80,45,339,103.51255827613112,0.24017662876540363
140.1040423302414,14318.901729505282,11.607550735175794,53,12,337,10.777234025403185,0.009783868980159661
12248.653402470103,42311.63102779227,19.627698640410543,80,8,322,1360.9614891633448,0.28947983391590093
3798.4354425100028,7242.723764024182,13.482990136639772,443,22,82,165.14936706565229,0.5243760759313961
5632.408943483232,13152.474840999717,41.20321526269022,443,91,442,61.221836342209045,0.42820691958347534
547.624992239086,26428.324092503302,15.83438700518352,443,41,167,13.03869029140681,0.020720355553641278
875.7572331151202,10413.134392526852,13.108606489165208,80,41,411,20.851362693217148,0.08409313727923087
127.77517550656923,60091.74852866462,51.69922279241959,80,81,334,1.5582338476410882,0.0021262994060859053
499.1997865144586,363523.69354282966,25.437154085755726,80,57,54,8.60689287093894,0.001373221119174519
2299.581138104127,7104.991193770656,2.3655360660956353,53,32,463,69.68427691224628,0.32361159413200724
7662.507757730622,1812.2275452071149,3.9131082457342425,80,97,456,78.18885467072063,4.225894195124516
208.35946283180434,1093.7744030529295,30.940802020201204,8080,95,73,2.1704110711646285,0.19032182543797627
633.8048468552677,17576.143661416718,36.13965367361439,80,55,213,11.317943693844066,0.03605846655543481
873.9744743249784,8145.762356969335,15.757547051999008,80,6,171,124.85349633213977,0.1072787490330213
135.14066469951484,30085.263664475835,16.16915077010143,443,39,483,3.378516617487871,0.004491772930218694
2662.508127612942,26873.514998650946,19.989803824777884,80,9,436,266.25081276129424,0.09907185777107402
370.1893022062962,1988.5772854116196,11.564815320544472,443,32,270,11.217857642615035,0.18606429864307003
818.0426488765195,1447.6173193178324,22.801134755204462,53,36,219,22.109260780446473,0.5647058322219587
556.7275277935902,34334.290627837014,2.2965763683725244,80,16,136,32.748678105505306,0.016214440524998167
335.62425362364365,26987.88261143206,65.02758899614389,53,12,35,25.81725027874182,0.012435648354018131
1085.1055276795064,11629.183101873734,27.73827696284092,443,41,146,25.835845897131104,0.09330081204866719
793.6048220689577,1834.0549648593633,19.948616880002902,80,67,183,11.670659148072907,0.4324692378518366
627.794683921438,44671.3168821357,7.605366316446886,80,58,78,10.64058786307522,0.014053327155110928
367.714774178445,148427.11640672432,3.5098303927891523,22,91,308,3.9968997193309237,0.0024773929837580704
1770.9776295628099,33422.13420848472,10.530394821378975,80,91,253,19.24975684307402,0.052986581644794806
13100.764977828996,6178.242742551932,21.669158401678274,53,9,328,1310.0764977828997,2.120124669583474
1352.6634439976867,23548.75538977122,20.086584182456715,443,17,433,75.1479691109826,0.05743853477922802
4886.234878347774,2837.9262722136737,9.646096556205228,80,5,392,814.372479724629,1.721155961735384
136.27393832914512,107682.36100460238,19.00141791316995,443,26,421,5.047182901079449,0.001265505989577357
1389.4206753732267,24903.571397701202,33.61312540898321,53,85,236,16.156054364804962,0.05578978466184229
211.4413217678745,1552.7217416523451,0.5327278430496556,53,1,322,105.72066088393726,0.136086994279305
119.65500079821192,14030.495074653318,11.979336336250617,443,1,337,59.82750039910596,0.008527601667648255
361.7462100735746,44132.522679163965,28.422290426927567,53,35,77,10.048505835377073,0.008196631225278556
6554.119102740103,13365.453615312603,15.799526969244189,80,9,374,655.4119102740103,0.4903409155014541
4559.753039349619,14561.792389372536,21.080968737432432,22,87,462,51.815375447154764,0.3131098018452273
1578.9369499350273,3510.0890602516806,14.541377101396634,53,38,425,40.48556281884685,0.44970005683132586
110.05157947013369,51524.43708543355,96.25507026472555,53,4,489,22.01031589402674,0.002135868916311352
816.9509226975606,8327.313715104674,1.1233988235102796,53,52,73,15.414168352784163,0.09809319757202407
1724.2544158809478,867.2540315446586,13.507906496017824,443,19,27,86.21272079404739,1.9858870252677439
1426.9639357292729,12620.95673195144,1.9173707936832631,443,5,404,237.82732262154548,0.11305409819042016
69.0140167160227,95963.6327690876,3.4819627305171688,443,92,38,0.7420862012475559,0.0007191609525780803
288.4504232335613,12327.722044951885,9.658968265559967,443,48,254,5.886743331297169,0.023396619875266807
996.135561032018,298635.03189519735,3.3811603502963603,443,87,396,11.31972228445475,0.003335617456173539
2451.453429749138,41917.216764862635,66.31168090567897,80,63,426,38.303959839830284,0.05848181575806047
40.682916745424194,36612.21633786733,58.67009468551797,443,38,86,1.0431517114211333,0.001111153862310309
859.8982229009906,18167.736880905606,8.192765459828898,80,52,357,16.224494771716802,0.04732845373553176
1359.0934217777415,19882.01211970256,20.41901386164456,80,87,434,15.444243429292516,0.06835450351262337
3922.2391552340014,14836.78052337128,15.260808599328806,443,46,359,83.45189691987237,0.2643413648730014
3100.39988202606,13996.966574581942,33.811547315475366,53,82,31,37.35421544609711,0.22148930457198604
2627.680976509022,48839.79559897556,19.747444758145352,443,93,205,27.954052941585342,0.0538009453835379
330.3290371401553,5411.346086027344,0.005049727251225445,53,92,193,3.5519251305393045,0.0610325045534212
62.677140404762476,4385.940034736247,28.80862425888651,80,9,230,6.267714040476248,0.014287211566257656
608.1495757203189,4085.5327857059515,27.47531318573396,443,50,181,11.924501484712136,0.14881798522393616
4926.813641074268,473772.1654508982,14.25568281870537,80,74,245,65.69084854765691,0.010399098134621731
8867.797994142138,48801.40354061733,46.644186433526144,80,66,40,132.35519394241996,0.18170822235756556
3183.77746681688,34777.93115973685,47.81657127007285,443,77,329,40.81765983098564,0.0915432809649625
2088.1029100337,4508.537022240287,14.843037776430988,443,38,423,53.54110025727436,0.463041527264445
1938.0924062914778,56106.86478800906,18.72926834369055,80,27,394,69.21758593898134,0.034542259157680014
476.1923550542161,18492.915288109274,113.2263708631634,443,20,157,22.675826431153148,0.025748596099625567
902.2661649881413,30371.301493475017,7.099819675101187,53,62,168,14.321685158541927,0.02970687503487275
13407.966024407471,5090.185364175047,7.8495140078674925,80,74,158,178.77288032543294,2.6335646937459405
266.71028418340694,28012.42066919368,4.036789629637757,80,16,130,15.688840246082762,0.009520803879431541
12359.350561518762,11663.85115013536,45.24171532882065,443,79,82,154.49188201898454,1.0595377859901232
676.5171296373145,6985.440018312971,27.28974859718177,80,13,156,48.32265211695103,0.09683288310842385
8007.614365207325,66247.93037321218,2.233001713573172,8080,20,175,381.3149697717774,0.12087160230507227
132.9239932781527,2193.904884197209,80.09082803554195,443,24,288,5.316959731126108,0.060560252170913514
2640.85049576883,51388.22792271556,26.25803121334997,443,50,88,51.78138226997706,0.0513891841251325
363.16046759604205,61496.110034923644,38.012135748450554,443,7,102,45.39505844950526,0.005905325752540348
131.24938452320373,5887.192376438581,0.9869729744952789,443,87,248,1.4914702786727696,0.022290267731128157
1522.0312396670658,6435.001211524457,14.062371357959567,80,88,206,17.10147460300074,0.2364870965129218
4985.09471838245,15763.642788425926,23.986226168462967,22,29,89,166.16982394608166,0.3162199604067403
308.7672763325738,33625.98182362052,15.659100242864547,443,5,345,51.46121272209563,0.00918212874268981
115.75501976339942,17513.328739713405,21.97109374849851,80,35,288,3.2154172156499836,0.006609161075121716
955.4981748221157,42207.09822603834,34.06113745807989,443,65,411,14.47724507306236,0.022637792627024006
961.8389325193721,310043.9928481487,9.378869842520762,80,82,310,11.588420873727374,0.003102255978023337
2496.086642262453,10284.825610955855,37.765672894210255,80,70,96,35.15614989102047,0.24267246370614806
4556.87270555039,1681.1444218150307,3.5566196052070227,443,87,440,51.78264438125443,2.7089663922159146
1003.1268274675831,76030.15938364257,6.318505121374224,443,74,159,13.375024366234442,0.013193627923072247
17734.283608854854,275122.53628386045,0.8862620421732493,443,7,114,2216.7854511068567,0.06445934742041624
1535.1020145495595,39701.82933483139,9.064560558536096,80,44,24,34.113378101101326,0.038664801483122783
652.2058552394595,4308.6374101212205,9.55779832279476,443,72,163,8.934326784102186,0.15133659590659496
97.7730484993266,18290.94586916925,32.72288724242088,80,13,286,6.983789178523329,0.005345142020353414
739.5269459296508,4114.262084421891,21.17614282792077,443,94,353,7.784494167680534,0.1797034868639573
662.1019730294867,57773.37110316415,11.47965960632547,443,82,55,7.977132205174538,0.011460132934155385
4630.671617900131,2901.735821224109,21.117607552730075,443,78,64,58.616096429115586,1.5952783522502358
2194.5349520183763,14041.981776030492,1.0845487485263428,53,75,33,28.875459894978636,0.15627271949922747
186.9696524929995,4882.893534657855,3.9756427009822266,53,38,46,4.794093653666654,0.03828290915151938
1419.9565898737235,26641.80899861941,19.72074141659426,8080,13,219,101.42547070526597,0.053296054104028726
3002.7888653221503,12714.361804865057,20.50910386878727,8080,54,481,54.59616118767546,0.23615441789263483
10851.37456629088,28714.08807136432,29.756325845573524,53,44,289,241.14165702868624,0.37789800746292146
4151.62852171433,22777.43956821878,10.316755239886204,8080,97,196,42.36355634402378,0.18226132256692498
3433.275296474287,5014.11121022702,25.64258615120762,53,13,253,245.23394974816338,0.6845860744768754
1200.0625890081715,56405.141534678376,23.039016571967935,53,25,448,46.15625342339121,0.021275388749474655
1963.4688475860773,20472.780906962318,66.15052272164152,80,24,286,78.5387539034431,0.09590162444877877
7145.63779613235,5000.066484366569,4.8447493699241235,80,29,236,238.187926537745,1.428822795791608
148.53697301430148,635006.068364497,16.04494085525179,53,70,79,2.0920700424549503,0.00023391388917428643
649.2650359157415,45010.237823958094,18.414231895608044,443,18,413,34.17184399556534,0.014424509684782712
344.1738394151636,17502.67787968109,132.1217039431587,53,92,446,3.7007939722060605,0.019662944084151205
1936.6785131211911,184021.2998696797,4.492496511354732,443,5,92,322.7797521868652,0.010524151227827832
6941.917161986243,348963.7801800837,14.81391915001508,443,18,96,365.3640611571707,0.019892887638700552
447.8859257273612,17711.614087722555,8.498626256052832,53,63,228,6.998217589490019,0.02528626906842689
30.40306570223418,37089.761110329215,14.926443561828941,22,37,286,0.8000806763745837,0.0008196937671836393
590.9130496456778,5004.01451867063,5.2826602102195395,80,71,362,8.207125689523302,0.11806420289918135
4316.545022842878,17662.70924631943,0.9756632308562594,53,55,235,77.08116112219425,0.24437364557177096
2456.3820977473015,16340.568657355787,16.999082217204712,53,73,102,33.194352672260834,0.1503149513520917
2084.4897326016912,29063.563361189783,8.185074994943085,443,99,252,20.844897326016913,0.07171928601498044
720.5465686798325,36284.310818082464,4.0164261788153235,443,12,490,55.42665912921788,0.019857803404036284
161.0079746379161,51008.25050560626,7.829337820577692,80,52,140,3.0378863139229453,0.003156446586491606
2375.448361490269,31459.74227562874,1.0107179719516886,80,57,323,40.95600623259084,0.07550515943580977
313.74397433288726,3582.750426770297,60.09232603460128,443,46,143,6.675403709210367,0.08754626772814526
29031.74310212986,5389.99287165064,17.404748808302934,80,44,240,645.1498467139969,5.385231216831638
2580.557687575189,9704.92309013414,33.72299727739157,80,24,266,103.22230750300756,0.2658745246187114
458.9895973916971,14423.860769146397,11.002357637892375,53,9,342,45.89895973916971,0.031819343336293306
438.3081180452517,106527.81840543327,46.725871383341904,443,12,61,33.71600908040398,0.004114455830882442
953.9237008255867,3849.088013921845,13.206562191122895,443,9,23,95.39237008255867,0.24776672568944316
765.666822055966,12885.75127741297,17.063751786150256,80,22,11,33.28986182852026,0.05941503840444064
5856.1675288168535,91997.27603899725,13.537367251189922,53,17,16,325.3426404898252,0.06365518769432675
1450.4429254776317,14047.276158645887,26.430989415632027,53,33,49,42.660086043459756,0.10324703964371952
365.9703765132229,43941.895121465255,16.724471763924946,443,47,366,7.624382844025477,0.008328317365108095
18688.45117311783,17866.575139851288,6.338069066867837,22,88,336,209.98259745076214,1.0459422180593319
1180.8177634206272,32376.071208868743,3.14570080031646,53,15,398,73.8011102137892,0.03647080230954235
3474.686416091479,15635.373906017101,18.634402547104532,53,93,390,36.964749107356155,0.22221817135968908
440.38979780487404,59909.96968642003,13.434758520910284,53,96,170,4.54010100829767,0.007350737270818984
1890.6452305474102,2169.8544897910174,2.0179806953123607,80,33,401,55.607212663159125,0.8709221366234536
1748.7647957731015,12772.273752649557,10.070958934795941,80,93,119,18.603880806096825,0.13690811217526405
64.42656588909935,34367.23831639968,14.462910173995635,80,15,479,4.026660368068709,0.0018745961109783325
22536.977095034137,49047.42038195954,35.07693458647035,80,27,42,804.892039108362,0.4594842590144543
7600.480069993099,206783.76942492026,1.5830516221313875,80,98,10,76.77252595952625,0.03675551198055084
604.38234898689,12252.227053092223,8.569414847503909,53,61,430,9.748102403014354,0.0493243409567252
209.89247784136185,202647.3677425137,34.59329243352201,80,68,468,3.0419199687153893,0.0010357471919440898
1847.0451421663913,8196.514320478162,20.906583616441516,8080,82,49,22.253555929715557,0.22531770850979776
1248.9351023921122,161614.57572454875,6.848632179696902,443,85,265,14.522501190605956,0.007727813960956017
1869.6441971563181,75071.83169134802,37.32989160584863,80,48,207,38.15600402359833,0.024904404896342686
1461.7156013860283,5596.0268315765115,13.596469949439296,443,8,167,162.41284459844758,0.2611592985653613
2343.407823980837,34911.056245211366,13.797127675939034,80,6,2,334.7725462829767,0.06712316821219218
9613.835608098887,20397.063975436526,75.0895668625186,8080,63,68,150.2161813765451,0.4713111803000484
2571.268941763488,56295.89455015364,58.79327918465442,53,84,308,30.25022284427633,0.045673370837050385
227.12868511456708,15757.829271573566,8.879940891590621,80,2,472,75.70956170485569,0.014412789249787183
8466.261247755556,13892.86477117736,3.0299304399209186,22,22,210,368.0983151198068,0.6093525010635417
12847.722602416216,171723.6665712325,7.8806165556143535,53,21,139,583.9873910189189,0.07481582500023022
124005.98403482328,18994.764324699107,0.6191507627478212,80,6,37,17715.140576403326,6.528086046718604
203.31549804932803,76087.05971984952,0.41973144654368844,443,96,218,2.0960360623642065,0.002672107802432081
1578.6463522458268,15708.74389722007,10.06780457413666,443,70,456,22.23445566543418,0.10048835694420057
48.27201268587426,268335.91500991915,56.611077388977336,80,13,278,3.4480009061338754,0.0001798932982593538
2514.2346813354557,7962.498058076609,41.014336109662,53,1,180,1257.1173406677278,0.3157198837746321
481.88213586612443,8767.30467205065,14.32597581271908,80,22,5,20.951397211570626,0.054957275538354014
19636.95820243863,216809.80459546135,16.658595996835608,443,24,130,785.4783280975452,0.09057186167026338
343.1190752116991,11300.25322404782,0.11902339763091392,80,64,133,5.27875500325691,0.030361152733183572
87.02761160300946,243193.19783306538,4.854203602965367,8080,41,99,2.072085990547844,0.00035785233520557676
540.8296713827469,83931.88612261973,0.5017234026345098,53,94,160,5.692943909292073,0.006443596739812269
56.64299598343306,17466.245000532796,28.092387480465746,80,22,236,2.4627389558014374,0.0032428122455318686
3383.443245947063,1451.07478514686,3.1481882486205777,443,61,147,54.5716652572107,2.3300750626317557
49.519940686919654,21397.35389486993,40.65835162660469,80,12,359,3.809226206686127,0.0023141939295990253
1144.4579202349234,25653.75106608827,20.61856703509156,53,90,115,12.576460661922235,0.04460997954284285
48.583417560058265,126858.37680733818,5.212201668270896,80,4,4,9.716683512011652,0.00038297064657539734
678.2753274510609,238630.29832894684,3.4328630982024295,53,83,87,8.074706279179296,0.0028423569422820496
12901.091945518097,7883.436810901282,19.757061295767272,22,80,46,159.27274006812465,1.6362731105512347
1883.6597464496308,73260.19118316953,46.219802385940355,443,12,83,144.89690357304852,0.025711563189575445
300.29327862948395,69432.00685265705,25.34252793231836,80,33,154,8.832155253808352,0.004324935534863595
1046.4876772266696,110207.37019265056,8.57098982865895,443,21,306,47.56762169212134,0.009495537184674349
1126.6741119949595,46538.484279573546,17.704738394566203,443,73,282,15.225325837769724,0.024208994350405025
2228.191432899177,1195.4207130751088,7.443363949621132,443,72,327,30.523170313687356,1.8623811912885997
141.13437561335562,17446.01179725431,141.3952933230519,443,84,288,1.6604044189806544,0.008089315078904594
2667.377104690959,3891.0667881877243,27.633237231628712,443,74,111,35.56502806254612,0.6853369301848437
18.980507900474297,16253.951714472218,19.058142052811654,443,96,117,0.1956753391801474,0.001167675440313701
426.31272425720783,95798.8877916292,11.007244685407144,53,92,97,4.584007787711912,0.004450033649146489
527.2048782750178,34812.30703981914,19.254668309295095,80,74,428,7.029398377000237,0.015143774697187076
2835.5472728655004,123270.48680042675,8.359340522618519,443,72,282,38.843113326924666,0.02300245860955807
1134.4988369059856,36777.108577162384,0.5857924623053596,53,52,189,21.405638432188407,0.030847122943414778
133.17385022694896,3141.674102524642,10.05346299203316,80,47,88,2.7744552130614366,0.04237596578021399
250.2624860545378,502.06494816657903,53.323051744360214,53,97,307,2.553698837291202,0.4974754988726998
1477.3718546552877,27534.998370555957,19.68609744095497,53,59,443,24.622864244254796,0.05365238023238085
973.9880038619289,15980.272959155933,1.753811127687357,443,47,87,20.291416747123517,0.06094558339321244
460.04018094388823,5087.7012714657985,43.2553523293102,80,56,422,8.070880367436637,0.09040424194744956
533.1214800463907,1718.2457310496375,6.263412583100924,80,13,26,38.08010571759934,0.31009033229991406
3115.8335749842113,7316.484117786726,5.588180918929045,443,44,380,69.24074611076026,0.42580667410134926
504.44617317700613,16452.99444408915,7.050555927399465,80,35,429,14.012393699361281,0.030657976389327206
960.8930706610317,59803.33667121247,17.217226277009203,8080,29,31,32.029769022034394,0.01606728080513213
28421.605220280868,29229.876189192622,15.735451718975977,443,56,126,498.6246529873836,0.9723145155255059
129.60301462903115,245757.57726504744,13.522409408945498,80,5,198,21.60050243817186,0.0005273590695036291
68.18577072179016,4659.176132701553,25.284144544408534,22,67,301,1.002731922379267,0.014631586613929581
3552.420557135976,82585.41235874972,7.611676549308994,53,53,31,65.78556587288845,0.043014588667497806
396.24607035567476,23645.97323912835,30.471124610334087,80,60,367,6.495837218945488,0.01675673526369165
680.3747221564781,62442.64198898178,3.855237637390976,443,6,317,97.19638887949688,0.010895820622963195
339.76881579856536,11444.078402330757,30.52223869593368,80,48,432,6.934057465276844,0.02968689281581264
742.7056402140606,109921.36888402123,21.801582314355525,8080,80,232,9.169205434741489,0.006756637868655171
12061.901986197463,34297.8221688216,22.990216980368047,443,35,45,335.05283294992955,0.3516710261019401
3652.593301755895,7949.24728968699,13.138364809355043,53,18,493,192.24175272399447,0.45943140743483735
3997.1435313262396,21632.756652732718,21.992347833150493,443,11,316,333.0952942771866,0.18476419031094773
131.0605481857666,15377.585045680822,1.6632206340438274,53,51,189,2.5203951574185885,0.008522276125954503
195.05262523814366,45879.21796891501,38.15029205104454,80,23,52,8.127192718255985,0.004251344781541724
15.508403073095053,3753.0903613302708,1.1429920455490912,8080,47,52,0.32309173068948027,0.004131068136463187
325.68438504403593,21077.732845053084,3.220788956978255,22,75,332,4.285320855842578,0.015450852166403826
4605.7222628793015,39853.31544892417,17.19772160875954,443,59,499,76.76203771465502,0.11556395363964603
2381.342715172502,23145.021000027664,26.896251465296643,53,57,465,41.05763302021555,0.10288345954450036
786.6080592098765,166111.0578081886,1.5863100038955238,53,93,318,8.36817084265826,0.004735406144436434
1060.5570568783116,70335.65699630974,50.70669625372821,22,56,410,18.606264155759852,0.015078297749265428
390.20478308057824,21780.684085736986,72.69362076216238,443,27,323,13.935885110020651,0.017914353249485006
1490.904592230025,30486.329415957844,18.62555826465447,443,73,79,20.147359354459798,0.04890243326624888
3459.28576077473,34320.50703442152,13.126411827515476,53,35,49,96.09127113263139,0.10079061380682859
97.14161078559947,40333.97344210457,27.049067415194152,53,55,230,1.734671621171419,0.002408371755222132
1718.9544924378622,1424.4100493191274,7.960577083950421,443,9,344,171.89544924378623,1.2059368413032807
4441.0775011885335,14012.576914341056,13.595319554724423,53,18,371,233.74092111518598,0.3169124862506498
588.366213763846,2376.3985295513266,49.57476073272909,80,44,478,13.074804750307688,0.24748320756927744
3137.0900645321185,149854.69763802792,62.31529811180934,53,21,44,142.59500293327812,0.020934072671095018
74755.76908794143,20105.03821289074,52.3648616309833,80,56,292,1311.5047208410776,3.7180755500610103
937.7522708184504,16481.41358346394,6.088375511424427,80,48,437,19.137801445274498,0.05689411117309026
1978.2355202890767,84558.25617986586,5.291529237091447,443,1,247,989.1177601445384,0.02339466558316425
362.4600910243042,41501.597363915964,7.066881546763718,443,27,428,12.945003250868007,0.008733431496975214
1439.2490218099779,4052.3337488738152,11.643250248764623,443,45,219,31.288022213260387,0.3550778472682791
2187.265554655429,19804.054257640382,7.5424344602026325,443,63,22,34.176024291491075,0.11043976583965312
1468.8917889715967,13323.031924613662,9.374897899334355,443,58,130,24.896470999518588,0.11024379086469263
237.56874172482296,1608.730547403121,19.385232448621544,80,40,7,5.794359554263974,0.1475829244267483
1494.4935366962986,7821.140368990161,28.75391550864176,53,63,272,23.351461510879666,0.19105941164403292
9830.980050065644,16725.495602189436,26.602681663057545,443,38,472,252.0764115401447,0.5877489394000023
2149.420708203324,18537.919254699726,33.6857688897911,443,29,350,71.6473569401108,0.11594099303595776
4642.372288349992,2384.2809382883693,0.6542741808460082,443,40,44,113.2285923987803,1.9462580754455143
768.5318795800599,123933.24769169212,0.9782130118064637,22,19,240,38.426593979002995,0.006201125951011668
3377.3625024136745,18898.64322932697,31.15427548288208,53,88,366,37.947893285546904,0.17869980197154994
1667.201510093327,23302.818898188594,15.23189639959973,80,56,65,29.24914929988293,0.0715419870613103
263.3894948060316,40173.48410146984,17.261667413336813,53,44,246,5.85309988457848,0.006556138820371191
1768.3134305324331,6753.969054586801,1.080400385545219,8080,65,475,26.792627735339895,0.2617796493577868
247.75862968648514,43675.123368806395,5.895847179242737,443,87,73,2.8154389737100582,0.0056726332507668255
424.40134999010564,12700.39063928846,20.34180578430791,8080,13,71,30.314382142150404,0.033413770353407604
1456.7926177213628,5739.46735108291,39.205724443123515,443,30,197,46.993310249076224,0.2537759608451647
1712.7686094504363,52060.99235034307,49.77429314461317,443,49,189,34.255372189008725,0.032898637415268835
184.22379622827114,206387.50814459255,13.879730487612028,443,75,158,2.4239973187930413,0.000892606850470603
5329.318547711188,65332.44550406715,15.770013466525954,443,63,426,83.27060230798732,0.08157106221161145
2586.366871116701,87944.95159897431,35.80117405531141,80,71,475,35.92176209884307,0.02940859498468222
381.04113934600457,10087.517931337523,15.427563306951104,80,35,330,10.584476092944572,0.03776978362326077
109.2482488840803,2005.3430176844067,14.548915208568863,80,11,25,9.104020740340024,0.054451431246371654
882.3979382205941,205912.4347040289,47.09526773776397,80,49,338,17.647958764411882,0.004285285899333935
561.7654585294239,480110.86938928923,31.206548472993916,443,40,71,13.701596549498143,0.0011700720068512354
1299.4685934111633,222840.19086694767,47.95386166428604,443,21,313,59.06675424596197,0.005831366222535762
636.0804240577714,13310.667914437503,4.924330303646806,80,47,223,13.251675501203572,0.04778367580578648
53.99085653937145,3897.33588352971,14.86253147115998,8080,3,160,13.497714134842862,0.013849718996118405
612.457524677092,4453.635256624611,36.963057501204844,80,30,306,19.75669434442232,0.1374876930196001
693.3752461635148,1762.3459887148588,2.3564868481998644,443,88,493,7.79073310296084,0.3932156539902033
2836.9690835417555,18749.682021190838,31.661972570341945,80,67,75,41.720133581496405,0.15129951435022962
384.79106092734395,244878.3748603472,4.041672124264554,80,62,138,6.107794617894348,0.0015713494088540013
13602.542598999198,17809.83393869437,33.017572277251105,80,37,406,357.9616473420842,0.763722947831624
62.336004114319145,34664.949359526894,18.935047114909274,443,97,479,0.6360816746359097,0.0017981911722024704
7838.096156737708,173406.78061492002,4.294481681335711,53,22,41,340.7867894233786,0.045200371799599154
783.3045269463303,12014.349814824029,12.824540468484617,80,31,303,24.47826646707282,0.0651919868350335
3981.354267097369,466632.4515299636,22.908114439669845,443,46,398,84.70966525739082,0.008532080702837733
1236.0823055953479,437198.0658147158,20.094402323415345,80,76,387,16.05301695578374,0.0028272757245990945
6059.201495960151,18093.951533360523,11.146021247726363,53,45,472,131.72177165130762,0.3348559118707327
613.3630753457694,9262.215963927942,45.925407242999725,53,14,334,40.89087168971796,0.06621491690728984
211.0445739752594,62683.72161736124,14.648715963067943,80,12,309,16.234197998096878,0.003366762562391411
9235.004970954835,13078.338438177278,14.099023428153941,443,63,16,144.2969526711693,0.706075847383747
924.9863967395626,3886.1225837112224,1.285450382469239,8080,91,375,10.054199964560462,0.23796172536870028
1528.9518441499422,150521.01384247892,51.051822071928605,443,77,189,19.601946719871055,0.010157662690787463
6989.245371254128,136580.72092584832,3.8988145414226727,443,88,28,78.53084686802391,0.05117262635055436
233.23980652852464,27813.23889718072,15.030136857749083,443,38,163,5.98050785970576,0.00838562605975769
2679.1004025347265,3313.3096710000636,32.54873868692692,443,47,488,55.81459171947347,0.8083434164214147
452.6675022245275,3483.213698385414,4.85298301691898,8080,54,386,8.230318222264136,0.12991955758462628
899.4162722690336,25870.120488477285,14.988987972508754,8080,55,317,16.06100486194703,0.03476526162326923
1222.2130233627943,10406.578656205613,5.506768967396485,53,48,440,24.943122925771313,0.1174349062098165
115.54582538208138,13205.1291066603,28.516926399532117,443,73,482,1.5614300727308295,0.008749409039459389
340.9529310924749,102022.09970676427,16.617916741282333,443,72,55,4.67058809715719,0.0033419189582794967
8321.595969025433,66155.87481683445,38.75548714621336,443,15,274,520.0997480640896,0.12578580823331
4143.461310614409,174070.21316619415,44.991885351261416,8080,71,455,57.548073758533455,0.023803254054755436
998.2868241908839,4984.384303478218,20.924200687466858,53,88,305,11.216705889785212,0.20024270215124562
1579.218191051893,13163.625317172166,25.848158152766587,443,16,102,92.89518770893488,0.1199592204870376
705.3091670772549,68766.5382655933,15.935521699195238,80,88,42,7.924822101991627,0.010256425994968975
8390.665179532376,43136.186229184044,9.704091060100053,443,43,263,190.6969358984631,0.1945111842704231
811.9762843817568,219382.17382878583,20.889183361877347,8080,7,388,101.4970355477196,0.0037011784915439824
1552.7194216271255,41390.433525820976,47.78217690234826,443,43,171,35.28907776425285,0.03751306222961574
6118.334611760879,352273.68129447993,10.780400206401435,80,28,208,210.97705557796135,0.01736807933308817
341.70328498629095,49514.79053363824,7.549510720759849,80,66,315,5.100049029646134,0.006900895276107063
11363.750378518256,108363.9958686075,9.834744066762394,443,98,49,114.78535735877027,0.10486550834456541
110.42183392900562,13557.93928513966,11.43267131768546,22,60,60,1.8101939988361577,0.008143840134310937
12637.997084866134,22503.605455595818,1.5281421176505399,8080,3,6,3159.4992712165335,0.5615738125159474
627.0251328200283,86371.80804401347,13.800714141758528,22,1,148,313.51256641001413,0.00725952006215326
762.0040558132724,247574.6064798698,13.636796923986171,53,31,287,23.812626744164763,0.0030778640377691264
64.39170002632669,65765.81306188062,17.75619523679556,443,56,211,1.1296789478302929,0.0009790910799606471
554.3564680355992,19442.999125108672,9.014062731610636,443,87,372,6.2995053185863545,0.028510414162678115
230.5090682841712,173859.45888931528,18.992173006674207,443,84,150,2.7118713915784847,0.001325828021832843
440.7732107978359,822.2397470266039,42.11017685940716,53,80,85,5.4416445777510605,0.5354129369844333
892.5062811362287,2608.8068435816135,62.232288064374245,443,46,466,18.989495343324016,0.34198173835400875
4613.247900753848,61233.599880621965,17.5227656037241,443,32,160,139.79539093193478,0.07533727516383652
1497.279430169909,22497.568920557525,0.8704910706197256,80,81,47,18.2595052459745,0.06654998526603201
1739.7817966169468,54626.286121891826,69.62820029906547,80,18,162,91.5674629798393,0.0318482194545581
212.0285460383502,24260.65748280513,24.474128820985825,53,68,499,3.07287747881667,0.008739244059834757
292.61825208234035,51865.98928451319,8.188367697001617,22,35,155,8.128284780065009,0.005641704986522369
16286.430045648976,6492.4534163063345,3.183612532347084,443,23,230,678.6012519020406,2.5081307282116723
364.01622756120526,51830.244531188546,3.096118841473354,80,79,300,4.5502028445150655,0.007023104130601473
13151.779847752447,97892.16476886786,3.6723136235866596,22,13,158,939.4128462680319,0.13434829570383852
761.5898846494717,137423.94364117066,0.9328723468978155,53,78,161,9.640378286702173,0.00554186062930507
1100.403163835935,451500.35674558405,46.487247858665256,443,14,411,73.36021092239567,0.0024372089859654614
5461.876769446165,31765.868198643897,15.564005139731702,443,37,247,143.7335991959517,0.1719362681675787
7389.67203143465,33218.64621636315,24.076750450461116,443,5,56,1231.6120052391084,0.222448847989076
928.6957287322306,2242.263899170345,35.21783738177059,443,22,151,40.378075162270896,0.4139930790468754
612.5529696358238,9925.702642785145,31.36025860293752,53,28,299,21.122516194338754,0.06170759734412264
1008.3991246112803,16487.814781769775,42.844325500509086,80,4,467,201.67982492225605,0.06115655600220448
1820.6271203638817,106455.17978000804,68.37986945325878,80,50,54,35.69857098752709,0.01710212712992531
4175.358618758359,8808.72788323253,11.56320508724787,80,29,223,139.17862062527863,0.4739486479151392
1103.613183847787,72730.05792762528,60.04928431364279,443,37,254,29.04245220652071,0.015173891529888003
2774.787501006993,21972.94987212201,25.69570131869549,80,35,68,77.07743058352759,0.1262762278586664
12804.341837005528,16886.12955155076,1.465788705410866,80,20,53,609.7305636669299,0.7582308051772892
1942.9533083663737,31995.193062454204,22.900442397960823,80,35,467,53.97092523239927,0.06072451508758784
1750.1893901542537,12249.806765710415,23.212945140926568,80,99,245,17.501893901542537,0.14286319453286728
112.35165871770985,11573.162601941844,47.259564638006346,443,84,486,1.3217842202083512,0.009707109065398836
21.197956695738373,1707.5607024818023,9.334010050648589,80,2,40,7.065985565246124,0.012406908730223562
1963.6565361201174,15185.080655771679,17.5852705825885,443,58,444,33.28231417152741,0.12930634181597098
951.2373902211134,10721.944207032593,0.2452485642664034,443,18,342,50.06512580111123,0.0887104671865446
506.65281583353334,10158.118489852175,8.071594995712775,80,94,393,5.333187535089825,0.04987173014465998
1580.1819952893682,41163.59770327439,1.2853039945860714,443,56,351,27.72249114542751,0.038386916997944436
1001.6404713258116,59156.86533432846,14.75757668882965,8080,64,138,15.409853405012486,0.016931653393256807
5953.117887220509,31203.69377341259,34.014366011099014,22,93,266,63.331041353409674,0.1907763598145853
1247.8362150652872,98039.21058825139,4.624590399680915,80,52,414,23.54407952953372,0.012727800231947086
357.67153755906924,52226.37365676789,14.991855370506855,53,22,138,15.550936415611705,0.006848353890234729
4842.804908690467,14149.233263689224,4.563338861690257,443,93,442,51.51920115628156,0.3422420548442506
791.7956870048287,11000.715239379211,2.572320550609887,80,60,292,12.980257164013585,0.07197020371611682
2415.8465078282748,35215.209458413185,14.30772458134635,80,10,210,219.62240980257044,0.0686004128491213
535.8658986651805,52085.957666234644,1.6491324971518695,443,84,172,6.3043046901785935,0.010287909347651444
413.7490670206914,179291.17882805472,17.703334518530912,443,80,185,5.108013173094956,0.002307680511917289
1244.2053664920584,131499.6629409716,0.6367796875824618,443,6,299,177.74362378457977,0.009461590068565364
1117.9399779805972,9777.024664797274,2.2569913718865715,53,81,240,13.633414365617039,0.11433188361708588
2252.375132897496,18901.386909474186,15.970042168550238,80,6,211,321.7678761282137,0.11915823878139795
732.9161995436442,60266.20075316855,17.900734779067648,443,86,363,8.424324132685566,0.012161112352727136
69.78787781016452,109315.84887553395,0.5883070105560866,443,82,151,0.8408178049417412,0.0006384000136120247
572.9733319988314,90080.06843233103,17.03708125603964,443,96,388,5.906941566998262,0.006360640942322409
3607.346360091002,20013.918805419722,36.465315462410935,8080,28,396,124.39125379624146,0.18023287504489852
702.0017389330436,3357.54731744606,25.625442818715204,53,42,124,16.32562183565218,0.20901945769424704
757.8040903454176,4922.616296018738,2.8125036874051714,8080,74,49,10.104054537938902,0.15391209322265467
4815.353600710575,33155.048329288074,17.953042673372988,443,41,408,114.65127620739464,0.14523303720899028
376.9227122405403,36803.13714895664,22.31023568717838,443,63,397,5.889417378758442,0.01024131365218613
108.3964319242277,4238.5687820882285,0.7588396180469758,443,22,124,4.712888344531639,0.02556779651321904
861.8259367180594,23549.371621127622,38.66844261485825,443,92,68,9.266945556108166,0.03659500370452303
530.4570922814678,56774.15794691874,47.346184048871685,443,79,475,6.630713653518347,0.009343119622448472
257.3998005686402,3917.308201972233,38.002793907483394,53,29,358,8.579993352288007,0.06569156567088856
842.9707974263597,115554.2970382197,34.817312442938075,443,71,231,11.707927742032773,0.007294955913163797
2292.179683880362,12502.742224121113,27.327105330237003,80,34,456,65.49084811086749,0.18331949290017285
1081.459890347751,145280.21429249548,20.07142642643469,53,96,346,11.149071034512898,0.007443907291210011
1737.9675052723603,9895.360909880137,22.703057043931395,53,2,418,579.3225017574534,0.17561682734683232
16649.101796097875,4722.349714958945,32.83873586297861,443,26,9,616.6333998554769,3.524850540575014
655.685797950204,11078.864966832765,21.723704017232564,443,75,266,8.627444709871105,0.05917813979800108
1664.9043477525054,19096.833508278884,7.941814130423028,80,89,125,18.49893719725006,0.08717765536236201
510.903106161149,12299.084895374932,9.43085152551306,443,19,371,25.545155308057453,0.04153655121138704
308.1110962878804,15930.612755032891,45.47168783647991,80,20,321,14.671956966089542,0.01933960491165882
456.0664487647046,36349.93608049392,0.34540727393529264,80,33,112,13.413719081314841,0.012546209202283293
534.7835805495405,17038.5030152323,24.000982324307305,443,81,498,6.521750982311469,0.03138492830873505
1880.3509168804155,19946.947619275186,61.92323375323967,443,94,328,19.793167546109636,0.09426287620002977
37183.25037215029,1696.2248788032916,24.499038024966172,53,82,330,447.9909683391601,21.908263799649276
374.6284915023187,39638.138373781,102.0286745081181,53,96,54,3.8621493969311205,0.009450974639502098
587.0218495731295,19267.886043843246,23.265890356436834,80,4,427,117.4043699146259,0.030464752774885685
997.563175240659,246579.4346671168,0.6993464409069106,53,32,497,30.22918712850482,0.004045589329045379
1985.6434029388722,5381.122363338357,35.090416109242184,443,19,443,99.28217014694361,0.3689331584998082
1628.3560359158696,1461.9946884773988,6.699105290409361,80,3,89,407.0890089789674,1.1130293559784346
7526.186043279404,55664.77059010368,11.81387785986743,443,92,95,80.92673164816563,0.13520312327477987
28.801051422384308,37041.364530929204,7.482000973520982,443,61,359,0.4645330874578114,0.0007775165486084545
30.557348436312918,4852.99087538859,6.254640547357577,443,38,250,0.7835217547772543,0.00629530405408243
521.2254856008817,2220.2533000826948,11.29176221782999,22,6,443,74.46078365726882,0.2346537810800223
5687.0690065265035,221039.14599794633,9.520480661361177,443,56,451,99.77314046537725,0.025728670151074464
104.74490862317255,183719.53104986838,20.066328461647714,8080,40,317,2.5547538688578673,0.0005701317540538842
12.043817894168212,527.8514302142056,33.54911101240387,443,81,487,0.14687582797766113,0.022773537530739008
2583.160967845172,11077.435230507712,7.050490041512014,80,69,166,36.90229954064531,0.23317020085396922
1580.4830949018296,267343.0868993353,4.808875641319842,443,83,227,18.815274939307496,0.0059117937233335496
213.72441180579148,10784.941809796721,21.985966731123643,80,42,136,4.970335158274221,0.019815090381042903
250.05742685876797,10552.115593180542,22.192659832648843,443,99,384,2.5005742685876795,0.023695128197056412
256.05299135729933,14412.641877040354,46.27923915306478,443,86,65,2.943137831693096,0.01776462836676752
1294.4005564713304,4099.640391058468,0.3214837351875058,443,88,5,14.54382647720596,0.31565814922317936
428.6012869531572,1707.586729906261,38.35198687010652,80,74,120,5.714683826042096,0.2508513495107572
2300.992610184496,106811.50945154915,14.721184360162878,443,2,371,766.9975367281653,0.02154235137812431
15.150901053167944,1387.965993808275,19.42032921567638,80,28,219,0.5224448639023429,0.010908043192351394
303.2999355832619,31917.41862543614,1.9163778758980865,443,17,365,16.849996421292328,0.00950234844471771
202.53628559816931,83272.13339695198,11.3343415004435,53,70,474,2.8526237408192863,0.0024321924411407183
746.5697005711578,2497.7873317382378,5.157350388145197,8080,69,43,10.665281436730826,0.29877280514777527
489.2767901008785,5506.02042952695,5.866627463754517,80,39,188,12.231919752521963,0.08884600962755229
3629.193295234034,135912.79999746164,14.02742268211811,443,7,26,453.64916190425424,0.026702169281572687
67.42358230207147,48988.33954677202,33.474830599605596,443,32,267,2.0431388576385294,0.0013762909017726104
1174.0765638593884,8726.079284779733,27.23444917638059,22,4,162,234.8153127718777,0.134532588228803
2533.873997287861,133702.63952499983,17.88080045809995,443,21,233,115.17609078581187,0.01895142126489443
17764.745009909366,134565.1281759095,15.505295806412335,80,32,130,538.3256063608899,0.1320149821557374
532.3765519373607,32977.44228284601,11.148076236395061,443,82,21,6.414175324546514,0.016143168539354585
1784.1330795690226,5708.774511657107,72.02467950920199,443,97,371,18.205439587439006,0.312469971612106
73.27399793894895,11846.964397893915,16.428365422289126,53,14,410,4.88493319592993,0.006184522123646327
30.32782759540674,33846.13582308774,5.859692746316881,53,70,128,0.4271525013437569,0.0008960234553944024
3893.8807587468655,16599.16640103765,5.229653656537088,80,75,76,51.235273141406125,0.2345687786902826
1087.5247915470777,90078.40775807895,18.901677630968763,8080,46,73,23.138825352065485,0.01207295672355862
6423.825135132343,2220.1696255127017,14.7975455096569,80,20,233,305.89643500630206,2.8920912033674884
139.7556676077188,2341.6350564097916,0.15455167941165562,8080,93,343,1.4867624213587107,0.059657464454536735
2391.9236825979638,28891.614238120033,35.446829164307005,53,58,106,40.54107936606718,0.08278668253709395
18092.029493928912,10537.371200708973,24.356185380155488,443,99,389,180.92029493928914,1.716776639326556
2058.14096988793,8599.222558263957,21.684089017502007,53,80,9,25.4091477763942,0.23931252429162567
1660.4970402772444,1552.9551159819505,1.4252086169579345,80,48,119,33.8876946995356,1.0685617771063933
1110.7981847364333,22681.814684779565,8.990090778489293,80,7,50,138.84977309205416,0.04897091477283866
103.92586561284976,20350.63385392836,54.78532608460118,80,40,10,2.5347772100695063,0.005106512153214153
8377.957289555326,58701.377535603846,39.69561201045018,80,59,113,139.63262149258878,0.14271921583540587
438.65513737518813,24424.91995380001,6.724647568136826,443,36,442,11.855544253383464,0.017958592274308394
2337.2373344838143,18053.482521663314,3.417163481427241,80,44,266,51.93860743297365,0.12945468426909476
105.15637627843269,128733.66738094075,11.923602289132857,53,31,78,3.2861367587010215,0.0008168458304029545
186.94426106244077,3075.7345963346957,8.795864007921505,443,42,36,4.3475409549404835,0.0607606068086428
9439.243317037914,49246.01985813946,22.92832052280479,443,44,202,209.76096260084253,0.19167136091135092
651.3496316093515,1795.9317603813438,67.88531526922272,443,43,312,14.803400718394352,0.3624787796455456
9700.310885833573,6263.266793658083,9.019757993606435,443,43,118,220.4616110416721,1.548514966772189
975.2111497644207,3572.4763903579646,1.2848869714590934,80,47,190,20.316898953425433,0.27290264247883594
69.21055227789401,71176.20222933033,45.58010751906678,443,6,242,9.887221753984859,0.000972369664866851
4180.14577619119,19967.967620671352,0.7737714842758039,53,93,293,44.46963591692755,0.20933209245449486
452.66915811285776,21584.810595066872,61.052782586863906,443,91,169,4.920316936009323,0.020970681463141756
3127.637544014574,4187.673124344752,21.84740191564785,80,66,230,46.68115737335185,0.7466893336308835
1138.8978794041334,14051.153290140937,56.83936197687254,53,86,48,13.090780223036017,0.08104792595759612
108.34522513191017,7007.9608423495,4.454365001576517,80,9,150,10.834522513191017,0.015458101075022037
1403.1039211871775,39151.05005084354,0.8310242745069208,443,11,343,116.92532676559813,0.035837304032996536
29564.651282120838,4980.8871513901795,13.396817037671509,443,80,208,364.995694840998,5.9344281361072015
2297.2767709077584,161893.10452501816,11.979422493353587,53,77,61,29.45226629368921,0.014189996464959295
1005.985936049422,1784.028566392952,8.054146483493485,22,18,331,52.946628213127475,0.5635685360947701
5502.815244694874,6569.678996568025,63.23879495397151,53,25,117,211.6467401805721,0.8374804563682211
1504.1792773996215,272610.8951413872,34.58513023706877,443,97,239,15.34876813673083,0.005517658268798195
1501.622314124829,11467.725356772413,21.669470486772266,80,74,371,20.02163085499772,0.1309319272553775
213.27069806623626,3064.6296325246853,3.555238354619007,53,58,355,3.6147575943429877,0.06956831830027627
1557.3984356571368,30595.473244362278,26.509510605600962,443,30,48,50.23865921474635,0.05090124025794718
5183.1337564821715,10795.791234803495,25.9665821289717,80,1,448,2591.5668782410858,0.48006242259962584
312.90723469933397,6286.719154600246,11.070076160487199,53,63,245,4.889175542177093,0.04976482361977054
9290.463583147286,4256.462877002693,51.74833389507554,80,97,468,94.80064880762536,2.1821596221851003
955.6970445120462,1400808.8929862054,3.6539017044365036,80,79,293,11.946213056400577,0.000682246070146406
289.555136378911,15103.354489051148,6.2214040975153075,22,29,425,9.651837879297034,0.019170308574842036
4897.3431138511805,1226.167781003117,1.3062289660567352,443,66,5,73.09467334106239,3.9907689801373145
713.233350299586,207018.74806494286,31.738950378747322,80,75,100,9.384649346047185,0.0034452430599801625
3426.4236591269823,55083.54753190328,19.44449482300073,53,53,205,63.452289983833005,0.06220299181258597
707.9419165889542,6976.484066655351,7.564985990518785,53,98,180,7.150928450393477,0.10146091482632441
1002.5086471255242,5433.4054278642725,3.5780760059279344,80,19,17,50.125432356276214,0.18447439382885927
2299.2547013241174,60488.53937385483,0.8195186696304056,443,66,90,34.317234348121154,0.03801078211413717
1696.5390236144808,15208.693874708346,3.6483248725547055,53,84,108,19.959282630758597,0.1115432721782517
54.96531386707201,1225.4130775885706,12.076539784405899,80,52,190,1.0370813937183399,0.04481794500687103
204.002936808035,321534.4422902413,5.678501948196532,443,31,180,6.375091775251094,0.000634464852008094
4420.972516319901,11487.494715890467,5.994612038533362,80,60,249,72.4749592839328,0.38481738692928785
899.4604797679553,207597.7526279366,41.681262763306954,53,68,251,13.035659127071817,0.0043326873036659795
499.89748422125933,149889.32043384542,14.477805822954386,53,93,20,5.318058342779355,0.0033350885018748806
142.89912719489692,4907.331955968903,26.131333615343316,80,30,359,4.609649264351513,0.02911358247094938
217.10812863712212,103754.70604610062,0.7272836781950138,53,13,97,15.507723474080152,0.0020924933857676886
52.84177336144929,8290.256389417558,9.087751324418988,53,15,222,3.3026108350905807,0.006373192539178167
942.0693783785362,1339.3626156150456,13.046606661043686,443,20,144,44.8604465894541,0.7028466531396457
446.90392075537346,11650.481061416674,4.126143025781213,443,34,7,12.768683450153528,0.03835597538198595
257.2679537973039,39992.861419801215,2.5610211186997383,80,92,350,2.7663220838419775,0.006432686033910417
990.1088259091551,11002.689567229081,40.85120641393223,22,20,322,47.14803932900739,0.08997971270089924
1893.0715474191625,13896.989162092006,56.07964842960614,443,50,268,37.11904994939534,0.13621190269616
25331.321128686865,122436.65429111446,1.6417076412453184,443,89,427,281.4591236520763,0.20689159127842918
113.542233684468,25841.602453683012,8.585487629830427,443,27,296,4.055079774445286,0.004393606792813016
6242.097638877047,6217.060795116951,63.538191214831215,443,30,1,201.3579883508725,1.0038656495251657
4720.416619476751,63135.94170521002,1.7364838858055025,53,56,58,82.81432665748686,0.07476473348228753
340.82218543199525,29629.132145972977,20.636353512844792,443,84,387,4.009672769788179,0.011502553675863923
1487.5026692605466,501.4945790173796,71.66976587475729,22,65,264,22.537919231220403,2.960236252039445
552.0011480046919,41878.5637781999,76.53863227488498,443,99,90,5.520011480046919,0.013180680460956282
1448.8607988042147,39645.90969935996,12.743782237729956,80,55,488,25.872514264360976,0.036544104188468554
10548.052451470141,22701.395886387487,3.5526300331162948,22,24,75,421.92209805880566,0.46462287523559687
2720.0603565364836,83914.26246273283,4.515046899619572,443,25,445,104.61770602063399,0.03241436988586523
2351.7442358633502,8033.773513412753,44.073155644306354,443,53,341,43.550819182654635,0.29269577193899665
575.0954460014542,36488.400087268594,48.536454268930115,8080,76,261,7.468772025992911,0.015760616634585587
118.3818009701811,2099.7234892345905,18.723729107624344,80,11,488,9.865150080848425,0.056352871559176086
802.1516535475401,40563.9725124784,29.063765835922574,443,94,282,8.443701616289896,0.019774490252662837
6700.33116852691,412334.23246975336,26.93618530994455,80,60,341,109.84149456601492,0.01624971780459825
110.96870394488974,4952.835259572616,21.68363412290059,443,77,329,1.4226756916011505,0.022400564033787304
225.28492800102148,7046.573871572102,35.12131724999784,53,47,401,4.693436000021281,0.031966309556506596
1325.3099085954022,7592.960413613779,23.129486816748322,8080,25,357,50.97345802290009,0.1745215719349161
250.38952936811611,26768.934633772387,15.271491856494787,443,25,243,9.630366514158313,0.00935338590824312
334.02466225153455,4471.349710640449,5.40880114886742,53,17,499,18.55692568064081,0.0746866152834237
580.9136527099672,41434.57963383651,27.24281985790241,22,12,322,44.685665593074404,0.014019682066558811
141.39733325682295,78453.38597840845,12.827718891337376,443,52,435,2.667874212392886,0.0018022871697158794
254.3769522029819,49095.40967873118,6.985240722785614,80,11,119,21.19807935024849,0.005181172184840622
3149.950051984051,1552.1197581814351,32.38433900909378,443,10,47,286.35909563491373,2.028143699409479
154.30718549929222,98002.81656882369,23.861554130985525,8080,81,168,1.8817949451133198,0.0015745017990287061
99.80235679887215,89863.85855948756,55.400500426526335,8080,60,348,1.6361042098175762,0.0011105826949341527
426.22293488003345,76514.99843100795,3.6170520851174226,443,54,27,7.749507906909699,0.005570376700558187
3287.66627700877,38532.7332364974,20.950169468892156,53,80,296,40.58847255566383,0.08531917364017153
816.1656101644143,30646.813483417438,5.600614194220102,80,63,1,12.752587658818973,0.026630467801757395
546.278207120913,103630.20259802237,46.78145183839591,80,20,174,26.013247958138713,0.005271368018760575
1172.083480004866,394458.9000291883,2.0960892780344897,8080,5,395,195.34724666747766,0.0029713628176606466
79.95299109982346,5273.445932326513,21.351681996771678,80,41,167,1.903642645233892,0.015158557339606074
2303.208617127027,110989.19061349655,31.31662524008021,80,63,18,35.9876346426098,0.020751461047107653
1949.1575783381481,19354.38626223712,8.767551820377848,443,56,91,34.195746988388564,0.10070362595351595
593.5000443977752,18133.030106300626,61.64240244885211,443,32,303,17.984849830235614,0.03272852426728712
4958.639896473329,2197.782033968582,38.040062371481135,443,27,202,177.0942820169046,2.2551757381442123
202.0986312138465,14368.820367036304,6.9803240759506116,80,68,484,2.928965669765891,0.014064102824656827
5954.267628220457,4934.973406243944,0.15139341036460638,22,48,21,121.51566588205013,1.2063005891985528
1382.6268709285707,10984.257119702683,7.038216952003396,22,7,156,172.82835886607134,0.12586203999255974
661.9374831727889,4241.704297127921,6.6065164647760195,443,46,385,14.083776237718913,0.15601782184558194
1064.4244898308805,11233.29504298844,44.13906429896826,443,78,14,13.473727719378234,0.09474777774286872
933.6511349629006,11978.090453891293,68.29853088869302,53,88,20,10.49046219059439,0.07794006886888587
6839.188372785482,25466.837069076002,1.4608781595458,443,18,244,359.95728277818324,0.26854217553833337
218.10602740456898,1954.4717016443356,12.746486686239233,443,38,377,5.592462241142794,0.11153627394411585
349.40130800935157,2519.265773631653,15.896157581124546,443,65,457,5.2939592122629024,0.13863669128270995
5189.820231627626,37906.25458549391,1.9503087412069289,443,17,173,288.3233462015348,0.13690836459609054
448.8539683100483,6659.787288727306,9.480159410993611,80,90,445,4.932461190220311,0.06738752475547256
4233.564616043998,110392.19196230672,7.627621927494612,443,86,411,48.66166225337929,0.03834987050188322
14032.817526746521,30881.253101358096,15.359843748461328,443,82,122,169.07009068369302,0.4543974651295571
600.2267254490781,54728.68327616371,21.646369125392532,53,38,497,15.39042885766867,0.010967114909478992
3047.398302073615,182779.99228762544,24.313156885113866,53,92,184,32.76772367821091,0.016672402660328094
194.31131278752576,13841.599347562795,2.941135242957877,443,85,308,2.259433869622393,0.014037198354782789
3401.9359550472295,9304.65360734454,33.52734064964448,53,63,68,53.15524929761296,0.36557732520392033
1479.0214697182,81434.46606426059,22.697769482965274,80,97,293,15.09205581345102,0.018161883773724664
2229.555290441315,47300.22568844449,43.978004623615455,443,94,338,23.469003057276996,0.04713525406564648
416.3981491919308,16630.681229990823,11.932611282603728,53,42,159,9.683677888184437,0.025036443606258355
90.77417933860076,177581.8574694505,44.86553501899559,443,8,49,10.086019926511195,0.0005111652139859085
2332.924937172471,16020.645853194997,40.16462488184701,443,30,181,75.25564313459583,0.14561081667569406
49.64488039517479,23136.354709415264,11.539640877148978,443,64,295,0.7637673906949968,0.0021456593036961497
681.2805994797122,22738.93599634474,9.597631204665811,22,9,394,68.12805994797122,0.02995965334243784
4499.730565488372,5421.398883137202,54.005216832777435,443,97,393,45.91561801518747,0.8298413050138784
1462.4181384200658,24744.98408509999,25.116885635068673,53,57,348,25.21410583482872,0.05909719061448094
20384.171405961355,178999.85344825714,52.69005136879364,8080,59,476,339.7361900993559,0.1138775095944093
5103.4074796357,42935.42291001577,31.888501315303756,53,93,141,54.29156893229468,0.11885963323798987
411.22989671280624,23077.078694869208,18.796174455740182,443,95,18,4.283644757425065,0.017819069869288218
1142.4953694669357,17280.760956993385,2.46263376720206,80,67,140,16.80140249216082,0.0661098931011775
1021.4147409203264,36181.40322003834,6.8915588174292655,443,75,72,13.439667643688505,0.028229599197950792
102.17988669042889,67822.54513256764,69.37394621181903,443,5,471,17.029981115071482,0.0015065547884692326
267.57546140753874,54932.37961903035,7.696259738041541,53,95,242,2.7872443896618617,0.004870908421495401
472.8880309959006,13389.186831003179,1.9578774285346463,443,84,261,5.563388599951772,0.03531601440399561
51.710933855247234,35852.636690132684,24.58946084697915,8080,4,263,10.342186771049446,0.00144227862579638
1177.6076007293284,45247.81278525671,26.48549929706961,80,8,143,130.84528896992538,0.026025160180844012
754.7542752432853,4862.011492971886,6.722262190341654,53,42,195,17.5524250056578,0.15520306220416508
89.1802094692004,28348.96531814858,7.067094364051593,443,35,146,2.4772280408111222,0.0031456902492967283
2010.863071938164,860.9566636188764,12.6558348832732,443,13,294,143.63307656701173,2.3329050714634176
3209.303187570137,45424.212858226965,0.4405966887841716,53,5,26,534.8838645950228,0.07065026195004169
1541.5623872644221,59308.89548082203,31.148583465074967,80,40,422,37.599082616205415,0.025991655772903684
674.4501303515415,67597.0207071018,7.627808477410584,80,19,59,33.722506517577074,0.009977365066262721
2662.8792138896233,12178.528507162162,38.4505476644315,443,82,52,32.0828820950557,0.21863565673529312
3042.1827320271286,35016.3457379717,32.453545506163024,443,97,417,31.04268093905233,0.0868764513104796
1739.0692835318357,186452.30876960125,21.658836275732156,53,4,149,347.8138567063671,0.009327103364418105
318.32778563872535,183625.65351532318,7.857144464312258,8080,59,401,5.305463093978756,0.0017335598048796423
1660.545012530759,21083.39306752972,14.52649278540876,80,18,107,87.39710592267153,0.07875706961126727
6589.422403521467,27145.849645140494,11.769591371615263,443,24,318,263.57689614085865,0.2427324897605946
448.1179200073976,116583.92945365753,8.276455312117642,443,93,59,4.7672119149723144,0.0038437036597043553
25512.1224581172,2318.781189138621,37.695436010211615,8080,31,258,797.2538268161625,10.997641750681812
498.4750804184598,13566.874281965518,13.213873753313019,22,58,448,8.448730176584064,0.03673936462405428
1151.257981000006,163301.8623404158,35.76209485335071,53,28,281,39.69855106896573,0.007049833447500335
399.9228309977815,95111.08588189256,2.2235139138439592,443,9,425,39.99228309977815,0.004204753026806647
1532.884071271759,38326.45494942956,3.040304298467791,80,45,19,33.32356676677737,0.039994413229218956
80.37212893485753,2301.3504735182123,75.72570506332393,443,90,166,0.8832102080753574,0.034908729083301206
483.4448777996253,20437.661922838823,17.72340207041319,443,49,25,9.668897555992507,0.02365345048637496
213.1120746674706,9091.78834663763,14.257598884694092,53,2,423,71.0373582224902,0.023437483260706944
1343.465195448142,36190.73240861719,14.811320360608438,443,6,4,191.92359934973456,0.03712077610101541
4874.004040928868,6541.880705816252,4.848280142613001,53,29,3,162.46680136429558,0.7449324326815485
2889.9927737528933,4728.744002014034,25.366952075250808,443,26,418,107.0367693982553,0.6110251997829624
31.265365730491993,994.9595504065827,1.7718297391352413,53,28,362,1.0781160596721377,0.03139220434979359
23461.22833170068,137682.69808352005,17.034593271519675,80,7,394,2932.653541462585,0.17039946383099697
1707.7293659267673,12092.542664087357,16.915191390612126,80,34,369,48.79226759790764,0.14121001706125305
342.1507020453011,27881.500282105277,49.1120272945967,80,56,27,6.002643895531598,0.012271162865006412
1388.1009632103467,21952.64308805943,14.93867414011254,53,10,368,126.19099665548606,0.0632287296300874
1428.3636020231488,4441.9515651619295,2.948264788140709,80,57,346,24.62695865557153,0.3214897981835393
403.3186420430603,3332.248674909667,17.007871708978314,53,47,219,8.402471709230424,0.12099866567980876
1475.6812123095494,4875.740703179666,1.9154138925373205,80,86,385,16.96185301505229,0.30259579135454057
440.8883058141578,7444.623267500469,4.557942515863924,443,27,44,15.746010921934205,0.059214425706790565
597.9200270426019,38173.97846723108,0.6320546271057093,22,39,212,14.948000676065046,0.015662615960762072
391.73331773287316,6676.996266631371,14.401883528114821,443,22,52,17.031883379690136,0.058660307986437066
127.86730741444858,302469.56728994584,1.7664108232838607,80,19,153,6.393365370722429,0.0004227429748292699
1364.7884382626828,102819.11454164491,12.674724855675771,80,9,202,136.47884382626827,0.013273554929856714
2638.4559425069365,74053.2216007109,54.044852552259215,22,19,321,131.92279712534682,0.035628704015458965
2373.985326220649,18407.466444030648,25.44227884562734,443,2,464,791.3284420735496,0.12896160217574593
3751.4131161425767,213506.18986676345,1.61144323107153,443,92,11,40.337775442393294,0.017570429916124137
1783.8162608206658,15882.79224350979,5.077463438300745,443,61,68,28.771230013236543,0.11230417985034673
493.1985112210606,21017.440641602356,22.396458231980034,443,59,227,8.219975187017676,0.02346503813631444
3864.1452942103538,28423.223237354272,45.01919067084782,80,86,121,44.41546315184315,0.13594550190318688
143.12576084430225,63116.31423385253,0.6694519103062234,443,70,333,2.0158557865394684,0.0022676148784470575
284.00530746149394,57260.25995253691,33.474316734129715,53,71,469,3.9445181591874157,0.0049598158981639965
258.19107016608143,10800.115228199164,16.502230562574653,80,70,15,3.636493946001147,0.023904112187601283
5541.852381297293,9902.172147169294,15.79718516432185,53,33,57,162.99565827344978,0.5596037611929594
4510.587865907395,57518.06985291044,63.312949885272914,53,78,330,57.09604893553664,0.07841899873280307
2277.782943276174,64399.09607148356,27.538338349816254,22,65,64,34.51186277691173,0.035369247597827405
5474.71116377226,12209.54513299303,37.95825505501429,80,25,230,210.56581399124076,0.44835927504821466
293.2647622388569,2036.9683844888298,8.738978338661271,443,70,11,4.130489608997984,0.1439005454995881
1849.9107613327128,16139.514421906568,16.165057906091047,53,28,121,63.790026252852165,0.11461287496648422
908.9029814700408,56122.31017248421,19.111324156781915,80,18,224,47.83699902473899,0.0161947500722374
3906.2111030946708,330421.79026835004,7.759890439397557,80,63,225,61.03454848585423,0.011821857384359822
922.5703666081838,3652.1198415214653,16.890945432091076,53,91,125,10.02793876748026,0.25254314302044584
615.5927762350306,11616.05092104957,5.400913690069704,443,49,148,12.311855524700611,0.05299045174361803
2468.4921505344087,12282.056531997152,3.0951162492539632,443,66,228,36.84316642588669,0.20096725469788637
4081.6383810950456,168334.44257922872,9.367147997378417,443,40,30,99.55215563646453,0.024247052899593516
402.414321246011,20901.7412799394,26.88690353006941,53,85,10,4.679236293558268,0.01925174865137008
1000.6314132467719,5647.736706365814,49.58337837959559,443,87,54,11.370811514167862,0.17714251261155714
224.15528528083104,50921.62293340644,12.239236728049274,53,66,186,3.3456012728482243,0.004401880193287921
25.865459633025633,12004.564361859562,20.59051497478785,443,80,207,0.31932666213611893,0.0021544559550401086
1481.3208680090097,3510.167689001597,2.1748162480238533,443,4,255,296.26417360180193,0.42188838563566994
2733.5544410563075,5772.381652593433,46.9649922377105,443,34,157,78.10155545875165,0.47347544395032
1624.7353397123259,296873.9543673855,16.814586245488858,80,5,129,270.78922328538766,0.005472793564463848
58.88918299006835,39195.367096263566,30.31332809968876,443,98,58,0.5948402322229126,0.001502414314200104
647.8931915328666,25890.72520027291,31.64046318138301,443,22,405,28.169269197081157,0.025023175803134103
39.349306858214504,15140.967011938876,5.927206431729375,22,20,399,1.8737765170578335,0.0025986918890517356
8557.399801477493,34139.9408296195,15.065352849955246,443,47,195,178.27916253078112,0.25064920864903023
215.06022965419976,33535.300826057486,64.6188423941943,443,77,417,2.7571824314640994,0.006412759438485814
7209.143386887939,34140.96433078086,1.8781832198516781,443,34,422,205.9755253396554,0.2111519805082949
4531.482671719338,26167.34754041416,22.980218490559334,53,44,403,100.6996149270964,0.17316655798463992
284.0398289744588,81080.47893224923,65.54285601852202,443,6,388,40.57711842492269,0.0035031407013653426
200.5016694404777,22803.208278238857,7.149994481070678,80,56,76,3.517573148078556,0.008792310041818397
1854.8429800389388,5080.12804859425,39.530180105818104,53,29,89,61.82809933463129,0.3650455100323838
309.05335881077224,8789.961965483966,54.25850491941857,443,97,354,3.1536057021507373,0.035155806614135206
1278.86336106045,1131.6951945783464,27.494131938375155,443,53,81,23.682654834452777,1.12904457190402
531.5294544241657,460572.5526020905,5.261826694361288,443,1,186,265.76472721208285,0.0011540598703968072
75.81243871299363,80348.75593156801,8.129333755230808,53,59,326,1.2635406452165605,0.000943530416913292
38.640384932399265,6341.64994526341,0.7293235313869108,443,48,268,0.7885792843346788,0.006092151587406347
1540.7527470049204,14432.425513616083,35.61084052253331,80,7,383,192.59409337561505,0.10674893119110346
472.32314496830867,8473.3844498454,37.89062497261491,53,86,79,5.4290016663023986,0.055735392672316794
478.3608072466685,222753.4463540992,20.032087923124525,80,32,145,14.495782037777834,0.002147480398601101
3114.4123403499493,2618.0479284887224,8.693589997369168,53,78,129,39.422941017087965,1.1891391167274548
6375.153288220905,26152.866687041307,1.5984265663377832,80,61,14,102.82505303582104,0.24375566964940062
728.6422843496646,18717.388482363545,27.97200416160789,443,57,119,12.5627980060287,0.03892654995573956
657.9322349575859,76134.58786628372,25.93098867178474,80,51,2,12.652542979953576,0.00864158606239577
2322.070560645033,18844.68439999511,48.74577699169472,443,88,4,26.090680456685764,0.12321497650919144
143.25075777384592,1576.0652707596312,26.226114240774677,443,19,244,7.162537888692296,0.09083375332008026
1532.6132778682588,15113.191459742708,35.28618696733984,80,27,66,54.73618849529496,0.10140226699856486
2509.4752781294414,5124.338246754143,27.40484716507663,443,63,246,39.21055122077252,0.48962139810356564
3042.2276712128505,24819.112975763066,19.92222531818545,22,60,90,49.87258477398115,0.12257106461133345
60.03159135531506,189333.5502612366,11.136218302117314,443,61,430,0.9682514734728235,0.00031706622627769603
350.01187948269376,1621.1031181954224,46.47971088565201,53,61,178,5.645352894882158,0.21577659000623792
293.7135935025068,6632.0278550223065,21.051866179861456,22,87,60,3.337654471619395,0.04428047038580076
1273.889925399239,9613.855030345356,10.161764875096424,8080,45,232,27.693259247809543,0.13249184947445664
2255.4772484431005,12426.087308570548,1.7431942001421696,53,21,436,102.52169311105003,0.1814968538031895
10353.352001801688,66848.79093695068,6.869671136982105,443,44,353,230.0744889289264,0.15487485984161778
521.9395514973518,16978.164795379947,15.693267664648559,8080,93,176,5.552548420184594,0.030740001512876074
519.9024784453774,41097.56235305112,6.449207616048467,53,1,167,259.9512392226887,0.012650137831567732
6151.8493832437825,8615.691686834054,5.000927883695876,53,95,383,64.0817644087894,0.7139456309715192
1711.0549819918738,31097.61845193363,14.989843808596442,80,91,198,18.598423717302975,0.05502028923363587
7342.812824398382,70735.04721021974,3.722263017710838,8080,44,60,163.17361831996405,0.10380581208582876
1691.028164881501,7343.351869884031,32.229806676724294,53,62,414,26.841716902880968,0.23024879456220862
193.31579049378584,71113.8348404378,13.247244794737155,53,61,470,3.1179966208675136,0.0027183609570005118
148.45879839098455,23826.630271129907,17.05987715472483,80,91,411,1.613682591206354,0.006230531391569416
106.98959924414466,105682.05248692275,3.188902993877552,80,79,83,1.3373699905518082,0.001012362878687513
2960.3943125276087,16282.890124645884,7.848302681612171,8080,89,74,32.89327013919565,0.18179896141936086
6521.7318096645595,39021.45814869144,10.555695183275215,443,79,311,81.52164762080699,0.16712765210264582
17571.669772224126,20724.88958741537,33.02738028119536,443,83,454,209.18654490743006,0.8478125726817309
3884.144367365022,19066.375296656657,29.407395786626456,53,50,26,76.15969347774553,0.20370629449172703
6274.555132718376,32480.514749162554,5.045718781148937,80,75,426,82.55993595682074,0.19317310726342118
459.424905100256,49276.92530136709,19.151583870497404,443,41,377,10.938688216672762,0.009323138145337268
193.51911147091417,3380.073156284496,5.579901155148602,443,33,243,5.6917385726739465,0.05723600245419557
3924.9896710221356,189179.27950170974,88.87319997541263,443,87,323,44.60215535252427,0.020747351052447637
2051.8992945556674,1353.5762449661242,60.78276796916282,443,12,116,157.83840727351287,1.5147905495766185
1288.4130696658428,7885.507305635598,16.5685607043944,80,2,323,429.47102322194763,0.16336928626759267
1960.7007639439817,19122.030790407964,24.006427703839638,80,21,180,89.12276199745371,0.1025308584938043
1780.7292024374167,40885.63073910308,32.33231041981267,443,14,262,118.71528016249445,0.04355284772179494
7523.037737118614,234276.8445995975,25.530756685106283,22,34,497,214.94393534624612,0.03211160555952775
7650.133496761907,1356.3638624734854,24.06803875152212,443,79,114,95.62666870952384,5.636022667364436
2480.785513967091,10285.17490128947,63.667281913426585,80,85,266,28.846343185663848,0.2411766801336521
3899.8926607111202,906.6439075147678,18.149400296051866,80,64,38,59.998348626324926,4.296721025087328
2371.0634074854747,23096.421263855802,20.228665464659844,53,23,380,98.79430864522811,0.10265489728915556
549.0806872095276,33107.83951746245,37.84513664253859,8080,85,77,6.384659153599158,0.016584111530696458
3411.2941430448664,239472.4393089014,22.16663951465148,443,50,102,66.88812045186012,0.01424497912123178
135.40325454505245,26395.587666998577,26.405086008459975,80,14,12,9.02688363633683,0.005129574180314817
5328.565417238776,105454.79895485876,5.335867009195171,443,85,302,61.960062991148554,0.05052889902735185
182.76763471281188,52878.685831096205,9.280969500241659,53,76,49,2.3736056456209336,0.0034562919926678973
1683.625747989498,11465.842813957699,3.186981428256133,443,46,254,35.82182442530847,0.1468255713717599
308.6688632646068,2661.2703948449653,14.094901227896823,443,5,347,51.44481054410113,0.11594196587329808
2515.139314934104,33273.063590249316,12.16610111889992,53,66,380,37.539392760210504,0.07558858292472412
1042.2239902954473,2349.239585841951,117.29885323177653,8080,22,249,45.31408653458466,0.44345435953589407
100.26995139103764,153708.0970490069,18.894249236550237,80,70,72,1.4122528364934879,0.000652335829928587
2061.2120169828345,17273.12055303149,30.877200806655534,8080,2,447,687.0706723276115,0.11932370222003029
460.8713029661981,132291.89914382916,8.12975273698035,443,29,197,15.362376765539937,0.0034837191258854923
4112.227293319394,10717.983909578192,35.62177188250153,53,61,253,66.32624666644185,0.38363965540099565
1098.8160193906567,32967.45624950704,19.094653224525114,443,71,484,15.26133360264801,0.033329313665000214
1984.518269111152,30152.505082042546,23.879943310740753,443,16,358,116.73636877124423,0.06581385028744141
260.7720274205899,20587.385708764006,6.9750078956758585,443,64,299,4.011877344932152,0.012665977367501193
453.049618618542,11510.451525313696,15.909729369877532,443,97,222,4.622955292025939,0.03935642847665956
551.1693134275148,39683.23271473747,20.104459418788437,80,97,60,5.624176667627702,0.013888874137733497
3964.177689941357,5490.3929348522015,17.787848916130194,443,14,357,264.2785126627571,0.7218892796364883
13576.09265372184,3589.7829015984935,49.34771162409319,443,43,157,308.54756031186,3.780816893073159
327.7471321154474,142093.46723127767,45.70918452653522,80,76,342,4.256456261239577,0.0023065439387023796
5515.249754078582,65562.02914489541,70.7981974331437,22,43,462,125.34658531996776,0.08412133829097167
42.3294843762722,24314.725000497092,22.01797838073524,80,70,382,0.5961899207925662,0.001740827566334413
182.85909770246587,267724.4539878941,71.44977361124954,443,55,202,3.2653410304011765,0.0006830097586116497
260.2993502189495,14740.465145276103,35.73281186497367,80,76,267,3.3805110418045388,0.017657630883614193
144.20515394258234,160180.2191433363,6.3170262662923395,443,31,35,4.506411060705698,0.0009002625570825631
101.96375584843496,28662.964342640695,11.152603645410402,443,76,255,1.3242046214082461,0.0035572105319972448
2037.5397786875953,4735.648120323754,5.446477439157137,443,74,23,27.16719704916794,0.4301649028867122
795.442412363492,352237.26917369745,0.084119872677572,80,40,456,19.40103444789005,0.0022582509681003445
1937.4115264316456,97349.83052701589,4.166299628885948,80,27,405,69.1932688011302,0.019901335365536437
3089.328490183432,18369.894837129996,0.08137705706062288,53,52,165,58.289216795913816,0.16816429017597406
1633.4105825627576,65562.35079055864,25.447778368423254,443,7,28,204.1763228203447,0.02491347014554928
2941.41125605148,12021.414126963537,11.086297671987662,443,46,372,62.58321821386128,0.24466061682691204
988.01864659002,76398.89812395707,7.496042985609087,80,33,351,29.05937195853,0.012932198482607694
184.84357327626574,609.9531506922449,28.686251318528537,53,91,314,2.009169274742019,0.30254950492820504
5360.010812022525,4770.936994313323,35.73385946678677,80,8,53,595.5567568913916,1.123235872227568
453.1992167235412,95691.96526859218,74.01866714760256,22,5,284,75.53320278725687,0.004735972131822816
269.5100152123088,15146.377791357081,20.545204786432638,443,61,298,4.346935729230787,0.017792519532066342
839.7659199642936,30070.90711584279,12.380431202726736,443,72,475,11.503642739236899,0.027925263161041075
278.88056871596785,2921.4095658774386,7.284475916571955,53,60,488,4.5718126019011125,0.09542829724218871
586.313381304384,352145.7718940082,5.02875695487274,53,85,85,6.817597457027722,0.0016649687803495102
1837.3523651181758,131372.8135962592,4.78865888235121,443,24,457,73.49409460472704,0.013985681886077893
1849.2077976400085,16300.844127823751,10.52519487845976,443,7,349,231.15097470500106,0.11343549742840489
285.2183137994424,12003.531950894729,96.03917036662723,443,61,124,4.600295383861974,0.023759219848482668
527.6546198385794,103198.18473827904,0.017081240891696565,22,83,445,6.281602617125945,0.005112972754356068
5494.481518007733,430932.03931682656,4.393140158305729,443,95,207,57.23418247924722,0.012750197865353582
2309.0701190366312,92100.93587647643,4.174780488966198,80,36,417,62.40730051450355,0.025070809826771363
24651.611658640413,572463.353549745,25.254613617124942,80,27,439,880.4147020943004,0.043062264935415366
6439.410390341756,5521.87638543343,8.69225797930933,80,29,165,214.64701301139186,1.1659522938673192
6102.413348610676,6444.096724875608,12.22252755092764,80,87,47,69.34560623421223,0.9468303749511927
136.7558438645549,3701.8512928565674,3.218031361934725,80,20,420,6.512183041169281,0.0369325779105362
3448.830708311262,42729.33537574744,10.383777935429844,443,70,371,48.57508039875017,0.08071152912758843
1012.6640367413563,28664.23119678108,2.1784439496990764,80,76,156,13.151480996640991,0.03532725864967285
479.8757876538737,17537.089458617484,15.230374383222447,443,76,266,6.232153086413945,0.027361919255012284
1410.956342848178,74153.15845825542,2.061448603856774,443,3,279,352.7390857120445,0.01902733942618291
4527.011564151463,139873.38616062183,31.261430920399622,80,39,476,113.17528910378658,0.03236483596755852
2324.4701196178135,2233.9048480147258,16.721963056660453,80,99,482,23.244701196178134,1.0400756531906263
293.6208467060494,8996.05977924042,25.744760413351052,80,83,5,3.495486270310112,0.03263520015544883
3339.874032332221,75373.82846717042,10.843449747814047,80,45,82,72.60595722461349,0.04431020408606179
421.41524885232,10920.444725108113,9.608880200664005,53,68,119,6.107467374671304,0.0385860350401717
1517.8113554276872,6652.12003742051,2.0674474010135904,443,31,262,47.431604857115225,0.2281352729081617
695.739214830295,101499.19450037494,14.84068248404574,80,38,125,17.839467046930643,0.006854560410007145
789.7375083974631,3183.542646314592,14.451609005732703,443,97,426,8.058546004055746,0.24799087219366042
3461.1786577119015,14011.45219749998,12.626072418282659,80,6,303,494.4540939588431,0.24700734810209912
230.37523136254163,36060.957115415345,26.98138696739359,443,8,215,25.597247929171292,0.006388317489958511
20288.157317382287,9313.964658955587,35.73596393823851,443,28,28,699.591631633872,2.17801763723031
71.40521429767715,71305.838113121,27.789161202725097,443,15,489,4.462825893604822,0.001001379617820104
447.42032408161583,9383.278837946169,3.1065614524705394,443,95,269,4.660628375850165,0.047677645965977886
1910.8774910018656,182212.56792639312,19.460370554390213,80,8,498,212.3197212224295,0.010487020877467163
2634.559434999972,18240.15121256186,1.674657449226171,53,54,25,47.901080636363126,0.1444294498905129
943.207611578577,60289.015687846564,23.724117334545486,53,6,7,134.7439445112253,0.015644507648862854
1006.177670094378,67442.8552541307,9.620129877221162,22,29,194,33.5392556698126,0.01491874487754395
2030.0691347670695,8592.886560866524,2.8427712802118386,80,34,80,58.00197527905913,0.23622247284613646
775.4129947092212,1012.0873668657939,39.61740381121768,53,7,442,96.92662433865264,0.7653959767637117
8864.163789754402,37840.4392806746,19.03879026956974,53,40,322,216.1991168232781,0.23424489021170183
3862.321364052143,24549.150276962457,8.761572935775707,22,74,36,51.49761818736191,0.15732373612704503
4061.211172707084,50702.93317026294,0.6241831674074304,80,13,258,290.0865123362203,0.08009657079401723
257.43439602992026,15681.058396853865,15.413971107130095,53,62,113,4.086260254443179,0.016415854954446973
973.519020992664,11549.04988813641,51.337753101365166,80,86,294,11.189873804513379,0.08428699706246381
698.7556266718373,448072.136080773,18.145620464474575,443,85,202,8.125065426416713,0.0015594677975648028
242.6446279375942,2419.8695378878347,71.26299152004096,443,65,14,3.676433756630215,0.10023036109136939
1882.2935316537817,66232.44433394459,2.934095483240448,53,41,155,44.81651265842337,0.028419079674663814
489.57191349754413,9303.046561225487,16.80072401787514,53,42,399,11.38539333715219,0.05261924585994977
2931.0199427807866,13310.814091118249,32.00213645615982,443,66,85,43.74656631016099,0.22018185671150464
220.23885361505455,13688.97100048023,14.91159009425945,443,93,140,2.3429665278197294,0.01608760556230023
14451.607301070066,6600.156162656199,1.9096637271063008,80,11,371,1204.3006084225055,2.189253964756224
285.85966601021505,51887.662044555684,17.487914339191374,443,50,427,5.605091490396373,0.0055090968767850185
1523.7863037840993,177365.0636355,18.921493340011406,443,71,97,21.163698663668047,0.008591194237222233
3596.7608861736635,44579.103279204166,26.09128298752408,80,35,185,99.9100246159351,0.08068085584385555
465.93183877298424,25721.25557730649,28.64354239174608,53,94,488,4.904545671294571,0.01811395728390373
3939.0819406334604,5015.755069876616,29.460822797118418,80,80,342,48.6306412423884,0.7851852214763076
173.5081553704778,47821.84864811098,21.779837886678962,443,79,358,2.1688519421309724,0.0036281434560116155
9683.479312251327,559346.5171167542,4.8621090795565305,53,20,492,461.11806248815844,0.01731209850034977
1120.15673610467,12443.554591042153,10.358205073234421,22,28,432,38.626094348436894,0.09001179816519764
448.2642436217129,12531.7992251846,29.93379260828423,53,37,189,11.796427463729287,0.03576728834217084
700.1029119849807,9493.534847332594,61.334678969930955,80,3,82,175.02572799624517,0.07373746299763895
3689.9895464459373,10571.094785187623,1.6447532011937251,53,93,300,39.255207940914225,0.34903106918942095
456.37601417980534,358.5437430569308,15.33745371468738,80,59,180,7.606266902996755,1.2693198616101127
356.3678435746901,40439.126733880934,7.494516892393309,22,73,446,4.815781669928245,0.00881223359955802
786.5805268777923,6196.077660725157,5.1080125912673315,53,27,386,28.092161674206867,0.1269276536363028
187.6459290269524,1967.6698842759859,14.0967320693455,53,32,349,5.686240273544012,0.09531609668319917
16828.276270948307,68171.7083781027,18.632622961560898,80,48,455,343.43420961118994,0.24684770007397278
468.9087155639238,4345.835557514789,0.1964058608425358,443,46,415,9.976781182211145,0.10787358052992749
3817.783048256597,13253.227930946205,30.301342765679987,53,95,105,39.76857341933955,0.28804265839904336
1501.4778350930826,198722.28709269382,34.2828763212148,53,47,381,31.280788231105888,0.007555620969538025
250.43487940583,2660.2524491373815,67.34219519537336,80,90,210,2.752031641822308,0.09410414238867341
1086.8815767791682,2210.7843655965867,3.9847257509486367,22,40,329,26.50930675071142,0.4914048555931458
3554.6225740574428,32989.98416879164,18.05528074813403,80,3,249,888.6556435143607,0.10774527234079898
826.8373470380963,123528.97785335295,11.12431954859983,443,75,72,10.879438776817056,0.006693414516917228
6566.061200099932,2076.6004226560513,8.154188039714418,443,29,161,218.86870666999772,3.160406172668049
5075.970865561923,40600.4571450109,16.677330387982696,80,91,133,55.173596364803515,0.1250194259637713
4351.9194602471225,52654.09592814283,30.50038140871247,80,58,240,73.76134678384953,0.08264954005944808
550.3282077388159,1003.5101416481615,0.46645308886081893,53,50,78,10.790749171349331,0.5478572937410653
217.0735699973289,72966.22974488711,69.73517897328244,443,10,58,19.73396090884808,0.00297494602380104
436.862540051715,82035.61980254893,33.202163356458485,80,61,461,7.046170000834112,0.005325213802118909
1471.9766126247664,13798.589283905916,27.8183971366529,53,99,125,14.719766126247665,0.10666814659052878
2486.621075963111,144137.00407670648,28.574635042190124,53,61,11,40.106791547792106,0.01725166857895296
42.20939779696614,121137.72028201634,9.855153716503436,443,23,468,1.7587249082069223,0.00034843853145138714
1083.3682290659347,25711.069257835225,27.85595330429973,80,6,407,154.76688986656208,0.04213461850161283
1390.1039923753376,11190.627924399438,9.780310993460573,80,75,429,18.290842004938654,0.12420927516225777
723.1984136254442,5119.224087430038,45.79472578594703,53,60,27,11.855711698777775,0.14124350834582997
7607.658821553944,20819.69590075696,3.901386507949318,443,27,207,271.7021007697837,0.3653892673816613
2064.5552592500912,51773.74153551297,6.916040357906569,443,55,222,36.86705820089448,0.03987572314260586
7826.63439619235,13544.48467564737,16.029688788680666,53,31,312,244.58232488101095,0.5778039386263819
793.187168371761,815.4568367647447,7.690058240591072,443,30,382,25.58668285070197,0.9714992056589409
4474.7968756403,147719.55283722185,11.041191746540445,80,67,250,65.805836406475,0.03029231064800594
12741.244283112694,29299.766707360686,13.562124870155294,22,13,315,910.0888773651924,0.43484337493161734
7844.282283912757,12463.544908708727,38.807976122796155,443,59,208,130.7380380652126,0.6293276121482875
213.1055557497423,79677.10690171979,14.812838334738165,443,54,109,3.874646468177133,0.002674581061678595
749.5596371972794,216849.29425428426,9.002760427349582,22,21,296,34.07089259987634,0.003456576527944787
653.4414547479419,329.35383058721527,5.693363417325461,22,43,402,14.850942153362315,1.9780047762316764
2284.4528063981807,42251.514355770225,10.507823051607229,443,11,435,190.3710671998484,0.054066671326654527
3070.2993148476653,2591.588232111924,14.502505640817866,80,67,61,45.15146051246567,1.1842602989625537
311.5815148673535,46567.85430045079,27.417466158950774,8080,38,122,7.989269611983423,0.006690770463389678
1214.0993083583583,26685.905031620066,2.580517467251976,443,95,239,12.646867795399565,0.0454941967575419
52.990306561873766,57158.86582064137,5.010531043742814,443,24,106,2.1196122624749507,0.0009270544253576273
9536.840343601245,10416.314711795783,9.549558353346447,443,51,279,183.4007758384855,0.915479718857149
508.4864860274694,1326.2886505956901,8.938196089324276,443,76,36,6.603720597759343,0.38310166051616545
1192.4865093288777,11208.724341505183,9.943323064601687,53,61,38,19.23365337627222,0.10637964618929753
689.1958126844818,40549.204950680236,31.551156966999056,443,46,72,14.663740695414505,0.016996111697159755
6118.311033623208,101021.48470092009,7.835812715534878,53,43,56,139.05252349143655,0.06056385419282291
15.545020121355538,3798.087954794713,13.939015316664218,53,27,167,0.555179290048412,0.00409177684389661
1069.6475562469363,102805.14098243498,19.55837826233456,53,85,221,12.43776228194112,0.010404510333966253
935.6784337404995,8334.773043918252,5.283961201640869,53,89,76,10.396427041561106,0.11224854957191605
555.3204967039051,37936.72132524701,25.366343305656844,53,30,210,17.91356440980339,0.014637687170060665
14608.222271448938,10251.29246436292,15.84217845268931,443,94,498,153.77076075209408,1.4248737365059843
289.7463287448641,28947.9868455146,11.840032577036709,80,63,211,4.527286386638502,0.010008859041979144
3490.1300072144068,83936.5513932432,33.19190302000419,53,10,228,317.28454611040064,0.041580078871533005
1871.2822743357663,3496.364117892646,5.5809295799796645,443,3,225,467.82056858394157,0.5350550332355204
7275.580471861733,7943.753335914876,42.94172997411971,80,77,453,93.27667271617607,0.9157717255955455
403.1127795652241,29069.473473236663,16.467337731445475,80,60,254,6.608406222380723,0.013866742828813726
365.2370706285145,808046.989832486,18.789901617774806,80,27,487,13.044181093875519,0.0004519992317587854
5676.583652991614,6034.301780139815,41.59826732646242,53,82,156,68.39257413242909,0.9405633487411311
2075.5510475545548,469865.06136967754,34.02916585478319,53,45,474,45.12067494683815,0.004417324889361543
108.0499888743046,445358.5448577717,18.40407098046783,80,62,363,1.7150791884810255,0.0002426129407618535
488.3549403745984,19034.973448687382,27.98254331717655,53,24,149,19.53419761498394,0.025654319265100294
1957.7947295013491,14083.669458387472,11.359192178071044,80,46,318,41.655207010667006,0.1390018228887491
3853.1502225123218,7800.180878834398,15.853947886333003,53,78,279,48.77405344952306,0.49391884156492405
395.89697774992504,19884.50778988718,1.2816021076375277,443,44,405,8.797710616665,0.0199088191226004
13.854582097378541,2670.2325665042986,1.883091151860268,53,63,459,0.2164778452715397,0.005186587746460917
2403.8689445852956,19646.244393522218,35.3716513167091,443,4,490,480.7737889170591,0.12235145532051618
175.83023665460712,208005.62691141787,1.2305232448912378,443,16,376,10.342955097329831,0.000845310744496071
53.196457342099684,8807.618867434521,3.7121179018466273,53,51,231,1.0230087950403786,0.006039137138600363
15.666287529803164,15350.656855920244,31.776306442738832,80,74,400,0.20888383373070885,0.001020494900116373
3718.1119953393527,1716.9234710693013,0.022932154634617653,8080,91,190,40.41426081890601,2.1643059530614934
1329.989299383941,38603.303403649836,6.636980012992959,443,48,225,27.142638762937572,0.03445184039399601
781.7347033297614,32752.105446084966,17.543259010134783,443,65,475,11.84446520196608,0.023867498751120816
8809.064652433508,24235.00948483395,18.099595426569344,443,69,65,125.84378074905011,0.36347009428041005
2852.6025286749455,15910.895811277442,30.025388596812775,80,77,108,36.57182729070443,0.17927483704695854
12387.585293739008,14198.095598891583,14.101409810624212,443,45,80,269.2953324725871,0.8724207261979428
135.76110927553486,46763.12998371503,14.242599157363378,8080,3,133,33.940277318883716,0.002903103496693124
1041.2467415048561,21094.657695449,25.842283702640163,80,17,174,57.84704119471423,0.04935834457199625
97.02124135564473,35328.94248222405,13.807997687379995,53,83,64,1.1550147780433897,0.0027461477301996776
777.3778318211683,30408.401859966685,18.75493992824567,443,37,210,20.457311363714958,0.025563733065219193
755.2706934410783,118793.37645892614,45.6113979624882,443,5,297,125.87844890684637,0.006357798373580567
2807.137208201665,60808.88219771757,10.264937974167976,80,47,98,58.48202517086802,0.04616251679413758
1174.2040839718818,29415.96298717001,9.726727984117824,443,44,172,26.09342408826404,0.03991588405927567
2793.6680020091376,214836.60597565406,0.07110608952859881,8080,88,89,31.38952811246222,0.01300362657329985
3150.0077738588793,41373.78694024716,19.00865287909023,80,33,362,92.64728746643763,0.07613351044944527
27788.9299204703,155973.9107066347,0.6044817624895001,443,21,226,1263.1331782031955,0.17816281987003083
683.3826947471754,54743.49963925934,14.029575430618745,443,67,143,10.049745510987874,0.012483129798433594
267.32521449036113,1390.086676816707,32.6166826577997,443,68,196,3.874278470874799,0.19217006312079327
1586.2458820147126,155943.98402400798,15.96664625506315,443,32,179,48.06805703074887,0.010171830097276534
329.1718514720744,26977.659107724314,6.284249303777089,443,24,54,13.166874058882977,0.01220119391989458
10126.805050265604,20375.07957552819,30.851331798772307,80,35,196,281.3001402851557,0.49699477334334546
717.0696247847374,33591.30461485001,6.286463086445049,22,18,217,37.74050656761776,0.021346246796885304
469.48457696268554,13128.297015097696,26.412513148528237,53,67,489,6.904184955333611,0.03575854643419323
540.7875041732703,30962.8473016782,18.84542930321706,80,54,333,9.832500075877643,0.0174651263101908
3221.5765651044085,9065.088631625242,3.7265023290410175,443,26,298,119.31765055942253,0.35534359920843717
865.5624485421689,148956.3200766401,47.105771802728526,53,60,430,14.189548336756868,0.005810808412079566
418.844516956239,18575.853726292768,4.4789695775598695,8080,88,25,4.706118168047629,0.022546579906770055
13333.405760294481,12408.341610094587,91.29414746940543,8080,65,67,202.02129939840123,1.074465203653367
303.61038131980496,5500.593510623767,0.14674682454903432,53,51,163,5.838661179227018,0.055185898546216264
1156.7262675072172,32963.74775515258,6.116469465268329,80,98,112,11.684103712194114,0.03508979580547266
2917.4324993262735,29163.1338205202,4.459378763054475,22,60,329,47.82676228403727,0.10003494419825822
94.91647879973776,39443.9880509958,0.2818448200947742,53,59,206,1.5819413133289626,0.0024063001027412293
2253.8401012975323,4717.914646371046,26.362840066311964,443,76,406,29.270650666201718,0.47761832332161114
225.27874154655262,1994.6586297648187,23.645909433233705,443,17,368,12.515485641475145,0.11288440727615871
3767.5272796257186,56296.46107251521,31.438119061051847,443,85,137,43.808456739833936,0.06692179732178101
258.7916976984233,204221.97475675028,5.93307183472548,443,21,408,11.76325898629197,0.0012672016848577874
3099.988087653052,4724.275838151388,11.751799699884522,80,67,279,45.58806011254488,0.6560438361341933
5760.327440839006,238986.39995547003,21.524115302117227,80,28,445,198.63198071858642,0.024103059165095378
3992.427769780846,33720.680341204934,11.58810389518659,80,89,165,44.36030855312051,0.11839350024626293
1598.7461941227618,21794.34133238803,23.901964028494902,443,44,429,35.52769320272804,0.07335265687016398
775.1438194382655,12132.910982076284,20.10098587371345,80,70,271,10.917518583637543,0.0638824382825353
461.9102626364637,2760.6542310649074,2.4353950090709717,53,62,441,7.331908930737519,0.1672585428836791
9962.18830940552,96915.30908438136,30.377609368955937,80,42,228,231.6787978931516,0.10279166018107251
384.04401551216887,6881.489866475772,25.507683323841416,22,94,127,4.042568584338619,0.05580015705984923
231.45856893933956,6838.269533248942,21.332646122297504,53,96,270,2.3861708138076243,0.03384258623148413
2975.1609059455322,97527.48013671521,3.370588688264469,22,22,308,129.35482199763183,0.030505560035129824
332.2191346202938,1307.045897899101,6.239398273202788,53,38,248,8.518439349238303,0.25398125184588916
263.724435690535,2240.833746818302,9.990363610454677,80,14,340,17.58162904603567,0.11763782040698736
125.7874536455413,21435.391314625675,6.568126480992939,443,98,487,1.2705803398539526,0.00586793979449884
531.4638820962135,34198.143689995355,5.17050043359431,80,26,36,19.683847485044947,0.015540268695431939
968.6733589105403,45574.42450106086,32.731832211834856,8080,40,155,23.626179485622934,0.021254291529154985
1579.143027932146,14006.856796897939,20.33505675155803,443,54,145,28.71169141694811,0.1127326650199515
4568.587551621113,980241.7490822244,16.669903944173214,443,13,474,326.3276822586509,0.004660669569755615
2417.155913118535,15648.98224916278,5.122446203398835,53,94,425,25.443746453879314,0.15445103225263046
823.6055144459294,15581.206755454405,50.039403081545984,22,19,260,41.18027572229647,0.05285551189067839
814.6075678451951,6664.298640073638,4.243652820847693,53,42,387,18.944362042911514,0.12221621443149551
2357.215204953174,26525.457859918803,31.690119528182418,443,41,19,56.124171546504144,0.08886279568124704
7397.188276794556,55405.92675054963,68.027547980462,443,50,425,145.04290738812855,0.1335065615549806
1325.402279120931,133969.45186677272,25.972464179705778,443,3,424,331.3505697802328,0.009893243328304819
542.5627346758893,2359.1899636037883,98.83741949146953,80,31,58,16.95508545862154,0.2298809600255426
247.32444034432277,15229.764646189913,21.056596689851336,53,76,423,3.2120057187574385,0.016238478243847908
125.48573708417534,43047.32695169547,4.904213575030346,443,15,263,7.842858567760959,0.0029149968412241177
2979.183379037539,53134.7437881646,4.558587043152663,80,54,36,54.16697052795526,0.05606740710950807
2609.6405889708644,22243.89764223073,7.8479458310304215,22,53,211,48.326677573534525,0.11731411989132301
2607.23431133402,49693.82477167567,0.14311120576776074,443,45,332,56.67900676813087,0.0524649060201547
904.1640638379732,6545.638052538369,22.895122763596618,53,38,148,23.183693944563416,0.13811120403813923
9048.932906316011,227944.6575610604,6.257749109556175,53,78,102,114.54345451032925,0.03969776394574242
530.5012201878677,97630.20036131721,33.76780779088178,53,99,76,5.305012201878677,0.005433726290617844
4595.826351887085,2929.5623416460935,8.899904079757091,80,80,413,56.7385969368776,1.5682404317342094
1034.7195031455824,4391.145595956258,13.076856089795942,80,50,478,20.28861770873691,0.2355840626272097
440.30772302628293,4580.7470485291615,67.44573689311014,53,24,468,17.612308921051316,0.09610039977384414
2667.229203279628,60897.96004535718,5.545979887710317,53,17,68,148.17940018220156,0.04379761495587268
2027.2879184467502,3206.4136558407754,25.549093112307165,443,18,66,106.69936412877632,0.6320631312256875
1873.304268194106,13406.078449057824,28.13955913441641,443,42,303,43.56521553939781,0.13972501729679604
1238.8237665877077,43567.05805745843,4.994837358654324,80,17,222,68.82354258820598,0.028434220431719084
1036.039321717332,19945.345726451964,13.902856875923897,8080,16,151,60.94348951278424,0.05194130974794959
39440.87481213543,32478.4240856836,8.621872373662983,80,85,390,458.6148233969236,1.2143341799437979
6479.41150306715,4452.833584058127,29.559970427903043,80,88,274,72.80237643895674,1.4547942532606732
3242.9553642095693,53759.81640447492,19.482810465335376,443,98,437,32.75712489100575,0.060321914381114825
1296.8567581367276,8779.565178254521,12.924625142631346,80,52,278,24.46899543654203,0.14769627373741884
4967.817068103478,13535.491144721549,30.22475326247357,22,36,485,134.26532616495888,0.3669944459750665
2385.090062316818,31463.94581108875,5.3616565064814505,80,91,68,25.924891981704544,0.07580149912339192
1140.5970463501085,25709.53804780441,28.01775704677414,80,39,235,28.51492615875271,0.044363017383353104
695.5156494390833,22833.180189337225,40.105140674320694,443,81,203,8.481898163891259,0.03045940969511422
971.2889399647489,7144.226071731572,42.17684628206293,443,25,233,37.35726692172111,0.1359353686242942
9.4343887956122,14054.190453355668,30.619337369969685,80,42,163,0.21940439059563258,0.0006712387731010607
1504.02670290981,22098.729258903542,10.485451502495899,443,21,459,68.3648501322641,0.0680563406587376
527.044971510174,2799.9928714500916,80.13549181511804,443,68,98,7.638332920437305,0.18816362472115808
11956.196965011468,11006.051650291158,9.547612048856191,53,89,9,132.84663294457187,1.086230658751856
1128.9193268771392,39399.94969660393,20.356803660917855,80,59,415,18.815322114618986,0.028652084164723667
184.29815811901784,3241.6738450648772,3.5126597780410593,8080,30,249,5.945101874807027,0.056835243667662336
1017.5771818193084,124850.5220842691,78.69447316806345,443,57,490,17.54443416929842,0.008150298569307709
228.33603289139413,147918.96868150425,24.346965290420965,80,33,480,6.715765673276298,0.0015436457628181272
2230.790137773904,3402.5285863403715,27.99793270004532,80,90,427,24.51417733817477,0.6554345236666723
1696.667049490308,168793.1786650205,1.3607958750074614,443,89,227,18.85185610544787,0.010051691728406219
4613.580181683393,17758.643194679284,28.829192456732045,80,53,241,85.43667003117395,0.2597788779374578
334.84820591269204,41265.07744246117,29.808528563315726,443,16,75,19.696953288981884,0.008114369638829456
1154.0261929516512,10456.963737372822,22.28098006230573,80,49,17,23.080523859033022,0.11034903370601644
141.5237159406299,87953.82508799412,6.903670585977143,443,88,51,1.5901541116924707,0.001609050052672414
3140.829364622469,40503.39303684815,13.454739548130073,443,5,228,523.4715607704114,0.0775429312510659
2388.2275780441687,6494.884299093368,2.340439860901915,80,77,194,30.61830228261755,0.3676524192984001
2307.009858680124,3836.044359947451,12.757544596680695,443,94,280,24.284314301896043,0.6012465956248989
1099.2996201376031,2464.0123755517884,5.589618614737793,53,60,238,18.02130524815743,0.4459610957902501
2042.9688268476777,29199.669352540684,8.587892573239772,80,71,381,28.37456703955108,0.06996308208496335
12167.316524673264,51984.824460339194,3.5490782620330736,53,81,271,148.38190883747882,0.23405065998243235
715.0543933650973,58480.49262271183,5.228707481814689,443,55,412,12.768828452948167,0.012227020229770937
1350.1456784385912,18453.85107590619,1.5931762002026844,8080,91,387,14.675496504767295,0.07315939168976983
215.03709566638548,3883.551373777814,50.48992968381854,80,35,157,5.9732526573995965,0.05535699620758446
298.1535307231597,7917.951504760052,15.117935409409002,8080,69,254,4.259336153187996,0.037650632226241154
1269.9336571707856,124060.29277149723,10.10820530855913,443,42,308,29.533340864436877,0.010236340673233334
5743.93801869607,10647.252462370938,15.315613970538262,443,69,310,82.05625740994385,0.5394254164234125
746.6367314898702,27313.229094639082,19.792999682932,443,24,314,29.865469259594807,0.02733508344324502
769.7957393090245,4387.541272807938,50.989874544641566,80,71,301,10.691607490403118,0.17541039070973188
595.6612501466393,36492.957224104866,3.937164942086227,22,71,118,8.273072918703324,0.016322188533536043
491.6981410410051,11086.386104406587,7.006829388393597,443,55,333,8.780323947160806,0.04434752577486085
1706.9393356103167,105880.78503138799,74.41924191876876,80,14,50,113.79595570735445,0.01612118019264886
116.06072345873321,70286.6078260248,9.278617687611126,80,55,278,2.07251291890595,0.0016512259706718939
7490.638838023685,10471.798652057467,0.45640117880139286,80,15,52,468.1649273764803,0.7152470974463055
404.1825178535011,18215.05919039152,3.1950080760163595,443,5,181,67.36375297558352,0.022188252334330166
3238.466609728774,9636.61938541024,0.5338355776914385,443,4,31,647.6933219457549,0.3360235012633178
163.20418799081668,2619.7920023363777,91.95027626061179,443,30,327,5.264651225510216,0.062272850285457135
2990.692353156416,6086.547918165526,6.538740602517902,443,84,496,35.18461591948725,0.4912802976436622
3004.651634775373,29653.219783966815,51.42047217198888,443,53,432,55.64169694028469,0.10132290300215223
1951.4014934752809,35878.34708851262,109.86853039167411,443,90,246,21.443972455772318,0.05438787636411742
246.7454447870203,27524.22638766377,18.317877269892303,80,73,90,3.3343979025273014,0.008964338433111178
1594.51083936334,14008.231765627086,0.6751963736930099,80,30,31,51.435833527849674,0.11381857806618748
185.93845333347153,89285.99365385255,1.7022628040741568,80,86,102,2.1372236015341555,0.0020824808376270006
750.5866624479943,24229.17723660649,13.139740426698376,22,94,230,7.900912236294677,0.030977349241755534
5136.461264652427,63251.91875290329,10.423311711662267,53,84,388,60.42895605473444,0.08120512643405353
3622.982608594827,1539.6914246036802,18.637089712914644,8080,92,419,38.95680224295513,2.351530326409641
1121.894904633163,61.338004267257475,11.555262526266233,443,61,97,18.0950791069865,17.99696537963165
254.11581714741232,33714.45788699763,54.38531196554877,53,71,67,3.5293863492696156,0.007537071511800885
2888.1792586649585,2598.9206921435944,15.303165563969634,443,68,192,41.85767041543418,1.110872061364187
1128.982266255915,16015.662776666868,23.66550707049608,443,92,211,12.13959426081629,0.07048798379526479
33.76843879012414,14000.585630368074,45.36082766180468,80,55,137,0.603007835537931,0.002411758188078619
3547.309612347012,238255.9758869024,3.1769107717701606,53,99,430,35.47309612347012,0.01488858657398084
1057.4871390540484,40134.62991084035,5.220404369124304,22,97,339,10.790685092388248,0.02634783959796352
6658.682172609309,28248.29950354403,2.2705120885039403,80,71,184,92.48169684179597,0.23571140841116933
212.10771213123604,77302.8986014319,3.008050241878335,80,73,56,2.8663204342058926,0.002743816495269324
9.345961082661919,38282.43218526028,14.372744864886357,443,98,467,0.09440364729961534,0.00024412547541284086
1666.7414762949772,11086.511969261252,7.747963812981482,8080,42,250,38.76142968127854,0.15032601370946078
1698.2362900008068,109887.66496570091,11.004252118418096,53,98,282,17.15390191920007,0.01545415344276746
86.8335057901496,4168.763750659793,80.89947052903841,80,77,60,1.1132500742326872,0.020824562489040226
252.712045688949,35770.21279805415,3.408753362157613,443,29,128,8.4237348562983,0.007064676479258087
68379.38132699169,2161.6893658273275,15.565914418069074,443,35,205,1899.4272590831024,31.617754453068876
693.384083545117,29909.03196804689,2.082140588748471,53,45,214,15.073567033589502,0.02318232505688608
3282.7555801059493,29421.60250702933,7.669072362453202,53,74,127,43.77007440141266,0.11157257687594661
413.2324464411001,272306.19876497664,14.995447969465197,443,94,496,4.3498152256957905,0.0015175230339678
47.68160345592511,2105.9862418489615,58.61078407060741,80,90,72,0.5239736643508254,0.02263023958527734
849.4700035752941,8943.383250398962,9.926236581991851,22,99,216,8.49470003575294,0.0949724514026614
736.2672465674611,75661.41800835748,1.3421792905483434,443,92,90,7.9168521136286145,0.00973095052931212
601.9549700907645,36423.734381911374,9.825736702577924,8080,29,432,20.06516566969215,0.01652599477539902
923.3780571995084,28867.093062923956,3.1504211672747253,443,70,314,13.00532474928885,0.03198611197444929
1630.1093989493054,5249.018814076334,5.227025499869943,53,3,233,407.52734973732635,0.3104959156677041
875.5257588088358,9079.48251165599,19.251438638721304,53,93,233,9.314103817115274,0.09641841803945811
164.6777852627625,142566.1686519448,1.3960897195026887,443,57,63,2.839272159702802,0.001155089119184216
2273.957961024326,20388.702132182174,12.499446437753399,8080,66,376,33.93967106006456,0.11152482494755107
58.90596547961068,38678.51450956746,18.804578864985565,80,22,247,2.5611289338961165,0.0015229241169777393
50.62592587122062,18531.319152363456,10.95872888824741,53,27,442,1.8080687811150222,0.002731764192867584
3323.4900912345433,3734.509363629019,0.386232509870018,8080,22,387,144.49956918411058,0.8897019837759952
2346.148691821554,89385.6683576793,84.69884960450494,443,74,135,31.281982557620722,0.026247188030696908
1006.1706338091228,46856.66672013213,9.14935520715369,443,49,436,20.123412676182458,0.021472913703080895
135.20974546697192,699733.8000465159,30.15362447934767,443,83,370,1.609639826987761,0.00019322998578602017
379.2264761404144,4801.232479618075,7.880016265287214,53,24,446,15.169059045616574,0.07896878748581004
739.4301917733171,75648.99103122474,12.887778699652173,53,27,2,26.408221134761327,0.009774359278748828
100.09893502351248,3079.997458929832,9.835617390975141,443,36,161,2.705376622257094,0.03248913261300816
361.9322403549175,27889.898784252284,8.387403627272388,53,17,140,20.107346686384304,0.012976714847184169
2917.5383452588085,95297.59789394272,0.44187308895546945,443,56,304,51.184883250154535,0.03061470378090684
9329.699136538484,984.1687004018086,8.92639637122483,80,10,460,848.1544669580439,9.470153825160397
584.5532445884703,16197.32345328968,44.05298355014462,443,54,309,10.62824081069946,0.03608726830737256
3410.9036373894915,9463.384796377943,23.449052426555244,443,81,202,41.59638582182307,0.3603935924810303
62.11017934583957,7685.295083417877,3.1429700885583673,80,74,125,0.8281357246111942,0.008080639459163326
2948.8686333958362,39254.406263063494,17.888383583595015,443,74,425,39.31824844527782,0.07512006406543062
328.34910205322234,118305.85713864642,44.55527863776255,443,38,373,8.419207744954418,0.0027754021194935706
1738.9181136486413,18035.222441790724,24.081725612939632,53,81,347,21.206318459129772,0.09641254532431864
756.2495184922883,29978.317260336335,3.2194470473392696,80,90,82,8.310434269146025,0.025225708508473353
7947.566138502281,26146.30422269181,40.47370393435345,443,90,442,87.3358916318932,0.3039535575374927
295.4047729324049,22086.133773706904,7.177662268425035,443,98,324,2.983886595276817,0.013374518213135577
2811.320122077875,4298.348006942111,12.105515428199558,22,4,488,562.264024415575,0.6538945248299199
721.0718640435556,116153.38749280568,14.936983668597797,53,50,407,14.138664000854032,0.006207874533264764
864.8376340268533,34296.3101730699,38.01006127139963,53,91,469,9.400409065509274,0.025215902636758963
832.3218127956821,39827.87149500167,53.64984077079878,22,61,164,13.424545367672293,0.020897449050248245
308.428590489253,6569.779547236782,53.08626806036604,443,21,350,14.019481385875137,0.046939421460115316
1073.6845868249166,11060.875189639855,0.1597196907326001,80,36,240,29.018502346619368,0.09706171588615373
998.2738792980136,16912.338164297184,50.99235602638386,53,46,213,21.239869772298164,0.05902287706901625
1574.7634863869098,2205.7281493410633,1.1184369717202955,53,95,471,16.40378631653031,0.7136191591416187
1244.834313528286,1751.0108210692072,6.1787585689035165,443,71,149,17.289365465670638,0.7105174800054006
3630.014146716399,8945.251430482096,14.471626931198236,53,44,72,80.6669810381422,0.4057581183497751
4382.010533971003,48232.152871293474,13.075671437118777,53,64,103,67.41554667647696,0.09085059286221796
226.7991938192191,8269.207169018517,18.562701696419182,8080,98,183,2.29090094766888,0.027423641171752527
4036.6028999757705,4778.0710767578785,13.057241786430335,8080,18,184,212.45278420925106,0.8446417379325108
185.02581563856634,6489.699587743413,54.47617829098874,443,88,13,2.0789417487479365,0.028506297840059685
2648.5929937040755,11125.40338031732,5.50318550589188,443,13,380,189.1852138360054,0.23804574606646509
2778.3379746472838,12954.669169456689,6.404785571258795,80,13,232,198.452712474806,0.21444959255345022
62.36627487390578,567095.0346686435,50.69991293616529,80,25,150,2.398702879765607,0.00010997480331589102
1260.7585842708254,107144.20782356327,1.5968773466856254,53,5,263,210.12643071180423,0.01176682195947508
543.0795607719791,102453.17751098037,18.809661515017286,443,39,24,13.576989019299479,0.005300706852229382
351.3743267205513,127117.93370655089,22.897478026534085,443,29,189,11.712477557351711,0.002764138405469049
8318.84328619599,4923.4692642169875,14.085850129268916,443,57,133,143.42833252062053,1.6892872794726892
411.3651607600676,3520.833666128932,23.698564764347378,53,46,50,8.75245022893761,0.11680425589554456
327.15517719206264,4186.810737975871,3.7930789681779937,80,33,446,9.622211093884195,0.07812081243914791
1228.4916683982624,163041.36164243118,38.2964799731829,443,88,183,13.803277173014184,0.007534800502291988
3066.7836471388155,9693.514345392197,3.0170552331471248,443,10,26,278.7985133762559,0.3163421640194341
886.7181018095687,3371.003409454752,10.24361230423991,443,58,499,15.029120369653706,0.2629647702381623
6307.885639652008,11539.205609221917,1.564801363108625,8080,25,138,242.61098614046185,0.5466008018619096
2431.9860156999157,15399.521283446344,15.758437543185526,53,74,11,32.42648020933221,0.15791582446718866
41.79108421144353,32945.82782580419,22.157852810140703,443,39,296,1.0447771052860884,0.0012684403012150523
495.61506893940276,32094.06917255387,56.67962871165884,53,16,102,29.15382758467075,0.01544209380808029
472.1217281566797,6359.653375807391,26.89047617726896,443,60,11,7.739700461584913,0.07422535080317134
2250.8009961705598,61604.15439781885,15.578586258335141,53,28,112,77.61382745415723,0.03653592005688164
21.386810825020344,8443.98556420526,53.947255464287984,80,76,94,0.27775078993532915,0.0025324863686765828
50187.163362824984,17423.680268520722,13.018497918842595,53,44,260,1115.2702969516663,2.88023439107188
2432.1700009301853,61707.52143306433,16.474488675034383,443,58,258,41.223220354748904,0.039413843411697645
1371.0267708381657,8410.766531720465,18.131686222723296,80,32,461,41.54626578297472,0.1629891611551597
6453.3301225830755,9376.603391375373,10.55196759537278,80,63,167,100.83328316536056,0.6881641132870083
36882.08014776646,53503.48519208889,36.46285925807436,443,93,209,392.36255476347293,0.6893268856873292
4048.573868618823,6083.894028066563,4.0956612985867,53,45,407,88.01247540475701,0.6653482952940155
4551.534212671221,12367.309807765125,16.18652862606538,80,53,45,84.28767060502261,0.3679996930391942
1334.1304852161093,50696.5564454415,25.619471370498268,443,61,330,21.51823363251789,0.02631547906360817
886.8814937538041,479806.73296847893,46.86317817388449,53,50,205,17.389833210858903,0.0018484101710217078
537.1658186988642,54617.343463403755,43.069237123726154,443,27,426,19.184493524959436,0.009834897666912664
317.61247654339036,44755.053490311846,14.215646978614151,53,26,359,11.763425057162605,0.007096525537314022
391.30169090266907,48834.991582190545,20.609436873014936,80,3,42,97.82542272566727,0.008012567744101433
144.62816268998563,4403.76259141367,10.02535347455676,443,90,285,1.5893204691207212,0.032834496681367904
978.6683528189559,26196.86714601145,12.628919724604176,22,39,400,24.466708820473897,0.03735679501558032
87.61906700746373,21064.622794155548,47.34584164868266,443,65,451,1.327561621325208,0.004159339026604653
1460.267308876822,35681.114084902874,53.38735992543004,443,35,100,40.56298080213394,0.040924349532716224
1038.4703456615998,26232.701982678853,45.154922694597,53,53,444,19.230932327066665,0.039585352701927604
1367.039795119496,38931.13192649464,2.9786067003649688,443,91,388,14.859128207820607,0.03511340703613456
501.09847816378175,13805.180615957777,37.9536056805675,53,46,356,10.661669748165568,0.03629522835479862
110778.78405034926,24050.55557401394,59.27061932447014,22,68,272,1605.4896239181053,4.605888534296641
8435.243397886179,3492.095102265926,8.96483318603366,80,83,425,100.41956426054975,2.414833593398114
169.55650767451567,13631.506993001594,14.623058281940878,53,22,6,7.372022072805029,0.012437661521945998
1555.1108856028914,177415.60716896146,30.200473843184664,80,60,42,25.493621075457234,0.008765306193246569
440.53539128758496,35532.83613297155,16.51429561577605,443,6,384,62.933627326797854,0.012397631081514891
239.43462376904176,21345.97430906863,100.66842375933007,53,52,441,4.517634410736637,0.01121632603770573
146.92053954450844,378580.8420466398,12.165585372104404,53,73,412,1.9854126965474115,0.00038808131618316865
2097.1300290131057,2860.488039816245,25.031263555160642,53,75,356,27.593816171225075,0.7328809346160245
394.6225140745418,4170.6061620501,31.46126531327878,22,86,407,4.535890966374044,0.09459726032253438
4683.209928863707,287525.5822253811,13.628341590079884,443,73,253,63.28662066032037,0.016287919859850446
4869.143470183195,23598.57019152321,38.895948167211316,443,29,76,162.30478233943984,0.2063233961749081
8611.653109881641,15307.917322017085,15.799972963883715,443,43,42,195.7193888609464,0.5625252869774451
305.3381499688798,3645.2984207610943,10.608692487436027,443,74,351,4.071175332918397,0.083739210216685
2237.3522535548545,43111.47144922267,2.2818298176679144,443,34,268,63.92435010156727,0.051895708558252804
2831.8382128858307,49845.81421647017,9.998161300743465,53,31,380,88.49494415268221,0.0568108164463226
538.4705129499396,4265.260167910191,26.480402135008973,443,86,480,6.189316240803903,0.1262160514729478
344.58543744859963,17846.927109758813,50.83878957487318,53,46,217,7.331605052097864,0.019306748359600185
12262.253462344897,13316.061962894206,5.798475767349819,53,4,64,2452.4506924689795,0.9207927016117851
1542.6296646346816,32336.946811448244,8.77740344030845,80,2,442,514.2098882115605,0.04770338926058724
2846.802250801932,4109.77941884412,3.343796283584624,443,5,179,474.467041800322,0.6925212862923216
319.54112499325606,144050.78381521214,23.470352430459847,443,46,29,6.798747340282044,0.002218237890085134
176.1037482781224,87006.28813132655,64.47195411339086,443,79,275,2.20129685347653,0.002024011459963169
466.76472892071143,12774.888178728212,20.485996140098873,53,19,470,23.338236446035573,0.036534816397177955
910.4763452872337,15920.644345492841,19.198402540325,443,38,216,23.345547315057274,0.05718481869901677
222.2204683553908,17950.38378707815,16.125866536983615,53,59,353,3.7036744725898467,0.012379016068686058
1080.557928322008,6853.653662804321,1.8523025894250955,53,79,484,13.5069741040251,0.15763858853810253
87.11614409075743,11325.99576377888,26.149946531209448,443,72,301,1.1933718368596908,0.007691019393627282
204.3693439273182,14685.18510346765,18.428555254518255,53,20,488,9.731873520348486,0.013915754328812268
2999.9979142959246,247533.83434221934,21.663251186269616,80,76,54,38.96101187397305,0.012119497937605007
2712.6621650633165,91119.53204301442,45.81532286064787,80,68,366,39.31394442120749,0.029770043087355716
609.2232907086934,89498.94003468465,30.645906927808774,80,53,80,11.28191279090173,0.006806968702689589
238.2578609145043,38364.522546510765,30.36593295116731,443,55,194,4.254604659187577,0.0062102076317522535
234.8377083285639,4121.6526337169325,52.39632787352485,80,39,200,5.8709427082140975,0.05696276868149261
626.4679595744016,20697.399495687787,91.9737279509455,8080,36,13,16.931566474983825,0.030266492812882326
2883.550820441195,94441.1992275695,17.41118729550259,443,58,222,48.87374271934229,0.03053244041355859
4413.258290505754,3336.2511851374115,2.3055598786013136,443,15,193,275.82864315660964,1.3224231697513167
520.7147550809397,57229.787957905995,12.291523084968343,80,1,396,260.3573775404698,0.009098507528219465
194.36957275438252,717776.729443703,30.985787745652267,443,95,369,2.024683049524818,0.0002707935406480557
1638.8752408817568,108306.98947384828,0.5623385349701794,443,9,327,163.88752408817567,0.015131619087781835
318.84259361500835,183697.14020633505,1.1713927599237843,443,23,240,13.285108067292015,0.0017356876518013474
504.0225664181476,30561.860622256885,1.3903841077301158,443,52,270,9.509859743738634,0.01649134132591966
8005.74057860407,94079.73281459349,26.263536776097354,443,26,298,296.5089103186693,0.085094368837253
3792.092068882105,7504.2152762106625,13.909663279445493,443,60,99,62.16544375216566,0.5052609324747723
1389.8644013453495,72678.12458960256,9.20575383667563,53,18,220,73.15075796554471,0.019123295845863596
162.7347375718616,58781.48486728458,2.23242469048473,80,97,332,1.6605585466516488,0.0027684222254175527
1505.8229693321157,34025.54214290965,26.353303130407582,53,78,104,19.061050244710326,0.04425436363788421
5399.0912760658,158579.46919419852,7.743266558362848,443,58,432,91.5100216282339,0.03404638227835007
624.2491086913761,9816.527691306852,6.16651577304065,443,65,377,9.458319828657213,0.06358516403718742
8322.110229258273,16637.48773128141,21.129409319571685,443,77,408,106.69372088792657,0.5001722730853826
7624.4688061165625,25417.4966928817,16.37470207212833,443,79,65,95.30586007645704,0.29995750331890203
13301.063164762303,4701.2492176243995,9.00121684135572,80,69,145,190.0151880680329,2.8286597645460545
1733.4426648670214,30958.346408539303,20.51583341229549,8080,14,38,115.5628443244681,0.05599093217255058
2646.749466641629,1671.713421900221,6.327709239812758,443,78,28,33.50315780559024,1.5823089789253275
9147.911972457587,105919.19823857358,31.6783530053227,8080,46,289,194.6364249459061,0.08636607676897397
2145.4206204827615,23622.526532621898,5.209613498730546,443,69,408,30.648866006896593,0.09081711900719543
517.0547861904578,10083.549818304788,3.4594129519218946,80,75,367,6.803352449874445,0.05127197500199118
559.5795763251969,6300.848472949762,30.505557804642073,443,32,237,16.9569568583393,0.08879610144978137
1568.4331880753632,15492.812033478598,24.61263574347329,80,51,126,30.162176693756983,0.10122965121084058
158.24712083461492,61845.18753593982,4.033487830419629,22,69,384,2.2606731547802132,0.002558720709221647
884.5788242735944,50091.5929752214,2.471525115486932,53,15,326,55.28617651709965,0.017658874730464773
5680.648497796819,7644.128219407438,36.45250984716804,53,53,85,105.1971944036448,0.7430416253028019
40.981437621701545,6191.548469749344,29.975691965279502,443,71,237,0.5691866336347436,0.006617863036825024
10956.883333622978,59003.264949239965,7.927848999396138,443,69,246,156.52690476604255,0.18569646351918692
5905.03896972304,7453.797351141842,21.4704385114309,8080,94,388,62.15830494445306,0.792112607704698
550.239190911373,24097.530880029426,2.6514413224574045,80,15,417,34.389949431960815,0.02283289357557307
2477.7006251806106,26519.403823486264,14.146855622174835,53,30,375,79.92582661872937,0.09342620277095397
1101.8232540879305,35175.08145158874,0.3781585112559471,443,78,266,13.947129798581399,0.03132308115684575
6939.503801890287,79810.12421660036,9.938516203776375,8080,24,249,277.58015207561147,0.0869490797179737
4788.750086868177,3312.821740214194,1.5558326634265642,53,88,292,53.80618075132784,1.4450837921531194
134.2755343395586,1252.956217453086,12.892747976999368,8080,35,205,3.7298759538766273,0.1070815172576647
2646.236233574311,9403.423256237069,10.952615558881142,443,69,228,37.8033747653473,0.28138208601142145
805.5765397637576,328500.1625554652,11.753594371391653,80,12,240,61.96742613567366,0.00245227911370859
1241.71510953753,457376.028093053,0.9278182365790235,443,84,73,14.608413053382705,0.0027148611173469428
367.8746107853803,343439.3132753683,8.976316608402623,53,46,159,7.8271193784123465,0.0010711456883933737
15096.309722266984,16490.305608791627,28.25144021054692,53,69,388,215.66156746095692,0.91541022162727
5219.165122432416,1520.549979512472,9.206274514646019,80,36,378,141.05851682249772,3.4301634469507976
361.5293594898471,655.5282161580344,25.117392465751326,443,85,212,4.20382976150985,0.5506684261119746
148.1290850098434,8768.690493930855,9.22416757837,80,48,136,3.023042551221294,0.016891027695031827
614.9193085159793,16364.826005637671,11.00656150373521,53,67,283,9.042931007587931,0.037573374439160784
2104.333290062859,154962.4489301851,16.59731237207845,80,93,164,22.38652436237084,0.01357954604515103
1572.3219674534516,80959.814180204,60.18929743347367,443,54,137,28.587672135517302,0.01942077761166964
7184.629541173706,30980.32543163263,2.305084764779273,80,89,171,79.82921712415228,0.23190194225318833
3586.3117413243367,5797.79437239697,0.669352268420607,443,91,152,38.98164936222105,0.6184581675107598
4695.470213648801,5212.582340040068,18.727684403638264,22,36,165,126.90460036888652,0.9006226251742129
1790.558928969585,32247.362328230476,59.55670330170305,80,52,297,33.784130735275184,0.05552402663877648
136.46278016832497,62666.13494950088,91.5571957722793,80,22,104,5.933164355144564,0.00217758128368707
817.6645797299216,39649.03518074727,13.239337461416664,80,38,222,20.965758454613372,0.020622039198768535
5378.337603973967,4666.212811821252,12.625304490066188,443,99,282,53.78337603973967,1.152366052465308
1015.07279408341,58454.353301135394,20.710708809500336,443,62,388,16.11226657275254,0.017364924455322624
2332.359168401172,41725.44654843333,16.222168716153575,443,65,372,35.33877527880564,0.05589642448210687
679.8536314482609,4420.465961701401,20.107251382047636,443,3,129,169.96340786206522,0.1537620412182592
233.9909003450458,6792.121011142874,41.42937625635981,80,88,404,2.629111239831975,0.03444527190980795
911.4018456789674,61867.10908768419,27.432542614319683,53,8,220,101.2668717421075,0.014731367405899854
1743.3627892178372,15494.473598225844,13.738427689676083,53,39,173,43.58406973044593,0.11250787387469355
410.1276369180611,238881.03666540643,12.392896312134173,8080,18,472,21.585665100950585,0.0017168626098600804
770.0328164570749,46709.08265266734,20.410912096998906,22,3,348,192.50820411426872,0.01648536617207426
267.95127037544216,10615.31679431544,12.165325189692396,443,18,476,14.102698440812745,0.025239569953198645
5877.385953696341,21691.843632754473,12.241645187994198,443,80,453,72.5603204160042,0.27093663021762415
705.0835903231746,24223.417001210408,0.32880612122151015,53,96,96,7.268902993022419,0.02910631823618063
9692.748597825585,7386.538715523606,3.824763133376066,80,1,52,4846.374298912792,1.3120403115394832
10863.043206338923,5603.337619879417,13.408687212087624,443,26,94,402.3349335681083,1.938327763803183
971.1015569824606,63075.31961476456,34.59299204085513,80,52,64,18.32267088646152,0.015395659780301298
241.61049415249076,78269.23912257697,6.534751638271113,443,12,21,18.585422627114674,0.0030868756357587063
47.99770433451938,54484.536384664294,14.789830954124989,443,38,106,1.230710367551779,0.0008809256092416665
120.5355090531499,213838.67220161567,8.461243183168788,80,85,336,1.4015756866645337,0.000563672342985565
139.6651486935006,9772.622629182495,2.214251571691982,80,41,200,3.325360683178586,0.014290008320608012
8670.696848194157,271415.5035500349,63.54435547303959,53,53,332,160.56846015174364,0.031946092941233906
1304.7110542072335,5702.262598520105,38.57549782944175,80,13,352,93.1936467290881,0.2287657339407417
1967.2792703853559,4822.133070742146,1.6348856206908673,8080,76,281,25.54908143357605,0.40788409557247535
39.22712558103543,1571.9335117592318,25.44412374796518,80,13,451,2.801937541502531,0.024938832625647504
181.82603097494703,11285.872815743189,8.541332121388375,443,18,282,9.569791103944581,0.016109513586556226
4148.987736970523,10346.633651817698,105.37442202557295,443,19,100,207.44938684852613,0.40096005295294723
1686.0792944649597,48479.96604649988,7.202145691696541,80,19,337,84.30396472324799,0.03477817032044656
879.35798786634,31755.982521047412,5.455565631352135,443,70,27,12.385323772765352,0.027690224890967913
2558.722879759762,3679.528667481202,16.781527248483982,443,48,245,52.218834280811464,0.695205257431358
12755.230594982137,12220.99486624339,36.05149447759623,53,71,436,177.155980485863,1.0436291893896568
787.1637573247945,12617.083000459714,4.2767118966619275,53,71,63,10.932829962844368,0.062383783439696486
1216.8912184484943,1534.6024397298834,24.71634117856606,80,28,342,41.961766153396354,0.7924519960143778
1463.9526895192826,5057.258967509213,1.2674577886820415,80,92,374,15.741426769024544,0.289418295686858
39662.61966271796,6931.139814657246,50.25001616105507,443,19,429,1983.130983135898,5.72155506426107
47.03846180685225,189176.84222703328,1.6910135830407964,80,80,442,0.5807217507018796,0.0002486467825888465
3055.9155696829553,29353.764340132413,49.12204062053252,443,81,38,37.26726304491409,0.10410288204920301
923.1545160789886,59471.5384029775,13.498572986916768,8080,86,419,10.610971449183777,0.015522366135170225
2566.1386809097744,2326.328968966597,11.88744611483488,443,83,302,30.549270010830647,1.1026110683653012
409.09244974975815,132100.95561625282,72.46713797122399,53,48,127,8.348825505097105,0.003096793290011117
1018.9749537867153,155073.28560802594,92.88690761584263,443,29,71,33.96583179289051,0.0065708827855724
3187.894253524436,1099.3589863908712,21.00662370730708,53,48,387,65.05906639845787,2.8971401996548307
116934.04087027397,7646.665229942058,2.7191275672759367,80,19,134,5846.702043513698,15.290162076192226
3685.104948377016,46334.78989453345,14.111282480516728,53,99,253,36.85104948377016,0.0795304225257585
307.3237041363928,57906.37032001868,15.064870629336276,53,47,13,6.4025771695081835,0.005307160426004536
